url,folder,filename,mode,note,source_page
https://pastpapers.co/caie/a-level/business-9609/2020-march/9609_m20_er.pdf,,9609_m20_er.pdf,auto,9609_m20_er.pdf,https://pastpapers.co/caie/a-level/business-9609/2020-march
https://pastpapers.co/api/file/caie/a-level/business-9609/2020-march/9609_m20_er.pdf?download=1,,9609_m20_er.pdf,auto,,https://pastpapers.co/caie/a-level/business-9609/2020-march
https://pastpapers.co/caie/a-level/business-9609/2020-march/9701_m20_ci_33.pdf,,9701_m20_ci_33.pdf,auto,9701_m20_ci_33.pdf,https://pastpapers.co/caie/a-level/business-9609/2020-march
https://pastpapers.co/api/file/caie/a-level/business-9609/2020-march/9701_m20_ci_33.pdf?download=1,,9701_m20_ci_33.pdf,auto,,https://pastpapers.co/caie/a-level/business-9609/2020-march
https://pastpapers.co/caie/a-level/business-9609/2020-march/9701_m20_er.pdf,,9701_m20_er.pdf,auto,9701_m20_er.pdf,https://pastpapers.co/caie/a-level/business-9609/2020-march
https://pastpapers.co/api/file/caie/a-level/business-9609/2020-march/9701_m20_er.pdf?download=1,,9701_m20_er.pdf,auto,,https://pastpapers.co/caie/a-level/business-9609/2020-march
https://pastpapers.co/caie/a-level/business-9609/2020-march/9701_m20_gt.pdf,,9701_m20_gt.pdf,auto,9701_m20_gt.pdf,https://pastpapers.co/caie/a-level/business-9609/2020-march
https://pastpapers.co/api/file/caie/a-level/business-9609/2020-march/9701_m20_gt.pdf?download=1,,9701_m20_gt.pdf,auto,,https://pastpapers.co/caie/a-level/business-9609/2020-march
https://pastpapers.co/caie/a-level/business-9609/2020-march/9701_m20_ms_12.pdf,,9701_m20_ms_12.pdf,auto,9701_m20_ms_12.pdf,https://pastpapers.co/caie/a-level/business-9609/2020-march
https://pastpapers.co/api/file/caie/a-level/business-9609/2020-march/9701_m20_ms_12.pdf?download=1,,9701_m20_ms_12.pdf,auto,,https://pastpapers.co/caie/a-level/business-9609/2020-march
https://pastpapers.co/caie/a-level/business-9609/2020-march/9701_m20_ms_22.pdf,,9701_m20_ms_22.pdf,auto,9701_m20_ms_22.pdf,https://pastpapers.co/caie/a-level/business-9609/2020-march
https://pastpapers.co/api/file/caie/a-level/business-9609/2020-march/9701_m20_ms_22.pdf?download=1,,9701_m20_ms_22.pdf,auto,,https://pastpapers.co/caie/a-level/business-9609/2020-march
https://pastpapers.co/caie/a-level/business-9609/2020-march/9701_m20_ms_33.pdf,,9701_m20_ms_33.pdf,auto,9701_m20_ms_33.pdf,https://pastpapers.co/caie/a-level/business-9609/2020-march
https://pastpapers.co/api/file/caie/a-level/business-9609/2020-march/9701_m20_ms_33.pdf?download=1,,9701_m20_ms_33.pdf,auto,,https://pastpapers.co/caie/a-level/business-9609/2020-march
https://pastpapers.co/caie/a-level/business-9609/2020-march/9701_m20_ms_42.pdf,,9701_m20_ms_42.pdf,auto,9701_m20_ms_42.pdf,https://pastpapers.co/caie/a-level/business-9609/2020-march
https://pastpapers.co/api/file/caie/a-level/business-9609/2020-march/9701_m20_ms_42.pdf?download=1,,9701_m20_ms_42.pdf,auto,,https://pastpapers.co/caie/a-level/business-9609/2020-march
https://pastpapers.co/caie/a-level/business-9609/2020-march/9701_m20_ms_52.pdf,,9701_m20_ms_52.pdf,auto,9701_m20_ms_52.pdf,https://pastpapers.co/caie/a-level/business-9609/2020-march
https://pastpapers.co/api/file/caie/a-level/business-9609/2020-march/9701_m20_ms_52.pdf?download=1,,9701_m20_ms_52.pdf,auto,,https://pastpapers.co/caie/a-level/business-9609/2020-march
https://pastpapers.co/caie/a-level/business-9609/2020-march/9701_m20_qp_12.pdf,,9701_m20_qp_12.pdf,auto,9701_m20_qp_12.pdf,https://pastpapers.co/caie/a-level/business-9609/2020-march
https://pastpapers.co/api/file/caie/a-level/business-9609/2020-march/9701_m20_qp_12.pdf?download=1,,9701_m20_qp_12.pdf,auto,,https://pastpapers.co/caie/a-level/business-9609/2020-march
https://pastpapers.co/caie/a-level/business-9609/2020-march/9701_m20_qp_22.pdf,,9701_m20_qp_22.pdf,auto,9701_m20_qp_22.pdf,https://pastpapers.co/caie/a-level/business-9609/2020-march
https://pastpapers.co/api/file/caie/a-level/business-9609/2020-march/9701_m20_qp_22.pdf?download=1,,9701_m20_qp_22.pdf,auto,,https://pastpapers.co/caie/a-level/business-9609/2020-march
https://pastpapers.co/caie/a-level/business-9609/2020-march/9701_m20_qp_33.pdf,,9701_m20_qp_33.pdf,auto,9701_m20_qp_33.pdf,https://pastpapers.co/caie/a-level/business-9609/2020-march
https://pastpapers.co/api/file/caie/a-level/business-9609/2020-march/9701_m20_qp_33.pdf?download=1,,9701_m20_qp_33.pdf,auto,,https://pastpapers.co/caie/a-level/business-9609/2020-march
https://pastpapers.co/caie/a-level/business-9609/2020-march/9701_m20_qp_42.pdf,,9701_m20_qp_42.pdf,auto,9701_m20_qp_42.pdf,https://pastpapers.co/caie/a-level/business-9609/2020-march
https://pastpapers.co/api/file/caie/a-level/business-9609/2020-march/9701_m20_qp_42.pdf?download=1,,9701_m20_qp_42.pdf,auto,,https://pastpapers.co/caie/a-level/business-9609/2020-march
https://pastpapers.co/caie/a-level/business-9609/2020-march/9701_m20_qp_52.pdf,,9701_m20_qp_52.pdf,auto,9701_m20_qp_52.pdf,https://pastpapers.co/caie/a-level/business-9609/2020-march
https://pastpapers.co/api/file/caie/a-level/business-9609/2020-march/9701_m20_qp_52.pdf?download=1,,9701_m20_qp_52.pdf,auto,,https://pastpapers.co/caie/a-level/business-9609/2020-march
https://pastpapers.co/caie/a-level/business-9609/2020-may-june/9609_s20_in_31.pdf,,9609_s20_in_31.pdf,auto,9609_s20_in_31.pdf,https://pastpapers.co/caie/a-level/business-9609/2020-may-june
https://pastpapers.co/api/file/caie/a-level/business-9609/2020-may-june/9609_s20_in_31.pdf?download=1,,9609_s20_in_31.pdf,auto,,https://pastpapers.co/caie/a-level/business-9609/2020-may-june
https://pastpapers.co/caie/a-level/business-9609/2020-may-june/9609_s20_in_32.pdf,,9609_s20_in_32.pdf,auto,9609_s20_in_32.pdf,https://pastpapers.co/caie/a-level/business-9609/2020-may-june
https://pastpapers.co/api/file/caie/a-level/business-9609/2020-may-june/9609_s20_in_32.pdf?download=1,,9609_s20_in_32.pdf,auto,,https://pastpapers.co/caie/a-level/business-9609/2020-may-june
https://pastpapers.co/caie/a-level/business-9609/2020-may-june/9609_s20_in_33.pdf,,9609_s20_in_33.pdf,auto,9609_s20_in_33.pdf,https://pastpapers.co/caie/a-level/business-9609/2020-may-june
https://pastpapers.co/api/file/caie/a-level/business-9609/2020-may-june/9609_s20_in_33.pdf?download=1,,9609_s20_in_33.pdf,auto,,https://pastpapers.co/caie/a-level/business-9609/2020-may-june
https://pastpapers.co/caie/a-level/business-9609/2020-may-june/9609_s20_ms_11.pdf,,9609_s20_ms_11.pdf,auto,9609_s20_ms_11.pdf,https://pastpapers.co/caie/a-level/business-9609/2020-may-june
https://pastpapers.co/api/file/caie/a-level/business-9609/2020-may-june/9609_s20_ms_11.pdf?download=1,,9609_s20_ms_11.pdf,auto,,https://pastpapers.co/caie/a-level/business-9609/2020-may-june
https://pastpapers.co/caie/a-level/business-9609/2020-may-june/9609_s20_ms_12.pdf,,9609_s20_ms_12.pdf,auto,9609_s20_ms_12.pdf,https://pastpapers.co/caie/a-level/business-9609/2020-may-june
https://pastpapers.co/api/file/caie/a-level/business-9609/2020-may-june/9609_s20_ms_12.pdf?download=1,,9609_s20_ms_12.pdf,auto,,https://pastpapers.co/caie/a-level/business-9609/2020-may-june
https://pastpapers.co/caie/a-level/business-9609/2020-may-june/9609_s20_ms_13.pdf,,9609_s20_ms_13.pdf,auto,9609_s20_ms_13.pdf,https://pastpapers.co/caie/a-level/business-9609/2020-may-june
https://pastpapers.co/api/file/caie/a-level/business-9609/2020-may-june/9609_s20_ms_13.pdf?download=1,,9609_s20_ms_13.pdf,auto,,https://pastpapers.co/caie/a-level/business-9609/2020-may-june
https://pastpapers.co/caie/a-level/business-9609/2020-may-june/9609_s20_ms_21.pdf,,9609_s20_ms_21.pdf,auto,9609_s20_ms_21.pdf,https://pastpapers.co/caie/a-level/business-9609/2020-may-june
https://pastpapers.co/api/file/caie/a-level/business-9609/2020-may-june/9609_s20_ms_21.pdf?download=1,,9609_s20_ms_21.pdf,auto,,https://pastpapers.co/caie/a-level/business-9609/2020-may-june
https://pastpapers.co/caie/a-level/business-9609/2020-may-june/9609_s20_ms_22.pdf,,9609_s20_ms_22.pdf,auto,9609_s20_ms_22.pdf,https://pastpapers.co/caie/a-level/business-9609/2020-may-june
https://pastpapers.co/api/file/caie/a-level/business-9609/2020-may-june/9609_s20_ms_22.pdf?download=1,,9609_s20_ms_22.pdf,auto,,https://pastpapers.co/caie/a-level/business-9609/2020-may-june
https://pastpapers.co/caie/a-level/business-9609/2020-may-june/9609_s20_ms_23.pdf,,9609_s20_ms_23.pdf,auto,9609_s20_ms_23.pdf,https://pastpapers.co/caie/a-level/business-9609/2020-may-june
https://pastpapers.co/api/file/caie/a-level/business-9609/2020-may-june/9609_s20_ms_23.pdf?download=1,,9609_s20_ms_23.pdf,auto,,https://pastpapers.co/caie/a-level/business-9609/2020-may-june
https://pastpapers.co/caie/a-level/business-9609/2020-may-june/9609_s20_ms_31.pdf,,9609_s20_ms_31.pdf,auto,9609_s20_ms_31.pdf,https://pastpapers.co/caie/a-level/business-9609/2020-may-june
https://pastpapers.co/api/file/caie/a-level/business-9609/2020-may-june/9609_s20_ms_31.pdf?download=1,,9609_s20_ms_31.pdf,auto,,https://pastpapers.co/caie/a-level/business-9609/2020-may-june
https://pastpapers.co/caie/a-level/business-9609/2020-may-june/9609_s20_ms_32.pdf,,9609_s20_ms_32.pdf,auto,9609_s20_ms_32.pdf,https://pastpapers.co/caie/a-level/business-9609/2020-may-june
https://pastpapers.co/api/file/caie/a-level/business-9609/2020-may-june/9609_s20_ms_32.pdf?download=1,,9609_s20_ms_32.pdf,auto,,https://pastpapers.co/caie/a-level/business-9609/2020-may-june
https://pastpapers.co/caie/a-level/business-9609/2020-may-june/9609_s20_ms_33.pdf,,9609_s20_ms_33.pdf,auto,9609_s20_ms_33.pdf,https://pastpapers.co/caie/a-level/business-9609/2020-may-june
https://pastpapers.co/api/file/caie/a-level/business-9609/2020-may-june/9609_s20_ms_33.pdf?download=1,,9609_s20_ms_33.pdf,auto,,https://pastpapers.co/caie/a-level/business-9609/2020-may-june
https://pastpapers.co/caie/a-level/business-9609/2020-may-june/9609_s20_qp_11.pdf,,9609_s20_qp_11.pdf,auto,9609_s20_qp_11.pdf,https://pastpapers.co/caie/a-level/business-9609/2020-may-june
https://pastpapers.co/api/file/caie/a-level/business-9609/2020-may-june/9609_s20_qp_11.pdf?download=1,,9609_s20_qp_11.pdf,auto,,https://pastpapers.co/caie/a-level/business-9609/2020-may-june
https://pastpapers.co/caie/a-level/business-9609/2020-may-june/9609_s20_qp_12.pdf,,9609_s20_qp_12.pdf,auto,9609_s20_qp_12.pdf,https://pastpapers.co/caie/a-level/business-9609/2020-may-june
https://pastpapers.co/api/file/caie/a-level/business-9609/2020-may-june/9609_s20_qp_12.pdf?download=1,,9609_s20_qp_12.pdf,auto,,https://pastpapers.co/caie/a-level/business-9609/2020-may-june
https://pastpapers.co/caie/a-level/business-9609/2020-may-june/9609_s20_qp_13.pdf,,9609_s20_qp_13.pdf,auto,9609_s20_qp_13.pdf,https://pastpapers.co/caie/a-level/business-9609/2020-may-june
https://pastpapers.co/api/file/caie/a-level/business-9609/2020-may-june/9609_s20_qp_13.pdf?download=1,,9609_s20_qp_13.pdf,auto,,https://pastpapers.co/caie/a-level/business-9609/2020-may-june
https://pastpapers.co/caie/a-level/business-9609/2020-may-june/9609_s20_qp_21.pdf,,9609_s20_qp_21.pdf,auto,9609_s20_qp_21.pdf,https://pastpapers.co/caie/a-level/business-9609/2020-may-june
https://pastpapers.co/api/file/caie/a-level/business-9609/2020-may-june/9609_s20_qp_21.pdf?download=1,,9609_s20_qp_21.pdf,auto,,https://pastpapers.co/caie/a-level/business-9609/2020-may-june
https://pastpapers.co/caie/a-level/business-9609/2020-may-june/9609_s20_qp_22.pdf,,9609_s20_qp_22.pdf,auto,9609_s20_qp_22.pdf,https://pastpapers.co/caie/a-level/business-9609/2020-may-june
https://pastpapers.co/api/file/caie/a-level/business-9609/2020-may-june/9609_s20_qp_22.pdf?download=1,,9609_s20_qp_22.pdf,auto,,https://pastpapers.co/caie/a-level/business-9609/2020-may-june
https://pastpapers.co/caie/a-level/business-9609/2020-may-june/9609_s20_qp_23.pdf,,9609_s20_qp_23.pdf,auto,9609_s20_qp_23.pdf,https://pastpapers.co/caie/a-level/business-9609/2020-may-june
https://pastpapers.co/api/file/caie/a-level/business-9609/2020-may-june/9609_s20_qp_23.pdf?download=1,,9609_s20_qp_23.pdf,auto,,https://pastpapers.co/caie/a-level/business-9609/2020-may-june
https://pastpapers.co/caie/a-level/business-9609/2020-may-june/9609_s20_qp_31.pdf,,9609_s20_qp_31.pdf,auto,9609_s20_qp_31.pdf,https://pastpapers.co/caie/a-level/business-9609/2020-may-june
https://pastpapers.co/api/file/caie/a-level/business-9609/2020-may-june/9609_s20_qp_31.pdf?download=1,,9609_s20_qp_31.pdf,auto,,https://pastpapers.co/caie/a-level/business-9609/2020-may-june
https://pastpapers.co/caie/a-level/business-9609/2020-may-june/9609_s20_qp_32.pdf,,9609_s20_qp_32.pdf,auto,9609_s20_qp_32.pdf,https://pastpapers.co/caie/a-level/business-9609/2020-may-june
https://pastpapers.co/api/file/caie/a-level/business-9609/2020-may-june/9609_s20_qp_32.pdf?download=1,,9609_s20_qp_32.pdf,auto,,https://pastpapers.co/caie/a-level/business-9609/2020-may-june
https://pastpapers.co/caie/a-level/business-9609/2020-may-june/9609_s20_qp_33.pdf,,9609_s20_qp_33.pdf,auto,9609_s20_qp_33.pdf,https://pastpapers.co/caie/a-level/business-9609/2020-may-june
https://pastpapers.co/api/file/caie/a-level/business-9609/2020-may-june/9609_s20_qp_33.pdf?download=1,,9609_s20_qp_33.pdf,auto,,https://pastpapers.co/caie/a-level/business-9609/2020-may-june
https://pastpapers.co/caie/a-level/business-9609/2020-oct-nov/9609_w20_er.pdf,,9609_w20_er.pdf,auto,9609_w20_er.pdf,https://pastpapers.co/caie/a-level/business-9609/2020-oct-nov
https://pastpapers.co/api/file/caie/a-level/business-9609/2020-oct-nov/9609_w20_er.pdf?download=1,,9609_w20_er.pdf,auto,,https://pastpapers.co/caie/a-level/business-9609/2020-oct-nov
https://pastpapers.co/caie/a-level/business-9609/2020-oct-nov/9609_w20_gt.pdf,,9609_w20_gt.pdf,auto,9609_w20_gt.pdf,https://pastpapers.co/caie/a-level/business-9609/2020-oct-nov
https://pastpapers.co/api/file/caie/a-level/business-9609/2020-oct-nov/9609_w20_gt.pdf?download=1,,9609_w20_gt.pdf,auto,,https://pastpapers.co/caie/a-level/business-9609/2020-oct-nov
https://pastpapers.co/caie/a-level/business-9609/2020-oct-nov/9609_w20_in_31.pdf,,9609_w20_in_31.pdf,auto,9609_w20_in_31.pdf,https://pastpapers.co/caie/a-level/business-9609/2020-oct-nov
https://pastpapers.co/api/file/caie/a-level/business-9609/2020-oct-nov/9609_w20_in_31.pdf?download=1,,9609_w20_in_31.pdf,auto,,https://pastpapers.co/caie/a-level/business-9609/2020-oct-nov
https://pastpapers.co/caie/a-level/business-9609/2020-oct-nov/9609_w20_in_32.pdf,,9609_w20_in_32.pdf,auto,9609_w20_in_32.pdf,https://pastpapers.co/caie/a-level/business-9609/2020-oct-nov
https://pastpapers.co/api/file/caie/a-level/business-9609/2020-oct-nov/9609_w20_in_32.pdf?download=1,,9609_w20_in_32.pdf,auto,,https://pastpapers.co/caie/a-level/business-9609/2020-oct-nov
https://pastpapers.co/caie/a-level/business-9609/2020-oct-nov/9609_w20_in_33.pdf,,9609_w20_in_33.pdf,auto,9609_w20_in_33.pdf,https://pastpapers.co/caie/a-level/business-9609/2020-oct-nov
https://pastpapers.co/api/file/caie/a-level/business-9609/2020-oct-nov/9609_w20_in_33.pdf?download=1,,9609_w20_in_33.pdf,auto,,https://pastpapers.co/caie/a-level/business-9609/2020-oct-nov
https://pastpapers.co/caie/a-level/business-9609/2020-oct-nov/9609_w20_ms_11.pdf,,9609_w20_ms_11.pdf,auto,9609_w20_ms_11.pdf,https://pastpapers.co/caie/a-level/business-9609/2020-oct-nov
https://pastpapers.co/api/file/caie/a-level/business-9609/2020-oct-nov/9609_w20_ms_11.pdf?download=1,,9609_w20_ms_11.pdf,auto,,https://pastpapers.co/caie/a-level/business-9609/2020-oct-nov
https://pastpapers.co/caie/a-level/business-9609/2020-oct-nov/9609_w20_ms_12.pdf,,9609_w20_ms_12.pdf,auto,9609_w20_ms_12.pdf,https://pastpapers.co/caie/a-level/business-9609/2020-oct-nov
https://pastpapers.co/api/file/caie/a-level/business-9609/2020-oct-nov/9609_w20_ms_12.pdf?download=1,,9609_w20_ms_12.pdf,auto,,https://pastpapers.co/caie/a-level/business-9609/2020-oct-nov
https://pastpapers.co/caie/a-level/business-9609/2020-oct-nov/9609_w20_ms_13.pdf,,9609_w20_ms_13.pdf,auto,9609_w20_ms_13.pdf,https://pastpapers.co/caie/a-level/business-9609/2020-oct-nov
https://pastpapers.co/api/file/caie/a-level/business-9609/2020-oct-nov/9609_w20_ms_13.pdf?download=1,,9609_w20_ms_13.pdf,auto,,https://pastpapers.co/caie/a-level/business-9609/2020-oct-nov
https://pastpapers.co/caie/a-level/business-9609/2020-oct-nov/9609_w20_ms_21.pdf,,9609_w20_ms_21.pdf,auto,9609_w20_ms_21.pdf,https://pastpapers.co/caie/a-level/business-9609/2020-oct-nov
https://pastpapers.co/api/file/caie/a-level/business-9609/2020-oct-nov/9609_w20_ms_21.pdf?download=1,,9609_w20_ms_21.pdf,auto,,https://pastpapers.co/caie/a-level/business-9609/2020-oct-nov
https://pastpapers.co/caie/a-level/business-9609/2020-oct-nov/9609_w20_ms_22.pdf,,9609_w20_ms_22.pdf,auto,9609_w20_ms_22.pdf,https://pastpapers.co/caie/a-level/business-9609/2020-oct-nov
https://pastpapers.co/api/file/caie/a-level/business-9609/2020-oct-nov/9609_w20_ms_22.pdf?download=1,,9609_w20_ms_22.pdf,auto,,https://pastpapers.co/caie/a-level/business-9609/2020-oct-nov
https://pastpapers.co/caie/a-level/business-9609/2020-oct-nov/9609_w20_ms_23.pdf,,9609_w20_ms_23.pdf,auto,9609_w20_ms_23.pdf,https://pastpapers.co/caie/a-level/business-9609/2020-oct-nov
https://pastpapers.co/api/file/caie/a-level/business-9609/2020-oct-nov/9609_w20_ms_23.pdf?download=1,,9609_w20_ms_23.pdf,auto,,https://pastpapers.co/caie/a-level/business-9609/2020-oct-nov
https://pastpapers.co/caie/a-level/business-9609/2020-oct-nov/9609_w20_ms_31.pdf,,9609_w20_ms_31.pdf,auto,9609_w20_ms_31.pdf,https://pastpapers.co/caie/a-level/business-9609/2020-oct-nov
https://pastpapers.co/api/file/caie/a-level/business-9609/2020-oct-nov/9609_w20_ms_31.pdf?download=1,,9609_w20_ms_31.pdf,auto,,https://pastpapers.co/caie/a-level/business-9609/2020-oct-nov
https://pastpapers.co/caie/a-level/business-9609/2020-oct-nov/9609_w20_ms_32.pdf,,9609_w20_ms_32.pdf,auto,9609_w20_ms_32.pdf,https://pastpapers.co/caie/a-level/business-9609/2020-oct-nov
https://pastpapers.co/api/file/caie/a-level/business-9609/2020-oct-nov/9609_w20_ms_32.pdf?download=1,,9609_w20_ms_32.pdf,auto,,https://pastpapers.co/caie/a-level/business-9609/2020-oct-nov
https://pastpapers.co/caie/a-level/business-9609/2020-oct-nov/9609_w20_ms_33.pdf,,9609_w20_ms_33.pdf,auto,9609_w20_ms_33.pdf,https://pastpapers.co/caie/a-level/business-9609/2020-oct-nov
https://pastpapers.co/api/file/caie/a-level/business-9609/2020-oct-nov/9609_w20_ms_33.pdf?download=1,,9609_w20_ms_33.pdf,auto,,https://pastpapers.co/caie/a-level/business-9609/2020-oct-nov
https://pastpapers.co/caie/a-level/business-9609/2020-oct-nov/9609_w20_qp_11.pdf,,9609_w20_qp_11.pdf,auto,9609_w20_qp_11.pdf,https://pastpapers.co/caie/a-level/business-9609/2020-oct-nov
https://pastpapers.co/api/file/caie/a-level/business-9609/2020-oct-nov/9609_w20_qp_11.pdf?download=1,,9609_w20_qp_11.pdf,auto,,https://pastpapers.co/caie/a-level/business-9609/2020-oct-nov
https://pastpapers.co/caie/a-level/business-9609/2020-oct-nov/9609_w20_qp_12.pdf,,9609_w20_qp_12.pdf,auto,9609_w20_qp_12.pdf,https://pastpapers.co/caie/a-level/business-9609/2020-oct-nov
https://pastpapers.co/api/file/caie/a-level/business-9609/2020-oct-nov/9609_w20_qp_12.pdf?download=1,,9609_w20_qp_12.pdf,auto,,https://pastpapers.co/caie/a-level/business-9609/2020-oct-nov
https://pastpapers.co/caie/a-level/business-9609/2020-oct-nov/9609_w20_qp_13.pdf,,9609_w20_qp_13.pdf,auto,9609_w20_qp_13.pdf,https://pastpapers.co/caie/a-level/business-9609/2020-oct-nov
https://pastpapers.co/api/file/caie/a-level/business-9609/2020-oct-nov/9609_w20_qp_13.pdf?download=1,,9609_w20_qp_13.pdf,auto,,https://pastpapers.co/caie/a-level/business-9609/2020-oct-nov
https://pastpapers.co/caie/a-level/business-9609/2020-oct-nov/9609_w20_qp_21.pdf,,9609_w20_qp_21.pdf,auto,9609_w20_qp_21.pdf,https://pastpapers.co/caie/a-level/business-9609/2020-oct-nov
https://pastpapers.co/api/file/caie/a-level/business-9609/2020-oct-nov/9609_w20_qp_21.pdf?download=1,,9609_w20_qp_21.pdf,auto,,https://pastpapers.co/caie/a-level/business-9609/2020-oct-nov
https://pastpapers.co/caie/a-level/business-9609/2020-oct-nov/9609_w20_qp_22.pdf,,9609_w20_qp_22.pdf,auto,9609_w20_qp_22.pdf,https://pastpapers.co/caie/a-level/business-9609/2020-oct-nov
https://pastpapers.co/api/file/caie/a-level/business-9609/2020-oct-nov/9609_w20_qp_22.pdf?download=1,,9609_w20_qp_22.pdf,auto,,https://pastpapers.co/caie/a-level/business-9609/2020-oct-nov
https://pastpapers.co/caie/a-level/business-9609/2020-oct-nov/9609_w20_qp_23.pdf,,9609_w20_qp_23.pdf,auto,9609_w20_qp_23.pdf,https://pastpapers.co/caie/a-level/business-9609/2020-oct-nov
https://pastpapers.co/api/file/caie/a-level/business-9609/2020-oct-nov/9609_w20_qp_23.pdf?download=1,,9609_w20_qp_23.pdf,auto,,https://pastpapers.co/caie/a-level/business-9609/2020-oct-nov
https://pastpapers.co/caie/a-level/business-9609/2020-oct-nov/9609_w20_qp_31.pdf,,9609_w20_qp_31.pdf,auto,9609_w20_qp_31.pdf,https://pastpapers.co/caie/a-level/business-9609/2020-oct-nov
https://pastpapers.co/api/file/caie/a-level/business-9609/2020-oct-nov/9609_w20_qp_31.pdf?download=1,,9609_w20_qp_31.pdf,auto,,https://pastpapers.co/caie/a-level/business-9609/2020-oct-nov
https://pastpapers.co/caie/a-level/business-9609/2020-oct-nov/9609_w20_qp_32.pdf,,9609_w20_qp_32.pdf,auto,9609_w20_qp_32.pdf,https://pastpapers.co/caie/a-level/business-9609/2020-oct-nov
https://pastpapers.co/api/file/caie/a-level/business-9609/2020-oct-nov/9609_w20_qp_32.pdf?download=1,,9609_w20_qp_32.pdf,auto,,https://pastpapers.co/caie/a-level/business-9609/2020-oct-nov
https://pastpapers.co/caie/a-level/business-9609/2020-oct-nov/9609_w20_qp_33.pdf,,9609_w20_qp_33.pdf,auto,9609_w20_qp_33.pdf,https://pastpapers.co/caie/a-level/business-9609/2020-oct-nov
https://pastpapers.co/api/file/caie/a-level/business-9609/2020-oct-nov/9609_w20_qp_33.pdf?download=1,,9609_w20_qp_33.pdf,auto,,https://pastpapers.co/caie/a-level/business-9609/2020-oct-nov
https://pastpapers.co/caie/a-level/business-9609/2021-march/9609_m21_er.pdf,,9609_m21_er.pdf,auto,9609_m21_er.pdf,https://pastpapers.co/caie/a-level/business-9609/2021-march
https://pastpapers.co/api/file/caie/a-level/business-9609/2021-march/9609_m21_er.pdf?download=1,,9609_m21_er.pdf,auto,,https://pastpapers.co/caie/a-level/business-9609/2021-march
https://pastpapers.co/caie/a-level/business-9609/2021-march/9609_m21_gt.pdf,,9609_m21_gt.pdf,auto,9609_m21_gt.pdf,https://pastpapers.co/caie/a-level/business-9609/2021-march
https://pastpapers.co/api/file/caie/a-level/business-9609/2021-march/9609_m21_gt.pdf?download=1,,9609_m21_gt.pdf,auto,,https://pastpapers.co/caie/a-level/business-9609/2021-march
https://pastpapers.co/caie/a-level/business-9609/2021-march/9609_m21_in_32.pdf,,9609_m21_in_32.pdf,auto,9609_m21_in_32.pdf,https://pastpapers.co/caie/a-level/business-9609/2021-march
https://pastpapers.co/api/file/caie/a-level/business-9609/2021-march/9609_m21_in_32.pdf?download=1,,9609_m21_in_32.pdf,auto,,https://pastpapers.co/caie/a-level/business-9609/2021-march
https://pastpapers.co/caie/a-level/business-9609/2021-march/9609_m21_ms_12.pdf,,9609_m21_ms_12.pdf,auto,9609_m21_ms_12.pdf,https://pastpapers.co/caie/a-level/business-9609/2021-march
https://pastpapers.co/api/file/caie/a-level/business-9609/2021-march/9609_m21_ms_12.pdf?download=1,,9609_m21_ms_12.pdf,auto,,https://pastpapers.co/caie/a-level/business-9609/2021-march
https://pastpapers.co/caie/a-level/business-9609/2021-march/9609_m21_ms_22.pdf,,9609_m21_ms_22.pdf,auto,9609_m21_ms_22.pdf,https://pastpapers.co/caie/a-level/business-9609/2021-march
https://pastpapers.co/api/file/caie/a-level/business-9609/2021-march/9609_m21_ms_22.pdf?download=1,,9609_m21_ms_22.pdf,auto,,https://pastpapers.co/caie/a-level/business-9609/2021-march
https://pastpapers.co/caie/a-level/business-9609/2021-march/9609_m21_ms_32.pdf,,9609_m21_ms_32.pdf,auto,9609_m21_ms_32.pdf,https://pastpapers.co/caie/a-level/business-9609/2021-march
https://pastpapers.co/api/file/caie/a-level/business-9609/2021-march/9609_m21_ms_32.pdf?download=1,,9609_m21_ms_32.pdf,auto,,https://pastpapers.co/caie/a-level/business-9609/2021-march
https://pastpapers.co/caie/a-level/business-9609/2021-march/9609_m21_qp_12.pdf,,9609_m21_qp_12.pdf,auto,9609_m21_qp_12.pdf,https://pastpapers.co/caie/a-level/business-9609/2021-march
https://pastpapers.co/api/file/caie/a-level/business-9609/2021-march/9609_m21_qp_12.pdf?download=1,,9609_m21_qp_12.pdf,auto,,https://pastpapers.co/caie/a-level/business-9609/2021-march
https://pastpapers.co/caie/a-level/business-9609/2021-march/9609_m21_qp_22.pdf,,9609_m21_qp_22.pdf,auto,9609_m21_qp_22.pdf,https://pastpapers.co/caie/a-level/business-9609/2021-march
https://pastpapers.co/api/file/caie/a-level/business-9609/2021-march/9609_m21_qp_22.pdf?download=1,,9609_m21_qp_22.pdf,auto,,https://pastpapers.co/caie/a-level/business-9609/2021-march
https://pastpapers.co/caie/a-level/business-9609/2021-march/9609_m21_qp_32.pdf,,9609_m21_qp_32.pdf,auto,9609_m21_qp_32.pdf,https://pastpapers.co/caie/a-level/business-9609/2021-march
https://pastpapers.co/api/file/caie/a-level/business-9609/2021-march/9609_m21_qp_32.pdf?download=1,,9609_m21_qp_32.pdf,auto,,https://pastpapers.co/caie/a-level/business-9609/2021-march
https://pastpapers.co/caie/a-level/business-9609/2021-may-june/9609_s21_er.pdf,,9609_s21_er.pdf,auto,9609_s21_er.pdf,https://pastpapers.co/caie/a-level/business-9609/2021-may-june
https://pastpapers.co/api/file/caie/a-level/business-9609/2021-may-june/9609_s21_er.pdf?download=1,,9609_s21_er.pdf,auto,,https://pastpapers.co/caie/a-level/business-9609/2021-may-june
https://pastpapers.co/caie/a-level/business-9609/2021-may-june/9609_s21_gt.pdf,,9609_s21_gt.pdf,auto,9609_s21_gt.pdf,https://pastpapers.co/caie/a-level/business-9609/2021-may-june
https://pastpapers.co/api/file/caie/a-level/business-9609/2021-may-june/9609_s21_gt.pdf?download=1,,9609_s21_gt.pdf,auto,,https://pastpapers.co/caie/a-level/business-9609/2021-may-june
https://pastpapers.co/caie/a-level/business-9609/2021-may-june/9609_s21_in_31.pdf,,9609_s21_in_31.pdf,auto,9609_s21_in_31.pdf,https://pastpapers.co/caie/a-level/business-9609/2021-may-june
https://pastpapers.co/api/file/caie/a-level/business-9609/2021-may-june/9609_s21_in_31.pdf?download=1,,9609_s21_in_31.pdf,auto,,https://pastpapers.co/caie/a-level/business-9609/2021-may-june
https://pastpapers.co/caie/a-level/business-9609/2021-may-june/9609_s21_in_32.pdf,,9609_s21_in_32.pdf,auto,9609_s21_in_32.pdf,https://pastpapers.co/caie/a-level/business-9609/2021-may-june
https://pastpapers.co/api/file/caie/a-level/business-9609/2021-may-june/9609_s21_in_32.pdf?download=1,,9609_s21_in_32.pdf,auto,,https://pastpapers.co/caie/a-level/business-9609/2021-may-june
https://pastpapers.co/caie/a-level/business-9609/2021-may-june/9609_s21_in_33.pdf,,9609_s21_in_33.pdf,auto,9609_s21_in_33.pdf,https://pastpapers.co/caie/a-level/business-9609/2021-may-june
https://pastpapers.co/api/file/caie/a-level/business-9609/2021-may-june/9609_s21_in_33.pdf?download=1,,9609_s21_in_33.pdf,auto,,https://pastpapers.co/caie/a-level/business-9609/2021-may-june
https://pastpapers.co/caie/a-level/business-9609/2021-may-june/9609_s21_in_34.pdf,,9609_s21_in_34.pdf,auto,9609_s21_in_34.pdf,https://pastpapers.co/caie/a-level/business-9609/2021-may-june
https://pastpapers.co/api/file/caie/a-level/business-9609/2021-may-june/9609_s21_in_34.pdf?download=1,,9609_s21_in_34.pdf,auto,,https://pastpapers.co/caie/a-level/business-9609/2021-may-june
https://pastpapers.co/caie/a-level/business-9609/2021-may-june/9609_s21_ms_11.pdf,,9609_s21_ms_11.pdf,auto,9609_s21_ms_11.pdf,https://pastpapers.co/caie/a-level/business-9609/2021-may-june
https://pastpapers.co/api/file/caie/a-level/business-9609/2021-may-june/9609_s21_ms_11.pdf?download=1,,9609_s21_ms_11.pdf,auto,,https://pastpapers.co/caie/a-level/business-9609/2021-may-june
https://pastpapers.co/caie/a-level/business-9609/2021-may-june/9609_s21_ms_12.pdf,,9609_s21_ms_12.pdf,auto,9609_s21_ms_12.pdf,https://pastpapers.co/caie/a-level/business-9609/2021-may-june
https://pastpapers.co/api/file/caie/a-level/business-9609/2021-may-june/9609_s21_ms_12.pdf?download=1,,9609_s21_ms_12.pdf,auto,,https://pastpapers.co/caie/a-level/business-9609/2021-may-june
https://pastpapers.co/caie/a-level/business-9609/2021-may-june/9609_s21_ms_13.pdf,,9609_s21_ms_13.pdf,auto,9609_s21_ms_13.pdf,https://pastpapers.co/caie/a-level/business-9609/2021-may-june
https://pastpapers.co/api/file/caie/a-level/business-9609/2021-may-june/9609_s21_ms_13.pdf?download=1,,9609_s21_ms_13.pdf,auto,,https://pastpapers.co/caie/a-level/business-9609/2021-may-june
https://pastpapers.co/caie/a-level/business-9609/2021-may-june/9609_s21_ms_14.pdf,,9609_s21_ms_14.pdf,auto,9609_s21_ms_14.pdf,https://pastpapers.co/caie/a-level/business-9609/2021-may-june
https://pastpapers.co/api/file/caie/a-level/business-9609/2021-may-june/9609_s21_ms_14.pdf?download=1,,9609_s21_ms_14.pdf,auto,,https://pastpapers.co/caie/a-level/business-9609/2021-may-june
https://pastpapers.co/caie/a-level/business-9609/2021-may-june/9609_s21_ms_21.pdf,,9609_s21_ms_21.pdf,auto,9609_s21_ms_21.pdf,https://pastpapers.co/caie/a-level/business-9609/2021-may-june
https://pastpapers.co/api/file/caie/a-level/business-9609/2021-may-june/9609_s21_ms_21.pdf?download=1,,9609_s21_ms_21.pdf,auto,,https://pastpapers.co/caie/a-level/business-9609/2021-may-june
https://pastpapers.co/caie/a-level/business-9609/2021-may-june/9609_s21_ms_22.pdf,,9609_s21_ms_22.pdf,auto,9609_s21_ms_22.pdf,https://pastpapers.co/caie/a-level/business-9609/2021-may-june
https://pastpapers.co/api/file/caie/a-level/business-9609/2021-may-june/9609_s21_ms_22.pdf?download=1,,9609_s21_ms_22.pdf,auto,,https://pastpapers.co/caie/a-level/business-9609/2021-may-june
https://pastpapers.co/caie/a-level/business-9609/2021-may-june/9609_s21_ms_23.pdf,,9609_s21_ms_23.pdf,auto,9609_s21_ms_23.pdf,https://pastpapers.co/caie/a-level/business-9609/2021-may-june
https://pastpapers.co/api/file/caie/a-level/business-9609/2021-may-june/9609_s21_ms_23.pdf?download=1,,9609_s21_ms_23.pdf,auto,,https://pastpapers.co/caie/a-level/business-9609/2021-may-june
https://pastpapers.co/caie/a-level/business-9609/2021-may-june/9609_s21_ms_24.pdf,,9609_s21_ms_24.pdf,auto,9609_s21_ms_24.pdf,https://pastpapers.co/caie/a-level/business-9609/2021-may-june
https://pastpapers.co/api/file/caie/a-level/business-9609/2021-may-june/9609_s21_ms_24.pdf?download=1,,9609_s21_ms_24.pdf,auto,,https://pastpapers.co/caie/a-level/business-9609/2021-may-june
https://pastpapers.co/caie/a-level/business-9609/2021-may-june/9609_s21_ms_31.pdf,,9609_s21_ms_31.pdf,auto,9609_s21_ms_31.pdf,https://pastpapers.co/caie/a-level/business-9609/2021-may-june
https://pastpapers.co/api/file/caie/a-level/business-9609/2021-may-june/9609_s21_ms_31.pdf?download=1,,9609_s21_ms_31.pdf,auto,,https://pastpapers.co/caie/a-level/business-9609/2021-may-june
https://pastpapers.co/caie/a-level/business-9609/2021-may-june/9609_s21_ms_32.pdf,,9609_s21_ms_32.pdf,auto,9609_s21_ms_32.pdf,https://pastpapers.co/caie/a-level/business-9609/2021-may-june
https://pastpapers.co/api/file/caie/a-level/business-9609/2021-may-june/9609_s21_ms_32.pdf?download=1,,9609_s21_ms_32.pdf,auto,,https://pastpapers.co/caie/a-level/business-9609/2021-may-june
https://pastpapers.co/caie/a-level/business-9609/2021-may-june/9609_s21_ms_33.pdf,,9609_s21_ms_33.pdf,auto,9609_s21_ms_33.pdf,https://pastpapers.co/caie/a-level/business-9609/2021-may-june
https://pastpapers.co/api/file/caie/a-level/business-9609/2021-may-june/9609_s21_ms_33.pdf?download=1,,9609_s21_ms_33.pdf,auto,,https://pastpapers.co/caie/a-level/business-9609/2021-may-june
https://pastpapers.co/caie/a-level/business-9609/2021-may-june/9609_s21_ms_34.pdf,,9609_s21_ms_34.pdf,auto,9609_s21_ms_34.pdf,https://pastpapers.co/caie/a-level/business-9609/2021-may-june
https://pastpapers.co/api/file/caie/a-level/business-9609/2021-may-june/9609_s21_ms_34.pdf?download=1,,9609_s21_ms_34.pdf,auto,,https://pastpapers.co/caie/a-level/business-9609/2021-may-june
https://pastpapers.co/caie/a-level/business-9609/2021-may-june/9609_s21_qp_11.pdf,,9609_s21_qp_11.pdf,auto,9609_s21_qp_11.pdf,https://pastpapers.co/caie/a-level/business-9609/2021-may-june
https://pastpapers.co/api/file/caie/a-level/business-9609/2021-may-june/9609_s21_qp_11.pdf?download=1,,9609_s21_qp_11.pdf,auto,,https://pastpapers.co/caie/a-level/business-9609/2021-may-june
https://pastpapers.co/caie/a-level/business-9609/2021-may-june/9609_s21_qp_12.pdf,,9609_s21_qp_12.pdf,auto,9609_s21_qp_12.pdf,https://pastpapers.co/caie/a-level/business-9609/2021-may-june
https://pastpapers.co/api/file/caie/a-level/business-9609/2021-may-june/9609_s21_qp_12.pdf?download=1,,9609_s21_qp_12.pdf,auto,,https://pastpapers.co/caie/a-level/business-9609/2021-may-june
https://pastpapers.co/caie/a-level/business-9609/2021-may-june/9609_s21_qp_13.pdf,,9609_s21_qp_13.pdf,auto,9609_s21_qp_13.pdf,https://pastpapers.co/caie/a-level/business-9609/2021-may-june
https://pastpapers.co/api/file/caie/a-level/business-9609/2021-may-june/9609_s21_qp_13.pdf?download=1,,9609_s21_qp_13.pdf,auto,,https://pastpapers.co/caie/a-level/business-9609/2021-may-june
https://pastpapers.co/caie/a-level/business-9609/2021-may-june/9609_s21_qp_14.pdf,,9609_s21_qp_14.pdf,auto,9609_s21_qp_14.pdf,https://pastpapers.co/caie/a-level/business-9609/2021-may-june
https://pastpapers.co/api/file/caie/a-level/business-9609/2021-may-june/9609_s21_qp_14.pdf?download=1,,9609_s21_qp_14.pdf,auto,,https://pastpapers.co/caie/a-level/business-9609/2021-may-june
https://pastpapers.co/caie/a-level/business-9609/2021-may-june/9609_s21_qp_21.pdf,,9609_s21_qp_21.pdf,auto,9609_s21_qp_21.pdf,https://pastpapers.co/caie/a-level/business-9609/2021-may-june
https://pastpapers.co/api/file/caie/a-level/business-9609/2021-may-june/9609_s21_qp_21.pdf?download=1,,9609_s21_qp_21.pdf,auto,,https://pastpapers.co/caie/a-level/business-9609/2021-may-june
https://pastpapers.co/caie/a-level/business-9609/2021-may-june/9609_s21_qp_22.pdf,,9609_s21_qp_22.pdf,auto,9609_s21_qp_22.pdf,https://pastpapers.co/caie/a-level/business-9609/2021-may-june
https://pastpapers.co/api/file/caie/a-level/business-9609/2021-may-june/9609_s21_qp_22.pdf?download=1,,9609_s21_qp_22.pdf,auto,,https://pastpapers.co/caie/a-level/business-9609/2021-may-june
https://pastpapers.co/caie/a-level/business-9609/2021-may-june/9609_s21_qp_23.pdf,,9609_s21_qp_23.pdf,auto,9609_s21_qp_23.pdf,https://pastpapers.co/caie/a-level/business-9609/2021-may-june
https://pastpapers.co/api/file/caie/a-level/business-9609/2021-may-june/9609_s21_qp_23.pdf?download=1,,9609_s21_qp_23.pdf,auto,,https://pastpapers.co/caie/a-level/business-9609/2021-may-june
https://pastpapers.co/caie/a-level/business-9609/2021-may-june/9609_s21_qp_24.pdf,,9609_s21_qp_24.pdf,auto,9609_s21_qp_24.pdf,https://pastpapers.co/caie/a-level/business-9609/2021-may-june
https://pastpapers.co/api/file/caie/a-level/business-9609/2021-may-june/9609_s21_qp_24.pdf?download=1,,9609_s21_qp_24.pdf,auto,,https://pastpapers.co/caie/a-level/business-9609/2021-may-june
https://pastpapers.co/caie/a-level/business-9609/2021-may-june/9609_s21_qp_31.pdf,,9609_s21_qp_31.pdf,auto,9609_s21_qp_31.pdf,https://pastpapers.co/caie/a-level/business-9609/2021-may-june
https://pastpapers.co/api/file/caie/a-level/business-9609/2021-may-june/9609_s21_qp_31.pdf?download=1,,9609_s21_qp_31.pdf,auto,,https://pastpapers.co/caie/a-level/business-9609/2021-may-june
https://pastpapers.co/caie/a-level/business-9609/2021-may-june/9609_s21_qp_32.pdf,,9609_s21_qp_32.pdf,auto,9609_s21_qp_32.pdf,https://pastpapers.co/caie/a-level/business-9609/2021-may-june
https://pastpapers.co/api/file/caie/a-level/business-9609/2021-may-june/9609_s21_qp_32.pdf?download=1,,9609_s21_qp_32.pdf,auto,,https://pastpapers.co/caie/a-level/business-9609/2021-may-june
https://pastpapers.co/caie/a-level/business-9609/2021-may-june/9609_s21_qp_33.pdf,,9609_s21_qp_33.pdf,auto,9609_s21_qp_33.pdf,https://pastpapers.co/caie/a-level/business-9609/2021-may-june
https://pastpapers.co/api/file/caie/a-level/business-9609/2021-may-june/9609_s21_qp_33.pdf?download=1,,9609_s21_qp_33.pdf,auto,,https://pastpapers.co/caie/a-level/business-9609/2021-may-june
https://pastpapers.co/caie/a-level/business-9609/2021-may-june/9609_s21_qp_34.pdf,,9609_s21_qp_34.pdf,auto,9609_s21_qp_34.pdf,https://pastpapers.co/caie/a-level/business-9609/2021-may-june
https://pastpapers.co/api/file/caie/a-level/business-9609/2021-may-june/9609_s21_qp_34.pdf?download=1,,9609_s21_qp_34.pdf,auto,,https://pastpapers.co/caie/a-level/business-9609/2021-may-june
https://pastpapers.co/caie/a-level/business-9609/2021-oct-nov/9609_w21_er.pdf,,9609_w21_er.pdf,auto,9609_w21_er.pdf,https://pastpapers.co/caie/a-level/business-9609/2021-oct-nov
https://pastpapers.co/api/file/caie/a-level/business-9609/2021-oct-nov/9609_w21_er.pdf?download=1,,9609_w21_er.pdf,auto,,https://pastpapers.co/caie/a-level/business-9609/2021-oct-nov
https://pastpapers.co/caie/a-level/business-9609/2021-oct-nov/9609_w21_gt.pdf,,9609_w21_gt.pdf,auto,9609_w21_gt.pdf,https://pastpapers.co/caie/a-level/business-9609/2021-oct-nov
https://pastpapers.co/api/file/caie/a-level/business-9609/2021-oct-nov/9609_w21_gt.pdf?download=1,,9609_w21_gt.pdf,auto,,https://pastpapers.co/caie/a-level/business-9609/2021-oct-nov
https://pastpapers.co/caie/a-level/business-9609/2021-oct-nov/9609_w21_in_31.pdf,,9609_w21_in_31.pdf,auto,9609_w21_in_31.pdf,https://pastpapers.co/caie/a-level/business-9609/2021-oct-nov
https://pastpapers.co/api/file/caie/a-level/business-9609/2021-oct-nov/9609_w21_in_31.pdf?download=1,,9609_w21_in_31.pdf,auto,,https://pastpapers.co/caie/a-level/business-9609/2021-oct-nov
https://pastpapers.co/caie/a-level/business-9609/2021-oct-nov/9609_w21_in_32.pdf,,9609_w21_in_32.pdf,auto,9609_w21_in_32.pdf,https://pastpapers.co/caie/a-level/business-9609/2021-oct-nov
https://pastpapers.co/api/file/caie/a-level/business-9609/2021-oct-nov/9609_w21_in_32.pdf?download=1,,9609_w21_in_32.pdf,auto,,https://pastpapers.co/caie/a-level/business-9609/2021-oct-nov
https://pastpapers.co/caie/a-level/business-9609/2021-oct-nov/9609_w21_in_33.pdf,,9609_w21_in_33.pdf,auto,9609_w21_in_33.pdf,https://pastpapers.co/caie/a-level/business-9609/2021-oct-nov
https://pastpapers.co/api/file/caie/a-level/business-9609/2021-oct-nov/9609_w21_in_33.pdf?download=1,,9609_w21_in_33.pdf,auto,,https://pastpapers.co/caie/a-level/business-9609/2021-oct-nov
https://pastpapers.co/caie/a-level/business-9609/2021-oct-nov/9609_w21_ms_11.pdf,,9609_w21_ms_11.pdf,auto,9609_w21_ms_11.pdf,https://pastpapers.co/caie/a-level/business-9609/2021-oct-nov
https://pastpapers.co/api/file/caie/a-level/business-9609/2021-oct-nov/9609_w21_ms_11.pdf?download=1,,9609_w21_ms_11.pdf,auto,,https://pastpapers.co/caie/a-level/business-9609/2021-oct-nov
https://pastpapers.co/caie/a-level/business-9609/2021-oct-nov/9609_w21_ms_12.pdf,,9609_w21_ms_12.pdf,auto,9609_w21_ms_12.pdf,https://pastpapers.co/caie/a-level/business-9609/2021-oct-nov
https://pastpapers.co/api/file/caie/a-level/business-9609/2021-oct-nov/9609_w21_ms_12.pdf?download=1,,9609_w21_ms_12.pdf,auto,,https://pastpapers.co/caie/a-level/business-9609/2021-oct-nov
https://pastpapers.co/caie/a-level/business-9609/2021-oct-nov/9609_w21_ms_13.pdf,,9609_w21_ms_13.pdf,auto,9609_w21_ms_13.pdf,https://pastpapers.co/caie/a-level/business-9609/2021-oct-nov
https://pastpapers.co/api/file/caie/a-level/business-9609/2021-oct-nov/9609_w21_ms_13.pdf?download=1,,9609_w21_ms_13.pdf,auto,,https://pastpapers.co/caie/a-level/business-9609/2021-oct-nov
https://pastpapers.co/caie/a-level/business-9609/2021-oct-nov/9609_w21_ms_21.pdf,,9609_w21_ms_21.pdf,auto,9609_w21_ms_21.pdf,https://pastpapers.co/caie/a-level/business-9609/2021-oct-nov
https://pastpapers.co/api/file/caie/a-level/business-9609/2021-oct-nov/9609_w21_ms_21.pdf?download=1,,9609_w21_ms_21.pdf,auto,,https://pastpapers.co/caie/a-level/business-9609/2021-oct-nov
https://pastpapers.co/caie/a-level/business-9609/2021-oct-nov/9609_w21_ms_22.pdf,,9609_w21_ms_22.pdf,auto,9609_w21_ms_22.pdf,https://pastpapers.co/caie/a-level/business-9609/2021-oct-nov
https://pastpapers.co/api/file/caie/a-level/business-9609/2021-oct-nov/9609_w21_ms_22.pdf?download=1,,9609_w21_ms_22.pdf,auto,,https://pastpapers.co/caie/a-level/business-9609/2021-oct-nov
https://pastpapers.co/caie/a-level/business-9609/2021-oct-nov/9609_w21_ms_23.pdf,,9609_w21_ms_23.pdf,auto,9609_w21_ms_23.pdf,https://pastpapers.co/caie/a-level/business-9609/2021-oct-nov
https://pastpapers.co/api/file/caie/a-level/business-9609/2021-oct-nov/9609_w21_ms_23.pdf?download=1,,9609_w21_ms_23.pdf,auto,,https://pastpapers.co/caie/a-level/business-9609/2021-oct-nov
https://pastpapers.co/caie/a-level/business-9609/2021-oct-nov/9609_w21_ms_31.pdf,,9609_w21_ms_31.pdf,auto,9609_w21_ms_31.pdf,https://pastpapers.co/caie/a-level/business-9609/2021-oct-nov
https://pastpapers.co/api/file/caie/a-level/business-9609/2021-oct-nov/9609_w21_ms_31.pdf?download=1,,9609_w21_ms_31.pdf,auto,,https://pastpapers.co/caie/a-level/business-9609/2021-oct-nov
https://pastpapers.co/caie/a-level/business-9609/2021-oct-nov/9609_w21_ms_32.pdf,,9609_w21_ms_32.pdf,auto,9609_w21_ms_32.pdf,https://pastpapers.co/caie/a-level/business-9609/2021-oct-nov
https://pastpapers.co/api/file/caie/a-level/business-9609/2021-oct-nov/9609_w21_ms_32.pdf?download=1,,9609_w21_ms_32.pdf,auto,,https://pastpapers.co/caie/a-level/business-9609/2021-oct-nov
https://pastpapers.co/caie/a-level/business-9609/2021-oct-nov/9609_w21_ms_33.pdf,,9609_w21_ms_33.pdf,auto,9609_w21_ms_33.pdf,https://pastpapers.co/caie/a-level/business-9609/2021-oct-nov
https://pastpapers.co/api/file/caie/a-level/business-9609/2021-oct-nov/9609_w21_ms_33.pdf?download=1,,9609_w21_ms_33.pdf,auto,,https://pastpapers.co/caie/a-level/business-9609/2021-oct-nov
https://pastpapers.co/caie/a-level/business-9609/2021-oct-nov/9609_w21_qp_11.pdf,,9609_w21_qp_11.pdf,auto,9609_w21_qp_11.pdf,https://pastpapers.co/caie/a-level/business-9609/2021-oct-nov
https://pastpapers.co/api/file/caie/a-level/business-9609/2021-oct-nov/9609_w21_qp_11.pdf?download=1,,9609_w21_qp_11.pdf,auto,,https://pastpapers.co/caie/a-level/business-9609/2021-oct-nov
https://pastpapers.co/caie/a-level/business-9609/2021-oct-nov/9609_w21_qp_12.pdf,,9609_w21_qp_12.pdf,auto,9609_w21_qp_12.pdf,https://pastpapers.co/caie/a-level/business-9609/2021-oct-nov
https://pastpapers.co/api/file/caie/a-level/business-9609/2021-oct-nov/9609_w21_qp_12.pdf?download=1,,9609_w21_qp_12.pdf,auto,,https://pastpapers.co/caie/a-level/business-9609/2021-oct-nov
https://pastpapers.co/caie/a-level/business-9609/2021-oct-nov/9609_w21_qp_13.pdf,,9609_w21_qp_13.pdf,auto,9609_w21_qp_13.pdf,https://pastpapers.co/caie/a-level/business-9609/2021-oct-nov
https://pastpapers.co/api/file/caie/a-level/business-9609/2021-oct-nov/9609_w21_qp_13.pdf?download=1,,9609_w21_qp_13.pdf,auto,,https://pastpapers.co/caie/a-level/business-9609/2021-oct-nov
https://pastpapers.co/caie/a-level/business-9609/2021-oct-nov/9609_w21_qp_21.pdf,,9609_w21_qp_21.pdf,auto,9609_w21_qp_21.pdf,https://pastpapers.co/caie/a-level/business-9609/2021-oct-nov
https://pastpapers.co/api/file/caie/a-level/business-9609/2021-oct-nov/9609_w21_qp_21.pdf?download=1,,9609_w21_qp_21.pdf,auto,,https://pastpapers.co/caie/a-level/business-9609/2021-oct-nov
https://pastpapers.co/caie/a-level/business-9609/2021-oct-nov/9609_w21_qp_22.pdf,,9609_w21_qp_22.pdf,auto,9609_w21_qp_22.pdf,https://pastpapers.co/caie/a-level/business-9609/2021-oct-nov
https://pastpapers.co/api/file/caie/a-level/business-9609/2021-oct-nov/9609_w21_qp_22.pdf?download=1,,9609_w21_qp_22.pdf,auto,,https://pastpapers.co/caie/a-level/business-9609/2021-oct-nov
https://pastpapers.co/caie/a-level/business-9609/2021-oct-nov/9609_w21_qp_23.pdf,,9609_w21_qp_23.pdf,auto,9609_w21_qp_23.pdf,https://pastpapers.co/caie/a-level/business-9609/2021-oct-nov
https://pastpapers.co/api/file/caie/a-level/business-9609/2021-oct-nov/9609_w21_qp_23.pdf?download=1,,9609_w21_qp_23.pdf,auto,,https://pastpapers.co/caie/a-level/business-9609/2021-oct-nov
https://pastpapers.co/caie/a-level/business-9609/2021-oct-nov/9609_w21_qp_31.pdf,,9609_w21_qp_31.pdf,auto,9609_w21_qp_31.pdf,https://pastpapers.co/caie/a-level/business-9609/2021-oct-nov
https://pastpapers.co/api/file/caie/a-level/business-9609/2021-oct-nov/9609_w21_qp_31.pdf?download=1,,9609_w21_qp_31.pdf,auto,,https://pastpapers.co/caie/a-level/business-9609/2021-oct-nov
https://pastpapers.co/caie/a-level/business-9609/2021-oct-nov/9609_w21_qp_32.pdf,,9609_w21_qp_32.pdf,auto,9609_w21_qp_32.pdf,https://pastpapers.co/caie/a-level/business-9609/2021-oct-nov
https://pastpapers.co/api/file/caie/a-level/business-9609/2021-oct-nov/9609_w21_qp_32.pdf?download=1,,9609_w21_qp_32.pdf,auto,,https://pastpapers.co/caie/a-level/business-9609/2021-oct-nov
https://pastpapers.co/caie/a-level/business-9609/2021-oct-nov/9609_w21_qp_33.pdf,,9609_w21_qp_33.pdf,auto,9609_w21_qp_33.pdf,https://pastpapers.co/caie/a-level/business-9609/2021-oct-nov
https://pastpapers.co/api/file/caie/a-level/business-9609/2021-oct-nov/9609_w21_qp_33.pdf?download=1,,9609_w21_qp_33.pdf,auto,,https://pastpapers.co/caie/a-level/business-9609/2021-oct-nov
https://pastpapers.co/caie/a-level/business-9609/2022-feb-march/9609_m22_er.pdf,,9609_m22_er.pdf,auto,9609_m22_er.pdf,https://pastpapers.co/caie/a-level/business-9609/2022-feb-march
https://pastpapers.co/api/file/caie/a-level/business-9609/2022-feb-march/9609_m22_er.pdf?download=1,,9609_m22_er.pdf,auto,,https://pastpapers.co/caie/a-level/business-9609/2022-feb-march
https://pastpapers.co/caie/a-level/business-9609/2022-feb-march/9609_m22_gt.pdf,,9609_m22_gt.pdf,auto,9609_m22_gt.pdf,https://pastpapers.co/caie/a-level/business-9609/2022-feb-march
https://pastpapers.co/api/file/caie/a-level/business-9609/2022-feb-march/9609_m22_gt.pdf?download=1,,9609_m22_gt.pdf,auto,,https://pastpapers.co/caie/a-level/business-9609/2022-feb-march
https://pastpapers.co/caie/a-level/business-9609/2022-feb-march/9609_m22_in_32.pdf,,9609_m22_in_32.pdf,auto,9609_m22_in_32.pdf,https://pastpapers.co/caie/a-level/business-9609/2022-feb-march
https://pastpapers.co/api/file/caie/a-level/business-9609/2022-feb-march/9609_m22_in_32.pdf?download=1,,9609_m22_in_32.pdf,auto,,https://pastpapers.co/caie/a-level/business-9609/2022-feb-march
https://pastpapers.co/caie/a-level/business-9609/2022-feb-march/9609_m22_ms_12.pdf,,9609_m22_ms_12.pdf,auto,9609_m22_ms_12.pdf,https://pastpapers.co/caie/a-level/business-9609/2022-feb-march
https://pastpapers.co/api/file/caie/a-level/business-9609/2022-feb-march/9609_m22_ms_12.pdf?download=1,,9609_m22_ms_12.pdf,auto,,https://pastpapers.co/caie/a-level/business-9609/2022-feb-march
https://pastpapers.co/caie/a-level/business-9609/2022-feb-march/9609_m22_ms_22.pdf,,9609_m22_ms_22.pdf,auto,9609_m22_ms_22.pdf,https://pastpapers.co/caie/a-level/business-9609/2022-feb-march
https://pastpapers.co/api/file/caie/a-level/business-9609/2022-feb-march/9609_m22_ms_22.pdf?download=1,,9609_m22_ms_22.pdf,auto,,https://pastpapers.co/caie/a-level/business-9609/2022-feb-march
https://pastpapers.co/caie/a-level/business-9609/2022-feb-march/9609_m22_ms_32.pdf,,9609_m22_ms_32.pdf,auto,9609_m22_ms_32.pdf,https://pastpapers.co/caie/a-level/business-9609/2022-feb-march
https://pastpapers.co/api/file/caie/a-level/business-9609/2022-feb-march/9609_m22_ms_32.pdf?download=1,,9609_m22_ms_32.pdf,auto,,https://pastpapers.co/caie/a-level/business-9609/2022-feb-march
https://pastpapers.co/caie/a-level/business-9609/2022-feb-march/9609_m22_qp_12.pdf,,9609_m22_qp_12.pdf,auto,9609_m22_qp_12.pdf,https://pastpapers.co/caie/a-level/business-9609/2022-feb-march
https://pastpapers.co/api/file/caie/a-level/business-9609/2022-feb-march/9609_m22_qp_12.pdf?download=1,,9609_m22_qp_12.pdf,auto,,https://pastpapers.co/caie/a-level/business-9609/2022-feb-march
https://pastpapers.co/caie/a-level/business-9609/2022-feb-march/9609_m22_qp_22.pdf,,9609_m22_qp_22.pdf,auto,9609_m22_qp_22.pdf,https://pastpapers.co/caie/a-level/business-9609/2022-feb-march
https://pastpapers.co/api/file/caie/a-level/business-9609/2022-feb-march/9609_m22_qp_22.pdf?download=1,,9609_m22_qp_22.pdf,auto,,https://pastpapers.co/caie/a-level/business-9609/2022-feb-march
https://pastpapers.co/caie/a-level/business-9609/2022-feb-march/9609_m22_qp_32.pdf,,9609_m22_qp_32.pdf,auto,9609_m22_qp_32.pdf,https://pastpapers.co/caie/a-level/business-9609/2022-feb-march
https://pastpapers.co/api/file/caie/a-level/business-9609/2022-feb-march/9609_m22_qp_32.pdf?download=1,,9609_m22_qp_32.pdf,auto,,https://pastpapers.co/caie/a-level/business-9609/2022-feb-march
https://pastpapers.co/caie/a-level/business-9609/2022-may-june/9609_s22_er.pdf,,9609_s22_er.pdf,auto,9609_s22_er.pdf,https://pastpapers.co/caie/a-level/business-9609/2022-may-june
https://pastpapers.co/api/file/caie/a-level/business-9609/2022-may-june/9609_s22_er.pdf?download=1,,9609_s22_er.pdf,auto,,https://pastpapers.co/caie/a-level/business-9609/2022-may-june
https://pastpapers.co/caie/a-level/business-9609/2022-may-june/9609_s22_gt.pdf,,9609_s22_gt.pdf,auto,9609_s22_gt.pdf,https://pastpapers.co/caie/a-level/business-9609/2022-may-june
https://pastpapers.co/api/file/caie/a-level/business-9609/2022-may-june/9609_s22_gt.pdf?download=1,,9609_s22_gt.pdf,auto,,https://pastpapers.co/caie/a-level/business-9609/2022-may-june
https://pastpapers.co/caie/a-level/business-9609/2022-may-june/9609_s22_in_31.pdf,,9609_s22_in_31.pdf,auto,9609_s22_in_31.pdf,https://pastpapers.co/caie/a-level/business-9609/2022-may-june
https://pastpapers.co/api/file/caie/a-level/business-9609/2022-may-june/9609_s22_in_31.pdf?download=1,,9609_s22_in_31.pdf,auto,,https://pastpapers.co/caie/a-level/business-9609/2022-may-june
https://pastpapers.co/caie/a-level/business-9609/2022-may-june/9609_s22_in_32.pdf,,9609_s22_in_32.pdf,auto,9609_s22_in_32.pdf,https://pastpapers.co/caie/a-level/business-9609/2022-may-june
https://pastpapers.co/api/file/caie/a-level/business-9609/2022-may-june/9609_s22_in_32.pdf?download=1,,9609_s22_in_32.pdf,auto,,https://pastpapers.co/caie/a-level/business-9609/2022-may-june
https://pastpapers.co/caie/a-level/business-9609/2022-may-june/9609_s22_in_33.pdf,,9609_s22_in_33.pdf,auto,9609_s22_in_33.pdf,https://pastpapers.co/caie/a-level/business-9609/2022-may-june
https://pastpapers.co/api/file/caie/a-level/business-9609/2022-may-june/9609_s22_in_33.pdf?download=1,,9609_s22_in_33.pdf,auto,,https://pastpapers.co/caie/a-level/business-9609/2022-may-june
https://pastpapers.co/caie/a-level/business-9609/2022-may-june/9609_s22_ms_11.pdf,,9609_s22_ms_11.pdf,auto,9609_s22_ms_11.pdf,https://pastpapers.co/caie/a-level/business-9609/2022-may-june
https://pastpapers.co/api/file/caie/a-level/business-9609/2022-may-june/9609_s22_ms_11.pdf?download=1,,9609_s22_ms_11.pdf,auto,,https://pastpapers.co/caie/a-level/business-9609/2022-may-june
https://pastpapers.co/caie/a-level/business-9609/2022-may-june/9609_s22_ms_12.pdf,,9609_s22_ms_12.pdf,auto,9609_s22_ms_12.pdf,https://pastpapers.co/caie/a-level/business-9609/2022-may-june
https://pastpapers.co/api/file/caie/a-level/business-9609/2022-may-june/9609_s22_ms_12.pdf?download=1,,9609_s22_ms_12.pdf,auto,,https://pastpapers.co/caie/a-level/business-9609/2022-may-june
https://pastpapers.co/caie/a-level/business-9609/2022-may-june/9609_s22_ms_13.pdf,,9609_s22_ms_13.pdf,auto,9609_s22_ms_13.pdf,https://pastpapers.co/caie/a-level/business-9609/2022-may-june
https://pastpapers.co/api/file/caie/a-level/business-9609/2022-may-june/9609_s22_ms_13.pdf?download=1,,9609_s22_ms_13.pdf,auto,,https://pastpapers.co/caie/a-level/business-9609/2022-may-june
https://pastpapers.co/caie/a-level/business-9609/2022-may-june/9609_s22_ms_21.pdf,,9609_s22_ms_21.pdf,auto,9609_s22_ms_21.pdf,https://pastpapers.co/caie/a-level/business-9609/2022-may-june
https://pastpapers.co/api/file/caie/a-level/business-9609/2022-may-june/9609_s22_ms_21.pdf?download=1,,9609_s22_ms_21.pdf,auto,,https://pastpapers.co/caie/a-level/business-9609/2022-may-june
https://pastpapers.co/caie/a-level/business-9609/2022-may-june/9609_s22_ms_22.pdf,,9609_s22_ms_22.pdf,auto,9609_s22_ms_22.pdf,https://pastpapers.co/caie/a-level/business-9609/2022-may-june
https://pastpapers.co/api/file/caie/a-level/business-9609/2022-may-june/9609_s22_ms_22.pdf?download=1,,9609_s22_ms_22.pdf,auto,,https://pastpapers.co/caie/a-level/business-9609/2022-may-june
https://pastpapers.co/caie/a-level/business-9609/2022-may-june/9609_s22_ms_23.pdf,,9609_s22_ms_23.pdf,auto,9609_s22_ms_23.pdf,https://pastpapers.co/caie/a-level/business-9609/2022-may-june
https://pastpapers.co/api/file/caie/a-level/business-9609/2022-may-june/9609_s22_ms_23.pdf?download=1,,9609_s22_ms_23.pdf,auto,,https://pastpapers.co/caie/a-level/business-9609/2022-may-june
https://pastpapers.co/caie/a-level/business-9609/2022-may-june/9609_s22_ms_31.pdf,,9609_s22_ms_31.pdf,auto,9609_s22_ms_31.pdf,https://pastpapers.co/caie/a-level/business-9609/2022-may-june
https://pastpapers.co/api/file/caie/a-level/business-9609/2022-may-june/9609_s22_ms_31.pdf?download=1,,9609_s22_ms_31.pdf,auto,,https://pastpapers.co/caie/a-level/business-9609/2022-may-june
https://pastpapers.co/caie/a-level/business-9609/2022-may-june/9609_s22_ms_32.pdf,,9609_s22_ms_32.pdf,auto,9609_s22_ms_32.pdf,https://pastpapers.co/caie/a-level/business-9609/2022-may-june
https://pastpapers.co/api/file/caie/a-level/business-9609/2022-may-june/9609_s22_ms_32.pdf?download=1,,9609_s22_ms_32.pdf,auto,,https://pastpapers.co/caie/a-level/business-9609/2022-may-june
https://pastpapers.co/caie/a-level/business-9609/2022-may-june/9609_s22_ms_33.pdf,,9609_s22_ms_33.pdf,auto,9609_s22_ms_33.pdf,https://pastpapers.co/caie/a-level/business-9609/2022-may-june
https://pastpapers.co/api/file/caie/a-level/business-9609/2022-may-june/9609_s22_ms_33.pdf?download=1,,9609_s22_ms_33.pdf,auto,,https://pastpapers.co/caie/a-level/business-9609/2022-may-june
https://pastpapers.co/caie/a-level/business-9609/2022-may-june/9609_s22_qp_11.pdf,,9609_s22_qp_11.pdf,auto,9609_s22_qp_11.pdf,https://pastpapers.co/caie/a-level/business-9609/2022-may-june
https://pastpapers.co/api/file/caie/a-level/business-9609/2022-may-june/9609_s22_qp_11.pdf?download=1,,9609_s22_qp_11.pdf,auto,,https://pastpapers.co/caie/a-level/business-9609/2022-may-june
https://pastpapers.co/caie/a-level/business-9609/2022-may-june/9609_s22_qp_12.pdf,,9609_s22_qp_12.pdf,auto,9609_s22_qp_12.pdf,https://pastpapers.co/caie/a-level/business-9609/2022-may-june
https://pastpapers.co/api/file/caie/a-level/business-9609/2022-may-june/9609_s22_qp_12.pdf?download=1,,9609_s22_qp_12.pdf,auto,,https://pastpapers.co/caie/a-level/business-9609/2022-may-june
https://pastpapers.co/caie/a-level/business-9609/2022-may-june/9609_s22_qp_13.pdf,,9609_s22_qp_13.pdf,auto,9609_s22_qp_13.pdf,https://pastpapers.co/caie/a-level/business-9609/2022-may-june
https://pastpapers.co/api/file/caie/a-level/business-9609/2022-may-june/9609_s22_qp_13.pdf?download=1,,9609_s22_qp_13.pdf,auto,,https://pastpapers.co/caie/a-level/business-9609/2022-may-june
https://pastpapers.co/caie/a-level/business-9609/2022-may-june/9609_s22_qp_21.pdf,,9609_s22_qp_21.pdf,auto,9609_s22_qp_21.pdf,https://pastpapers.co/caie/a-level/business-9609/2022-may-june
https://pastpapers.co/api/file/caie/a-level/business-9609/2022-may-june/9609_s22_qp_21.pdf?download=1,,9609_s22_qp_21.pdf,auto,,https://pastpapers.co/caie/a-level/business-9609/2022-may-june
https://pastpapers.co/caie/a-level/business-9609/2022-may-june/9609_s22_qp_22.pdf,,9609_s22_qp_22.pdf,auto,9609_s22_qp_22.pdf,https://pastpapers.co/caie/a-level/business-9609/2022-may-june
https://pastpapers.co/api/file/caie/a-level/business-9609/2022-may-june/9609_s22_qp_22.pdf?download=1,,9609_s22_qp_22.pdf,auto,,https://pastpapers.co/caie/a-level/business-9609/2022-may-june
https://pastpapers.co/caie/a-level/business-9609/2022-may-june/9609_s22_qp_23.pdf,,9609_s22_qp_23.pdf,auto,9609_s22_qp_23.pdf,https://pastpapers.co/caie/a-level/business-9609/2022-may-june
https://pastpapers.co/api/file/caie/a-level/business-9609/2022-may-june/9609_s22_qp_23.pdf?download=1,,9609_s22_qp_23.pdf,auto,,https://pastpapers.co/caie/a-level/business-9609/2022-may-june
https://pastpapers.co/caie/a-level/business-9609/2022-may-june/9609_s22_qp_31.pdf,,9609_s22_qp_31.pdf,auto,9609_s22_qp_31.pdf,https://pastpapers.co/caie/a-level/business-9609/2022-may-june
https://pastpapers.co/api/file/caie/a-level/business-9609/2022-may-june/9609_s22_qp_31.pdf?download=1,,9609_s22_qp_31.pdf,auto,,https://pastpapers.co/caie/a-level/business-9609/2022-may-june
https://pastpapers.co/caie/a-level/business-9609/2022-may-june/9609_s22_qp_32.pdf,,9609_s22_qp_32.pdf,auto,9609_s22_qp_32.pdf,https://pastpapers.co/caie/a-level/business-9609/2022-may-june
https://pastpapers.co/api/file/caie/a-level/business-9609/2022-may-june/9609_s22_qp_32.pdf?download=1,,9609_s22_qp_32.pdf,auto,,https://pastpapers.co/caie/a-level/business-9609/2022-may-june
https://pastpapers.co/caie/a-level/business-9609/2022-may-june/9609_s22_qp_33.pdf,,9609_s22_qp_33.pdf,auto,9609_s22_qp_33.pdf,https://pastpapers.co/caie/a-level/business-9609/2022-may-june
https://pastpapers.co/api/file/caie/a-level/business-9609/2022-may-june/9609_s22_qp_33.pdf?download=1,,9609_s22_qp_33.pdf,auto,,https://pastpapers.co/caie/a-level/business-9609/2022-may-june
https://pastpapers.co/caie/a-level/business-9609/2022-oct-nov/9609_w22_er.pdf,,9609_w22_er.pdf,auto,9609_w22_er.pdf,https://pastpapers.co/caie/a-level/business-9609/2022-oct-nov
https://pastpapers.co/api/file/caie/a-level/business-9609/2022-oct-nov/9609_w22_er.pdf?download=1,,9609_w22_er.pdf,auto,,https://pastpapers.co/caie/a-level/business-9609/2022-oct-nov
https://pastpapers.co/caie/a-level/business-9609/2022-oct-nov/9609_w22_gt.pdf,,9609_w22_gt.pdf,auto,9609_w22_gt.pdf,https://pastpapers.co/caie/a-level/business-9609/2022-oct-nov
https://pastpapers.co/api/file/caie/a-level/business-9609/2022-oct-nov/9609_w22_gt.pdf?download=1,,9609_w22_gt.pdf,auto,,https://pastpapers.co/caie/a-level/business-9609/2022-oct-nov
https://pastpapers.co/caie/a-level/business-9609/2022-oct-nov/9609_w22_in_31.pdf,,9609_w22_in_31.pdf,auto,9609_w22_in_31.pdf,https://pastpapers.co/caie/a-level/business-9609/2022-oct-nov
https://pastpapers.co/api/file/caie/a-level/business-9609/2022-oct-nov/9609_w22_in_31.pdf?download=1,,9609_w22_in_31.pdf,auto,,https://pastpapers.co/caie/a-level/business-9609/2022-oct-nov
https://pastpapers.co/caie/a-level/business-9609/2022-oct-nov/9609_w22_in_32.pdf,,9609_w22_in_32.pdf,auto,9609_w22_in_32.pdf,https://pastpapers.co/caie/a-level/business-9609/2022-oct-nov
https://pastpapers.co/api/file/caie/a-level/business-9609/2022-oct-nov/9609_w22_in_32.pdf?download=1,,9609_w22_in_32.pdf,auto,,https://pastpapers.co/caie/a-level/business-9609/2022-oct-nov
https://pastpapers.co/caie/a-level/business-9609/2022-oct-nov/9609_w22_in_33.pdf,,9609_w22_in_33.pdf,auto,9609_w22_in_33.pdf,https://pastpapers.co/caie/a-level/business-9609/2022-oct-nov
https://pastpapers.co/api/file/caie/a-level/business-9609/2022-oct-nov/9609_w22_in_33.pdf?download=1,,9609_w22_in_33.pdf,auto,,https://pastpapers.co/caie/a-level/business-9609/2022-oct-nov
https://pastpapers.co/caie/a-level/business-9609/2022-oct-nov/9609_w22_ms_11.pdf,,9609_w22_ms_11.pdf,auto,9609_w22_ms_11.pdf,https://pastpapers.co/caie/a-level/business-9609/2022-oct-nov
https://pastpapers.co/api/file/caie/a-level/business-9609/2022-oct-nov/9609_w22_ms_11.pdf?download=1,,9609_w22_ms_11.pdf,auto,,https://pastpapers.co/caie/a-level/business-9609/2022-oct-nov
https://pastpapers.co/caie/a-level/business-9609/2022-oct-nov/9609_w22_ms_12.pdf,,9609_w22_ms_12.pdf,auto,9609_w22_ms_12.pdf,https://pastpapers.co/caie/a-level/business-9609/2022-oct-nov
https://pastpapers.co/api/file/caie/a-level/business-9609/2022-oct-nov/9609_w22_ms_12.pdf?download=1,,9609_w22_ms_12.pdf,auto,,https://pastpapers.co/caie/a-level/business-9609/2022-oct-nov
https://pastpapers.co/caie/a-level/business-9609/2022-oct-nov/9609_w22_ms_13.pdf,,9609_w22_ms_13.pdf,auto,9609_w22_ms_13.pdf,https://pastpapers.co/caie/a-level/business-9609/2022-oct-nov
https://pastpapers.co/api/file/caie/a-level/business-9609/2022-oct-nov/9609_w22_ms_13.pdf?download=1,,9609_w22_ms_13.pdf,auto,,https://pastpapers.co/caie/a-level/business-9609/2022-oct-nov
https://pastpapers.co/caie/a-level/business-9609/2022-oct-nov/9609_w22_ms_21.pdf,,9609_w22_ms_21.pdf,auto,9609_w22_ms_21.pdf,https://pastpapers.co/caie/a-level/business-9609/2022-oct-nov
https://pastpapers.co/api/file/caie/a-level/business-9609/2022-oct-nov/9609_w22_ms_21.pdf?download=1,,9609_w22_ms_21.pdf,auto,,https://pastpapers.co/caie/a-level/business-9609/2022-oct-nov
https://pastpapers.co/caie/a-level/business-9609/2022-oct-nov/9609_w22_ms_22.pdf,,9609_w22_ms_22.pdf,auto,9609_w22_ms_22.pdf,https://pastpapers.co/caie/a-level/business-9609/2022-oct-nov
https://pastpapers.co/api/file/caie/a-level/business-9609/2022-oct-nov/9609_w22_ms_22.pdf?download=1,,9609_w22_ms_22.pdf,auto,,https://pastpapers.co/caie/a-level/business-9609/2022-oct-nov
https://pastpapers.co/caie/a-level/business-9609/2022-oct-nov/9609_w22_ms_23.pdf,,9609_w22_ms_23.pdf,auto,9609_w22_ms_23.pdf,https://pastpapers.co/caie/a-level/business-9609/2022-oct-nov
https://pastpapers.co/api/file/caie/a-level/business-9609/2022-oct-nov/9609_w22_ms_23.pdf?download=1,,9609_w22_ms_23.pdf,auto,,https://pastpapers.co/caie/a-level/business-9609/2022-oct-nov
https://pastpapers.co/caie/a-level/business-9609/2022-oct-nov/9609_w22_ms_31.pdf,,9609_w22_ms_31.pdf,auto,9609_w22_ms_31.pdf,https://pastpapers.co/caie/a-level/business-9609/2022-oct-nov
https://pastpapers.co/api/file/caie/a-level/business-9609/2022-oct-nov/9609_w22_ms_31.pdf?download=1,,9609_w22_ms_31.pdf,auto,,https://pastpapers.co/caie/a-level/business-9609/2022-oct-nov
https://pastpapers.co/caie/a-level/business-9609/2022-oct-nov/9609_w22_ms_32.pdf,,9609_w22_ms_32.pdf,auto,9609_w22_ms_32.pdf,https://pastpapers.co/caie/a-level/business-9609/2022-oct-nov
https://pastpapers.co/api/file/caie/a-level/business-9609/2022-oct-nov/9609_w22_ms_32.pdf?download=1,,9609_w22_ms_32.pdf,auto,,https://pastpapers.co/caie/a-level/business-9609/2022-oct-nov
https://pastpapers.co/caie/a-level/business-9609/2022-oct-nov/9609_w22_ms_33.pdf,,9609_w22_ms_33.pdf,auto,9609_w22_ms_33.pdf,https://pastpapers.co/caie/a-level/business-9609/2022-oct-nov
https://pastpapers.co/api/file/caie/a-level/business-9609/2022-oct-nov/9609_w22_ms_33.pdf?download=1,,9609_w22_ms_33.pdf,auto,,https://pastpapers.co/caie/a-level/business-9609/2022-oct-nov
https://pastpapers.co/caie/a-level/business-9609/2022-oct-nov/9609_w22_qp_11.pdf,,9609_w22_qp_11.pdf,auto,9609_w22_qp_11.pdf,https://pastpapers.co/caie/a-level/business-9609/2022-oct-nov
https://pastpapers.co/api/file/caie/a-level/business-9609/2022-oct-nov/9609_w22_qp_11.pdf?download=1,,9609_w22_qp_11.pdf,auto,,https://pastpapers.co/caie/a-level/business-9609/2022-oct-nov
https://pastpapers.co/caie/a-level/business-9609/2022-oct-nov/9609_w22_qp_12.pdf,,9609_w22_qp_12.pdf,auto,9609_w22_qp_12.pdf,https://pastpapers.co/caie/a-level/business-9609/2022-oct-nov
https://pastpapers.co/api/file/caie/a-level/business-9609/2022-oct-nov/9609_w22_qp_12.pdf?download=1,,9609_w22_qp_12.pdf,auto,,https://pastpapers.co/caie/a-level/business-9609/2022-oct-nov
https://pastpapers.co/caie/a-level/business-9609/2022-oct-nov/9609_w22_qp_13.pdf,,9609_w22_qp_13.pdf,auto,9609_w22_qp_13.pdf,https://pastpapers.co/caie/a-level/business-9609/2022-oct-nov
https://pastpapers.co/api/file/caie/a-level/business-9609/2022-oct-nov/9609_w22_qp_13.pdf?download=1,,9609_w22_qp_13.pdf,auto,,https://pastpapers.co/caie/a-level/business-9609/2022-oct-nov
https://pastpapers.co/caie/a-level/business-9609/2022-oct-nov/9609_w22_qp_21.pdf,,9609_w22_qp_21.pdf,auto,9609_w22_qp_21.pdf,https://pastpapers.co/caie/a-level/business-9609/2022-oct-nov
https://pastpapers.co/api/file/caie/a-level/business-9609/2022-oct-nov/9609_w22_qp_21.pdf?download=1,,9609_w22_qp_21.pdf,auto,,https://pastpapers.co/caie/a-level/business-9609/2022-oct-nov
https://pastpapers.co/caie/a-level/business-9609/2022-oct-nov/9609_w22_qp_22.pdf,,9609_w22_qp_22.pdf,auto,9609_w22_qp_22.pdf,https://pastpapers.co/caie/a-level/business-9609/2022-oct-nov
https://pastpapers.co/api/file/caie/a-level/business-9609/2022-oct-nov/9609_w22_qp_22.pdf?download=1,,9609_w22_qp_22.pdf,auto,,https://pastpapers.co/caie/a-level/business-9609/2022-oct-nov
https://pastpapers.co/caie/a-level/business-9609/2022-oct-nov/9609_w22_qp_23.pdf,,9609_w22_qp_23.pdf,auto,9609_w22_qp_23.pdf,https://pastpapers.co/caie/a-level/business-9609/2022-oct-nov
https://pastpapers.co/api/file/caie/a-level/business-9609/2022-oct-nov/9609_w22_qp_23.pdf?download=1,,9609_w22_qp_23.pdf,auto,,https://pastpapers.co/caie/a-level/business-9609/2022-oct-nov
https://pastpapers.co/caie/a-level/business-9609/2022-oct-nov/9609_w22_qp_31.pdf,,9609_w22_qp_31.pdf,auto,9609_w22_qp_31.pdf,https://pastpapers.co/caie/a-level/business-9609/2022-oct-nov
https://pastpapers.co/api/file/caie/a-level/business-9609/2022-oct-nov/9609_w22_qp_31.pdf?download=1,,9609_w22_qp_31.pdf,auto,,https://pastpapers.co/caie/a-level/business-9609/2022-oct-nov
https://pastpapers.co/caie/a-level/business-9609/2022-oct-nov/9609_w22_qp_32.pdf,,9609_w22_qp_32.pdf,auto,9609_w22_qp_32.pdf,https://pastpapers.co/caie/a-level/business-9609/2022-oct-nov
https://pastpapers.co/api/file/caie/a-level/business-9609/2022-oct-nov/9609_w22_qp_32.pdf?download=1,,9609_w22_qp_32.pdf,auto,,https://pastpapers.co/caie/a-level/business-9609/2022-oct-nov
https://pastpapers.co/caie/a-level/business-9609/2022-oct-nov/9609_w22_qp_33.pdf,,9609_w22_qp_33.pdf,auto,9609_w22_qp_33.pdf,https://pastpapers.co/caie/a-level/business-9609/2022-oct-nov
https://pastpapers.co/api/file/caie/a-level/business-9609/2022-oct-nov/9609_w22_qp_33.pdf?download=1,,9609_w22_qp_33.pdf,auto,,https://pastpapers.co/caie/a-level/business-9609/2022-oct-nov
https://pastpapers.co/caie/a-level/business-9609/2023-march/9609_m23_er.pdf,,9609_m23_er.pdf,auto,9609_m23_er.pdf,https://pastpapers.co/caie/a-level/business-9609/2023-march
https://pastpapers.co/api/file/caie/a-level/business-9609/2023-march/9609_m23_er.pdf?download=1,,9609_m23_er.pdf,auto,,https://pastpapers.co/caie/a-level/business-9609/2023-march
https://pastpapers.co/caie/a-level/business-9609/2023-march/9609_m23_gt.pdf,,9609_m23_gt.pdf,auto,9609_m23_gt.pdf,https://pastpapers.co/caie/a-level/business-9609/2023-march
https://pastpapers.co/api/file/caie/a-level/business-9609/2023-march/9609_m23_gt.pdf?download=1,,9609_m23_gt.pdf,auto,,https://pastpapers.co/caie/a-level/business-9609/2023-march
https://pastpapers.co/caie/a-level/business-9609/2023-march/9609_m23_in_32.pdf,,9609_m23_in_32.pdf,auto,9609_m23_in_32.pdf,https://pastpapers.co/caie/a-level/business-9609/2023-march
https://pastpapers.co/api/file/caie/a-level/business-9609/2023-march/9609_m23_in_32.pdf?download=1,,9609_m23_in_32.pdf,auto,,https://pastpapers.co/caie/a-level/business-9609/2023-march
https://pastpapers.co/caie/a-level/business-9609/2023-march/9609_m23_ms_12.pdf,,9609_m23_ms_12.pdf,auto,9609_m23_ms_12.pdf,https://pastpapers.co/caie/a-level/business-9609/2023-march
https://pastpapers.co/api/file/caie/a-level/business-9609/2023-march/9609_m23_ms_12.pdf?download=1,,9609_m23_ms_12.pdf,auto,,https://pastpapers.co/caie/a-level/business-9609/2023-march
https://pastpapers.co/caie/a-level/business-9609/2023-march/9609_m23_ms_22.pdf,,9609_m23_ms_22.pdf,auto,9609_m23_ms_22.pdf,https://pastpapers.co/caie/a-level/business-9609/2023-march
https://pastpapers.co/api/file/caie/a-level/business-9609/2023-march/9609_m23_ms_22.pdf?download=1,,9609_m23_ms_22.pdf,auto,,https://pastpapers.co/caie/a-level/business-9609/2023-march
https://pastpapers.co/caie/a-level/business-9609/2023-march/9609_m23_ms_32.pdf,,9609_m23_ms_32.pdf,auto,9609_m23_ms_32.pdf,https://pastpapers.co/caie/a-level/business-9609/2023-march
https://pastpapers.co/api/file/caie/a-level/business-9609/2023-march/9609_m23_ms_32.pdf?download=1,,9609_m23_ms_32.pdf,auto,,https://pastpapers.co/caie/a-level/business-9609/2023-march
https://pastpapers.co/caie/a-level/business-9609/2023-march/9609_m23_ms_42.pdf,,9609_m23_ms_42.pdf,auto,9609_m23_ms_42.pdf,https://pastpapers.co/caie/a-level/business-9609/2023-march
https://pastpapers.co/api/file/caie/a-level/business-9609/2023-march/9609_m23_ms_42.pdf?download=1,,9609_m23_ms_42.pdf,auto,,https://pastpapers.co/caie/a-level/business-9609/2023-march
https://pastpapers.co/caie/a-level/business-9609/2023-march/9609_m23_qp_12.pdf,,9609_m23_qp_12.pdf,auto,9609_m23_qp_12.pdf,https://pastpapers.co/caie/a-level/business-9609/2023-march
https://pastpapers.co/api/file/caie/a-level/business-9609/2023-march/9609_m23_qp_12.pdf?download=1,,9609_m23_qp_12.pdf,auto,,https://pastpapers.co/caie/a-level/business-9609/2023-march
https://pastpapers.co/caie/a-level/business-9609/2023-march/9609_m23_qp_22.pdf,,9609_m23_qp_22.pdf,auto,9609_m23_qp_22.pdf,https://pastpapers.co/caie/a-level/business-9609/2023-march
https://pastpapers.co/api/file/caie/a-level/business-9609/2023-march/9609_m23_qp_22.pdf?download=1,,9609_m23_qp_22.pdf,auto,,https://pastpapers.co/caie/a-level/business-9609/2023-march
https://pastpapers.co/caie/a-level/business-9609/2023-march/9609_m23_qp_32.pdf,,9609_m23_qp_32.pdf,auto,9609_m23_qp_32.pdf,https://pastpapers.co/caie/a-level/business-9609/2023-march
https://pastpapers.co/api/file/caie/a-level/business-9609/2023-march/9609_m23_qp_32.pdf?download=1,,9609_m23_qp_32.pdf,auto,,https://pastpapers.co/caie/a-level/business-9609/2023-march
https://pastpapers.co/caie/a-level/business-9609/2023-march/9609_m23_qp_42.pdf,,9609_m23_qp_42.pdf,auto,9609_m23_qp_42.pdf,https://pastpapers.co/caie/a-level/business-9609/2023-march
https://pastpapers.co/api/file/caie/a-level/business-9609/2023-march/9609_m23_qp_42.pdf?download=1,,9609_m23_qp_42.pdf,auto,,https://pastpapers.co/caie/a-level/business-9609/2023-march
https://pastpapers.co/caie/a-level/business-9609/2023-may-june/9609_s23_er.pdf,,9609_s23_er.pdf,auto,9609_s23_er.pdf,https://pastpapers.co/caie/a-level/business-9609/2023-may-june
https://pastpapers.co/api/file/caie/a-level/business-9609/2023-may-june/9609_s23_er.pdf?download=1,,9609_s23_er.pdf,auto,,https://pastpapers.co/caie/a-level/business-9609/2023-may-june
https://pastpapers.co/caie/a-level/business-9609/2023-may-june/9609_s23_gt.pdf,,9609_s23_gt.pdf,auto,9609_s23_gt.pdf,https://pastpapers.co/caie/a-level/business-9609/2023-may-june
https://pastpapers.co/api/file/caie/a-level/business-9609/2023-may-june/9609_s23_gt.pdf?download=1,,9609_s23_gt.pdf,auto,,https://pastpapers.co/caie/a-level/business-9609/2023-may-june
https://pastpapers.co/caie/a-level/business-9609/2023-may-june/9609_s23_in_31.pdf,,9609_s23_in_31.pdf,auto,9609_s23_in_31.pdf,https://pastpapers.co/caie/a-level/business-9609/2023-may-june
https://pastpapers.co/api/file/caie/a-level/business-9609/2023-may-june/9609_s23_in_31.pdf?download=1,,9609_s23_in_31.pdf,auto,,https://pastpapers.co/caie/a-level/business-9609/2023-may-june
https://pastpapers.co/caie/a-level/business-9609/2023-may-june/9609_s23_in_32.pdf,,9609_s23_in_32.pdf,auto,9609_s23_in_32.pdf,https://pastpapers.co/caie/a-level/business-9609/2023-may-june
https://pastpapers.co/api/file/caie/a-level/business-9609/2023-may-june/9609_s23_in_32.pdf?download=1,,9609_s23_in_32.pdf,auto,,https://pastpapers.co/caie/a-level/business-9609/2023-may-june
https://pastpapers.co/caie/a-level/business-9609/2023-may-june/9609_s23_in_33.pdf,,9609_s23_in_33.pdf,auto,9609_s23_in_33.pdf,https://pastpapers.co/caie/a-level/business-9609/2023-may-june
https://pastpapers.co/api/file/caie/a-level/business-9609/2023-may-june/9609_s23_in_33.pdf?download=1,,9609_s23_in_33.pdf,auto,,https://pastpapers.co/caie/a-level/business-9609/2023-may-june
https://pastpapers.co/caie/a-level/business-9609/2023-may-june/9609_s23_ms_11.pdf,,9609_s23_ms_11.pdf,auto,9609_s23_ms_11.pdf,https://pastpapers.co/caie/a-level/business-9609/2023-may-june
https://pastpapers.co/api/file/caie/a-level/business-9609/2023-may-june/9609_s23_ms_11.pdf?download=1,,9609_s23_ms_11.pdf,auto,,https://pastpapers.co/caie/a-level/business-9609/2023-may-june
https://pastpapers.co/caie/a-level/business-9609/2023-may-june/9609_s23_ms_12.pdf,,9609_s23_ms_12.pdf,auto,9609_s23_ms_12.pdf,https://pastpapers.co/caie/a-level/business-9609/2023-may-june
https://pastpapers.co/api/file/caie/a-level/business-9609/2023-may-june/9609_s23_ms_12.pdf?download=1,,9609_s23_ms_12.pdf,auto,,https://pastpapers.co/caie/a-level/business-9609/2023-may-june
https://pastpapers.co/caie/a-level/business-9609/2023-may-june/9609_s23_ms_13.pdf,,9609_s23_ms_13.pdf,auto,9609_s23_ms_13.pdf,https://pastpapers.co/caie/a-level/business-9609/2023-may-june
https://pastpapers.co/api/file/caie/a-level/business-9609/2023-may-june/9609_s23_ms_13.pdf?download=1,,9609_s23_ms_13.pdf,auto,,https://pastpapers.co/caie/a-level/business-9609/2023-may-june
https://pastpapers.co/caie/a-level/business-9609/2023-may-june/9609_s23_ms_21.pdf,,9609_s23_ms_21.pdf,auto,9609_s23_ms_21.pdf,https://pastpapers.co/caie/a-level/business-9609/2023-may-june
https://pastpapers.co/api/file/caie/a-level/business-9609/2023-may-june/9609_s23_ms_21.pdf?download=1,,9609_s23_ms_21.pdf,auto,,https://pastpapers.co/caie/a-level/business-9609/2023-may-june
https://pastpapers.co/caie/a-level/business-9609/2023-may-june/9609_s23_ms_22.pdf,,9609_s23_ms_22.pdf,auto,9609_s23_ms_22.pdf,https://pastpapers.co/caie/a-level/business-9609/2023-may-june
https://pastpapers.co/api/file/caie/a-level/business-9609/2023-may-june/9609_s23_ms_22.pdf?download=1,,9609_s23_ms_22.pdf,auto,,https://pastpapers.co/caie/a-level/business-9609/2023-may-june
https://pastpapers.co/caie/a-level/business-9609/2023-may-june/9609_s23_ms_23.pdf,,9609_s23_ms_23.pdf,auto,9609_s23_ms_23.pdf,https://pastpapers.co/caie/a-level/business-9609/2023-may-june
https://pastpapers.co/api/file/caie/a-level/business-9609/2023-may-june/9609_s23_ms_23.pdf?download=1,,9609_s23_ms_23.pdf,auto,,https://pastpapers.co/caie/a-level/business-9609/2023-may-june
https://pastpapers.co/caie/a-level/business-9609/2023-may-june/9609_s23_ms_31.pdf,,9609_s23_ms_31.pdf,auto,9609_s23_ms_31.pdf,https://pastpapers.co/caie/a-level/business-9609/2023-may-june
https://pastpapers.co/api/file/caie/a-level/business-9609/2023-may-june/9609_s23_ms_31.pdf?download=1,,9609_s23_ms_31.pdf,auto,,https://pastpapers.co/caie/a-level/business-9609/2023-may-june
https://pastpapers.co/caie/a-level/business-9609/2023-may-june/9609_s23_ms_32.pdf,,9609_s23_ms_32.pdf,auto,9609_s23_ms_32.pdf,https://pastpapers.co/caie/a-level/business-9609/2023-may-june
https://pastpapers.co/api/file/caie/a-level/business-9609/2023-may-june/9609_s23_ms_32.pdf?download=1,,9609_s23_ms_32.pdf,auto,,https://pastpapers.co/caie/a-level/business-9609/2023-may-june
https://pastpapers.co/caie/a-level/business-9609/2023-may-june/9609_s23_ms_33.pdf,,9609_s23_ms_33.pdf,auto,9609_s23_ms_33.pdf,https://pastpapers.co/caie/a-level/business-9609/2023-may-june
https://pastpapers.co/api/file/caie/a-level/business-9609/2023-may-june/9609_s23_ms_33.pdf?download=1,,9609_s23_ms_33.pdf,auto,,https://pastpapers.co/caie/a-level/business-9609/2023-may-june
https://pastpapers.co/caie/a-level/business-9609/2023-may-june/9609_s23_ms_41.pdf,,9609_s23_ms_41.pdf,auto,9609_s23_ms_41.pdf,https://pastpapers.co/caie/a-level/business-9609/2023-may-june
https://pastpapers.co/api/file/caie/a-level/business-9609/2023-may-june/9609_s23_ms_41.pdf?download=1,,9609_s23_ms_41.pdf,auto,,https://pastpapers.co/caie/a-level/business-9609/2023-may-june
https://pastpapers.co/caie/a-level/business-9609/2023-may-june/9609_s23_ms_42.pdf,,9609_s23_ms_42.pdf,auto,9609_s23_ms_42.pdf,https://pastpapers.co/caie/a-level/business-9609/2023-may-june
https://pastpapers.co/api/file/caie/a-level/business-9609/2023-may-june/9609_s23_ms_42.pdf?download=1,,9609_s23_ms_42.pdf,auto,,https://pastpapers.co/caie/a-level/business-9609/2023-may-june
https://pastpapers.co/caie/a-level/business-9609/2023-may-june/9609_s23_ms_43.pdf,,9609_s23_ms_43.pdf,auto,9609_s23_ms_43.pdf,https://pastpapers.co/caie/a-level/business-9609/2023-may-june
https://pastpapers.co/api/file/caie/a-level/business-9609/2023-may-june/9609_s23_ms_43.pdf?download=1,,9609_s23_ms_43.pdf,auto,,https://pastpapers.co/caie/a-level/business-9609/2023-may-june
https://pastpapers.co/caie/a-level/business-9609/2023-may-june/9609_s23_qp_11.pdf,,9609_s23_qp_11.pdf,auto,9609_s23_qp_11.pdf,https://pastpapers.co/caie/a-level/business-9609/2023-may-june
https://pastpapers.co/api/file/caie/a-level/business-9609/2023-may-june/9609_s23_qp_11.pdf?download=1,,9609_s23_qp_11.pdf,auto,,https://pastpapers.co/caie/a-level/business-9609/2023-may-june
https://pastpapers.co/caie/a-level/business-9609/2023-may-june/9609_s23_qp_12.pdf,,9609_s23_qp_12.pdf,auto,9609_s23_qp_12.pdf,https://pastpapers.co/caie/a-level/business-9609/2023-may-june
https://pastpapers.co/api/file/caie/a-level/business-9609/2023-may-june/9609_s23_qp_12.pdf?download=1,,9609_s23_qp_12.pdf,auto,,https://pastpapers.co/caie/a-level/business-9609/2023-may-june
https://pastpapers.co/caie/a-level/business-9609/2023-may-june/9609_s23_qp_13.pdf,,9609_s23_qp_13.pdf,auto,9609_s23_qp_13.pdf,https://pastpapers.co/caie/a-level/business-9609/2023-may-june
https://pastpapers.co/api/file/caie/a-level/business-9609/2023-may-june/9609_s23_qp_13.pdf?download=1,,9609_s23_qp_13.pdf,auto,,https://pastpapers.co/caie/a-level/business-9609/2023-may-june
https://pastpapers.co/caie/a-level/business-9609/2023-may-june/9609_s23_qp_21.pdf,,9609_s23_qp_21.pdf,auto,9609_s23_qp_21.pdf,https://pastpapers.co/caie/a-level/business-9609/2023-may-june
https://pastpapers.co/api/file/caie/a-level/business-9609/2023-may-june/9609_s23_qp_21.pdf?download=1,,9609_s23_qp_21.pdf,auto,,https://pastpapers.co/caie/a-level/business-9609/2023-may-june
https://pastpapers.co/caie/a-level/business-9609/2023-may-june/9609_s23_qp_22.pdf,,9609_s23_qp_22.pdf,auto,9609_s23_qp_22.pdf,https://pastpapers.co/caie/a-level/business-9609/2023-may-june
https://pastpapers.co/api/file/caie/a-level/business-9609/2023-may-june/9609_s23_qp_22.pdf?download=1,,9609_s23_qp_22.pdf,auto,,https://pastpapers.co/caie/a-level/business-9609/2023-may-june
https://pastpapers.co/caie/a-level/business-9609/2023-may-june/9609_s23_qp_23.pdf,,9609_s23_qp_23.pdf,auto,9609_s23_qp_23.pdf,https://pastpapers.co/caie/a-level/business-9609/2023-may-june
https://pastpapers.co/api/file/caie/a-level/business-9609/2023-may-june/9609_s23_qp_23.pdf?download=1,,9609_s23_qp_23.pdf,auto,,https://pastpapers.co/caie/a-level/business-9609/2023-may-june
https://pastpapers.co/caie/a-level/business-9609/2023-may-june/9609_s23_qp_31.pdf,,9609_s23_qp_31.pdf,auto,9609_s23_qp_31.pdf,https://pastpapers.co/caie/a-level/business-9609/2023-may-june
https://pastpapers.co/api/file/caie/a-level/business-9609/2023-may-june/9609_s23_qp_31.pdf?download=1,,9609_s23_qp_31.pdf,auto,,https://pastpapers.co/caie/a-level/business-9609/2023-may-june
https://pastpapers.co/caie/a-level/business-9609/2023-may-june/9609_s23_qp_32.pdf,,9609_s23_qp_32.pdf,auto,9609_s23_qp_32.pdf,https://pastpapers.co/caie/a-level/business-9609/2023-may-june
https://pastpapers.co/api/file/caie/a-level/business-9609/2023-may-june/9609_s23_qp_32.pdf?download=1,,9609_s23_qp_32.pdf,auto,,https://pastpapers.co/caie/a-level/business-9609/2023-may-june
https://pastpapers.co/caie/a-level/business-9609/2023-may-june/9609_s23_qp_33.pdf,,9609_s23_qp_33.pdf,auto,9609_s23_qp_33.pdf,https://pastpapers.co/caie/a-level/business-9609/2023-may-june
https://pastpapers.co/api/file/caie/a-level/business-9609/2023-may-june/9609_s23_qp_33.pdf?download=1,,9609_s23_qp_33.pdf,auto,,https://pastpapers.co/caie/a-level/business-9609/2023-may-june
https://pastpapers.co/caie/a-level/business-9609/2023-may-june/9609_s23_qp_41.pdf,,9609_s23_qp_41.pdf,auto,9609_s23_qp_41.pdf,https://pastpapers.co/caie/a-level/business-9609/2023-may-june
https://pastpapers.co/api/file/caie/a-level/business-9609/2023-may-june/9609_s23_qp_41.pdf?download=1,,9609_s23_qp_41.pdf,auto,,https://pastpapers.co/caie/a-level/business-9609/2023-may-june
https://pastpapers.co/caie/a-level/business-9609/2023-may-june/9609_s23_qp_42.pdf,,9609_s23_qp_42.pdf,auto,9609_s23_qp_42.pdf,https://pastpapers.co/caie/a-level/business-9609/2023-may-june
https://pastpapers.co/api/file/caie/a-level/business-9609/2023-may-june/9609_s23_qp_42.pdf?download=1,,9609_s23_qp_42.pdf,auto,,https://pastpapers.co/caie/a-level/business-9609/2023-may-june
https://pastpapers.co/caie/a-level/business-9609/2023-may-june/9609_s23_qp_43.pdf,,9609_s23_qp_43.pdf,auto,9609_s23_qp_43.pdf,https://pastpapers.co/caie/a-level/business-9609/2023-may-june
https://pastpapers.co/api/file/caie/a-level/business-9609/2023-may-june/9609_s23_qp_43.pdf?download=1,,9609_s23_qp_43.pdf,auto,,https://pastpapers.co/caie/a-level/business-9609/2023-may-june
https://pastpapers.co/caie/a-level/business-9609/2023-oct-nov/9609_w23_gt.pdf,,9609_w23_gt.pdf,auto,9609_w23_gt.pdf,https://pastpapers.co/caie/a-level/business-9609/2023-oct-nov
https://pastpapers.co/api/file/caie/a-level/business-9609/2023-oct-nov/9609_w23_gt.pdf?download=1,,9609_w23_gt.pdf,auto,,https://pastpapers.co/caie/a-level/business-9609/2023-oct-nov
https://pastpapers.co/caie/a-level/business-9609/2023-oct-nov/9609_w23_in_31.pdf,,9609_w23_in_31.pdf,auto,9609_w23_in_31.pdf,https://pastpapers.co/caie/a-level/business-9609/2023-oct-nov
https://pastpapers.co/api/file/caie/a-level/business-9609/2023-oct-nov/9609_w23_in_31.pdf?download=1,,9609_w23_in_31.pdf,auto,,https://pastpapers.co/caie/a-level/business-9609/2023-oct-nov
https://pastpapers.co/caie/a-level/business-9609/2023-oct-nov/9609_w23_in_32.pdf,,9609_w23_in_32.pdf,auto,9609_w23_in_32.pdf,https://pastpapers.co/caie/a-level/business-9609/2023-oct-nov
https://pastpapers.co/api/file/caie/a-level/business-9609/2023-oct-nov/9609_w23_in_32.pdf?download=1,,9609_w23_in_32.pdf,auto,,https://pastpapers.co/caie/a-level/business-9609/2023-oct-nov
https://pastpapers.co/caie/a-level/business-9609/2023-oct-nov/9609_w23_in_33.pdf,,9609_w23_in_33.pdf,auto,9609_w23_in_33.pdf,https://pastpapers.co/caie/a-level/business-9609/2023-oct-nov
https://pastpapers.co/api/file/caie/a-level/business-9609/2023-oct-nov/9609_w23_in_33.pdf?download=1,,9609_w23_in_33.pdf,auto,,https://pastpapers.co/caie/a-level/business-9609/2023-oct-nov
https://pastpapers.co/caie/a-level/business-9609/2023-oct-nov/9609_w23_ms_11.pdf,,9609_w23_ms_11.pdf,auto,9609_w23_ms_11.pdf,https://pastpapers.co/caie/a-level/business-9609/2023-oct-nov
https://pastpapers.co/api/file/caie/a-level/business-9609/2023-oct-nov/9609_w23_ms_11.pdf?download=1,,9609_w23_ms_11.pdf,auto,,https://pastpapers.co/caie/a-level/business-9609/2023-oct-nov
https://pastpapers.co/caie/a-level/business-9609/2023-oct-nov/9609_w23_ms_12.pdf,,9609_w23_ms_12.pdf,auto,9609_w23_ms_12.pdf,https://pastpapers.co/caie/a-level/business-9609/2023-oct-nov
https://pastpapers.co/api/file/caie/a-level/business-9609/2023-oct-nov/9609_w23_ms_12.pdf?download=1,,9609_w23_ms_12.pdf,auto,,https://pastpapers.co/caie/a-level/business-9609/2023-oct-nov
https://pastpapers.co/caie/a-level/business-9609/2023-oct-nov/9609_w23_ms_13.pdf,,9609_w23_ms_13.pdf,auto,9609_w23_ms_13.pdf,https://pastpapers.co/caie/a-level/business-9609/2023-oct-nov
https://pastpapers.co/api/file/caie/a-level/business-9609/2023-oct-nov/9609_w23_ms_13.pdf?download=1,,9609_w23_ms_13.pdf,auto,,https://pastpapers.co/caie/a-level/business-9609/2023-oct-nov
https://pastpapers.co/caie/a-level/business-9609/2023-oct-nov/9609_w23_ms_21.pdf,,9609_w23_ms_21.pdf,auto,9609_w23_ms_21.pdf,https://pastpapers.co/caie/a-level/business-9609/2023-oct-nov
https://pastpapers.co/api/file/caie/a-level/business-9609/2023-oct-nov/9609_w23_ms_21.pdf?download=1,,9609_w23_ms_21.pdf,auto,,https://pastpapers.co/caie/a-level/business-9609/2023-oct-nov
https://pastpapers.co/caie/a-level/business-9609/2023-oct-nov/9609_w23_ms_22.pdf,,9609_w23_ms_22.pdf,auto,9609_w23_ms_22.pdf,https://pastpapers.co/caie/a-level/business-9609/2023-oct-nov
https://pastpapers.co/api/file/caie/a-level/business-9609/2023-oct-nov/9609_w23_ms_22.pdf?download=1,,9609_w23_ms_22.pdf,auto,,https://pastpapers.co/caie/a-level/business-9609/2023-oct-nov
https://pastpapers.co/caie/a-level/business-9609/2023-oct-nov/9609_w23_ms_23.pdf,,9609_w23_ms_23.pdf,auto,9609_w23_ms_23.pdf,https://pastpapers.co/caie/a-level/business-9609/2023-oct-nov
https://pastpapers.co/api/file/caie/a-level/business-9609/2023-oct-nov/9609_w23_ms_23.pdf?download=1,,9609_w23_ms_23.pdf,auto,,https://pastpapers.co/caie/a-level/business-9609/2023-oct-nov
https://pastpapers.co/caie/a-level/business-9609/2023-oct-nov/9609_w23_ms_31.pdf,,9609_w23_ms_31.pdf,auto,9609_w23_ms_31.pdf,https://pastpapers.co/caie/a-level/business-9609/2023-oct-nov
https://pastpapers.co/api/file/caie/a-level/business-9609/2023-oct-nov/9609_w23_ms_31.pdf?download=1,,9609_w23_ms_31.pdf,auto,,https://pastpapers.co/caie/a-level/business-9609/2023-oct-nov
https://pastpapers.co/caie/a-level/business-9609/2023-oct-nov/9609_w23_ms_32.pdf,,9609_w23_ms_32.pdf,auto,9609_w23_ms_32.pdf,https://pastpapers.co/caie/a-level/business-9609/2023-oct-nov
https://pastpapers.co/api/file/caie/a-level/business-9609/2023-oct-nov/9609_w23_ms_32.pdf?download=1,,9609_w23_ms_32.pdf,auto,,https://pastpapers.co/caie/a-level/business-9609/2023-oct-nov
https://pastpapers.co/caie/a-level/business-9609/2023-oct-nov/9609_w23_ms_33.pdf,,9609_w23_ms_33.pdf,auto,9609_w23_ms_33.pdf,https://pastpapers.co/caie/a-level/business-9609/2023-oct-nov
https://pastpapers.co/api/file/caie/a-level/business-9609/2023-oct-nov/9609_w23_ms_33.pdf?download=1,,9609_w23_ms_33.pdf,auto,,https://pastpapers.co/caie/a-level/business-9609/2023-oct-nov
https://pastpapers.co/caie/a-level/business-9609/2023-oct-nov/9609_w23_ms_41.pdf,,9609_w23_ms_41.pdf,auto,9609_w23_ms_41.pdf,https://pastpapers.co/caie/a-level/business-9609/2023-oct-nov
https://pastpapers.co/api/file/caie/a-level/business-9609/2023-oct-nov/9609_w23_ms_41.pdf?download=1,,9609_w23_ms_41.pdf,auto,,https://pastpapers.co/caie/a-level/business-9609/2023-oct-nov
https://pastpapers.co/caie/a-level/business-9609/2023-oct-nov/9609_w23_ms_42.pdf,,9609_w23_ms_42.pdf,auto,9609_w23_ms_42.pdf,https://pastpapers.co/caie/a-level/business-9609/2023-oct-nov
https://pastpapers.co/api/file/caie/a-level/business-9609/2023-oct-nov/9609_w23_ms_42.pdf?download=1,,9609_w23_ms_42.pdf,auto,,https://pastpapers.co/caie/a-level/business-9609/2023-oct-nov
https://pastpapers.co/caie/a-level/business-9609/2023-oct-nov/9609_w23_ms_43.pdf,,9609_w23_ms_43.pdf,auto,9609_w23_ms_43.pdf,https://pastpapers.co/caie/a-level/business-9609/2023-oct-nov
https://pastpapers.co/api/file/caie/a-level/business-9609/2023-oct-nov/9609_w23_ms_43.pdf?download=1,,9609_w23_ms_43.pdf,auto,,https://pastpapers.co/caie/a-level/business-9609/2023-oct-nov
https://pastpapers.co/caie/a-level/business-9609/2023-oct-nov/9609_w23_qp_11.pdf,,9609_w23_qp_11.pdf,auto,9609_w23_qp_11.pdf,https://pastpapers.co/caie/a-level/business-9609/2023-oct-nov
https://pastpapers.co/api/file/caie/a-level/business-9609/2023-oct-nov/9609_w23_qp_11.pdf?download=1,,9609_w23_qp_11.pdf,auto,,https://pastpapers.co/caie/a-level/business-9609/2023-oct-nov
https://pastpapers.co/caie/a-level/business-9609/2023-oct-nov/9609_w23_qp_12.pdf,,9609_w23_qp_12.pdf,auto,9609_w23_qp_12.pdf,https://pastpapers.co/caie/a-level/business-9609/2023-oct-nov
https://pastpapers.co/api/file/caie/a-level/business-9609/2023-oct-nov/9609_w23_qp_12.pdf?download=1,,9609_w23_qp_12.pdf,auto,,https://pastpapers.co/caie/a-level/business-9609/2023-oct-nov
https://pastpapers.co/caie/a-level/business-9609/2023-oct-nov/9609_w23_qp_13.pdf,,9609_w23_qp_13.pdf,auto,9609_w23_qp_13.pdf,https://pastpapers.co/caie/a-level/business-9609/2023-oct-nov
https://pastpapers.co/api/file/caie/a-level/business-9609/2023-oct-nov/9609_w23_qp_13.pdf?download=1,,9609_w23_qp_13.pdf,auto,,https://pastpapers.co/caie/a-level/business-9609/2023-oct-nov
https://pastpapers.co/caie/a-level/business-9609/2023-oct-nov/9609_w23_qp_21.pdf,,9609_w23_qp_21.pdf,auto,9609_w23_qp_21.pdf,https://pastpapers.co/caie/a-level/business-9609/2023-oct-nov
https://pastpapers.co/api/file/caie/a-level/business-9609/2023-oct-nov/9609_w23_qp_21.pdf?download=1,,9609_w23_qp_21.pdf,auto,,https://pastpapers.co/caie/a-level/business-9609/2023-oct-nov
https://pastpapers.co/caie/a-level/business-9609/2023-oct-nov/9609_w23_qp_22.pdf,,9609_w23_qp_22.pdf,auto,9609_w23_qp_22.pdf,https://pastpapers.co/caie/a-level/business-9609/2023-oct-nov
https://pastpapers.co/api/file/caie/a-level/business-9609/2023-oct-nov/9609_w23_qp_22.pdf?download=1,,9609_w23_qp_22.pdf,auto,,https://pastpapers.co/caie/a-level/business-9609/2023-oct-nov
https://pastpapers.co/caie/a-level/business-9609/2023-oct-nov/9609_w23_qp_23.pdf,,9609_w23_qp_23.pdf,auto,9609_w23_qp_23.pdf,https://pastpapers.co/caie/a-level/business-9609/2023-oct-nov
https://pastpapers.co/api/file/caie/a-level/business-9609/2023-oct-nov/9609_w23_qp_23.pdf?download=1,,9609_w23_qp_23.pdf,auto,,https://pastpapers.co/caie/a-level/business-9609/2023-oct-nov
https://pastpapers.co/caie/a-level/business-9609/2023-oct-nov/9609_w23_qp_31.pdf,,9609_w23_qp_31.pdf,auto,9609_w23_qp_31.pdf,https://pastpapers.co/caie/a-level/business-9609/2023-oct-nov
https://pastpapers.co/api/file/caie/a-level/business-9609/2023-oct-nov/9609_w23_qp_31.pdf?download=1,,9609_w23_qp_31.pdf,auto,,https://pastpapers.co/caie/a-level/business-9609/2023-oct-nov
https://pastpapers.co/caie/a-level/business-9609/2023-oct-nov/9609_w23_qp_32.pdf,,9609_w23_qp_32.pdf,auto,9609_w23_qp_32.pdf,https://pastpapers.co/caie/a-level/business-9609/2023-oct-nov
https://pastpapers.co/api/file/caie/a-level/business-9609/2023-oct-nov/9609_w23_qp_32.pdf?download=1,,9609_w23_qp_32.pdf,auto,,https://pastpapers.co/caie/a-level/business-9609/2023-oct-nov
https://pastpapers.co/caie/a-level/business-9609/2023-oct-nov/9609_w23_qp_33.pdf,,9609_w23_qp_33.pdf,auto,9609_w23_qp_33.pdf,https://pastpapers.co/caie/a-level/business-9609/2023-oct-nov
https://pastpapers.co/api/file/caie/a-level/business-9609/2023-oct-nov/9609_w23_qp_33.pdf?download=1,,9609_w23_qp_33.pdf,auto,,https://pastpapers.co/caie/a-level/business-9609/2023-oct-nov
https://pastpapers.co/caie/a-level/business-9609/2023-oct-nov/9609_w23_qp_41.pdf,,9609_w23_qp_41.pdf,auto,9609_w23_qp_41.pdf,https://pastpapers.co/caie/a-level/business-9609/2023-oct-nov
https://pastpapers.co/api/file/caie/a-level/business-9609/2023-oct-nov/9609_w23_qp_41.pdf?download=1,,9609_w23_qp_41.pdf,auto,,https://pastpapers.co/caie/a-level/business-9609/2023-oct-nov
https://pastpapers.co/caie/a-level/business-9609/2023-oct-nov/9609_w23_qp_42.pdf,,9609_w23_qp_42.pdf,auto,9609_w23_qp_42.pdf,https://pastpapers.co/caie/a-level/business-9609/2023-oct-nov
https://pastpapers.co/api/file/caie/a-level/business-9609/2023-oct-nov/9609_w23_qp_42.pdf?download=1,,9609_w23_qp_42.pdf,auto,,https://pastpapers.co/caie/a-level/business-9609/2023-oct-nov
https://pastpapers.co/caie/a-level/business-9609/2023-oct-nov/9609_w23_qp_43.pdf,,9609_w23_qp_43.pdf,auto,9609_w23_qp_43.pdf,https://pastpapers.co/caie/a-level/business-9609/2023-oct-nov
https://pastpapers.co/api/file/caie/a-level/business-9609/2023-oct-nov/9609_w23_qp_43.pdf?download=1,,9609_w23_qp_43.pdf,auto,,https://pastpapers.co/caie/a-level/business-9609/2023-oct-nov
https://pastpapers.co/caie/a-level/business-9609/2024-march/9609_m24_gt.pdf,,9609_m24_gt.pdf,auto,9609_m24_gt.pdf,https://pastpapers.co/caie/a-level/business-9609/2024-march
https://pastpapers.co/api/file/caie/a-level/business-9609/2024-march/9609_m24_gt.pdf?download=1,,9609_m24_gt.pdf,auto,,https://pastpapers.co/caie/a-level/business-9609/2024-march
https://pastpapers.co/caie/a-level/business-9609/2024-march/9609_m24_in_32.pdf,,9609_m24_in_32.pdf,auto,9609_m24_in_32.pdf,https://pastpapers.co/caie/a-level/business-9609/2024-march
https://pastpapers.co/api/file/caie/a-level/business-9609/2024-march/9609_m24_in_32.pdf?download=1,,9609_m24_in_32.pdf,auto,,https://pastpapers.co/caie/a-level/business-9609/2024-march
https://pastpapers.co/caie/a-level/business-9609/2024-march/9609_m24_ms_12.pdf,,9609_m24_ms_12.pdf,auto,9609_m24_ms_12.pdf,https://pastpapers.co/caie/a-level/business-9609/2024-march
https://pastpapers.co/api/file/caie/a-level/business-9609/2024-march/9609_m24_ms_12.pdf?download=1,,9609_m24_ms_12.pdf,auto,,https://pastpapers.co/caie/a-level/business-9609/2024-march
https://pastpapers.co/caie/a-level/business-9609/2024-march/9609_m24_ms_22.pdf,,9609_m24_ms_22.pdf,auto,9609_m24_ms_22.pdf,https://pastpapers.co/caie/a-level/business-9609/2024-march
https://pastpapers.co/api/file/caie/a-level/business-9609/2024-march/9609_m24_ms_22.pdf?download=1,,9609_m24_ms_22.pdf,auto,,https://pastpapers.co/caie/a-level/business-9609/2024-march
https://pastpapers.co/caie/a-level/business-9609/2024-march/9609_m24_ms_32.pdf,,9609_m24_ms_32.pdf,auto,9609_m24_ms_32.pdf,https://pastpapers.co/caie/a-level/business-9609/2024-march
https://pastpapers.co/api/file/caie/a-level/business-9609/2024-march/9609_m24_ms_32.pdf?download=1,,9609_m24_ms_32.pdf,auto,,https://pastpapers.co/caie/a-level/business-9609/2024-march
https://pastpapers.co/caie/a-level/business-9609/2024-march/9609_m24_ms_42.pdf,,9609_m24_ms_42.pdf,auto,9609_m24_ms_42.pdf,https://pastpapers.co/caie/a-level/business-9609/2024-march
https://pastpapers.co/api/file/caie/a-level/business-9609/2024-march/9609_m24_ms_42.pdf?download=1,,9609_m24_ms_42.pdf,auto,,https://pastpapers.co/caie/a-level/business-9609/2024-march
https://pastpapers.co/caie/a-level/business-9609/2024-march/9609_m24_qp_12.pdf,,9609_m24_qp_12.pdf,auto,9609_m24_qp_12.pdf,https://pastpapers.co/caie/a-level/business-9609/2024-march
https://pastpapers.co/api/file/caie/a-level/business-9609/2024-march/9609_m24_qp_12.pdf?download=1,,9609_m24_qp_12.pdf,auto,,https://pastpapers.co/caie/a-level/business-9609/2024-march
https://pastpapers.co/caie/a-level/business-9609/2024-march/9609_m24_qp_22.pdf,,9609_m24_qp_22.pdf,auto,9609_m24_qp_22.pdf,https://pastpapers.co/caie/a-level/business-9609/2024-march
https://pastpapers.co/api/file/caie/a-level/business-9609/2024-march/9609_m24_qp_22.pdf?download=1,,9609_m24_qp_22.pdf,auto,,https://pastpapers.co/caie/a-level/business-9609/2024-march
https://pastpapers.co/caie/a-level/business-9609/2024-march/9609_m24_qp_32.pdf,,9609_m24_qp_32.pdf,auto,9609_m24_qp_32.pdf,https://pastpapers.co/caie/a-level/business-9609/2024-march
https://pastpapers.co/api/file/caie/a-level/business-9609/2024-march/9609_m24_qp_32.pdf?download=1,,9609_m24_qp_32.pdf,auto,,https://pastpapers.co/caie/a-level/business-9609/2024-march
https://pastpapers.co/caie/a-level/business-9609/2024-march/9609_m24_qp_42.pdf,,9609_m24_qp_42.pdf,auto,9609_m24_qp_42.pdf,https://pastpapers.co/caie/a-level/business-9609/2024-march
https://pastpapers.co/api/file/caie/a-level/business-9609/2024-march/9609_m24_qp_42.pdf?download=1,,9609_m24_qp_42.pdf,auto,,https://pastpapers.co/caie/a-level/business-9609/2024-march
https://pastpapers.co/caie/a-level/business-9609/2024-may-june/9609_s24_gt.pdf,,9609_s24_gt.pdf,auto,9609_s24_gt.pdf,https://pastpapers.co/caie/a-level/business-9609/2024-may-june
https://pastpapers.co/api/file/caie/a-level/business-9609/2024-may-june/9609_s24_gt.pdf?download=1,,9609_s24_gt.pdf,auto,,https://pastpapers.co/caie/a-level/business-9609/2024-may-june
https://pastpapers.co/caie/a-level/business-9609/2024-may-june/9609_s24_in_31.pdf,,9609_s24_in_31.pdf,auto,9609_s24_in_31.pdf,https://pastpapers.co/caie/a-level/business-9609/2024-may-june
https://pastpapers.co/api/file/caie/a-level/business-9609/2024-may-june/9609_s24_in_31.pdf?download=1,,9609_s24_in_31.pdf,auto,,https://pastpapers.co/caie/a-level/business-9609/2024-may-june
https://pastpapers.co/caie/a-level/business-9609/2024-may-june/9609_s24_in_32.pdf,,9609_s24_in_32.pdf,auto,9609_s24_in_32.pdf,https://pastpapers.co/caie/a-level/business-9609/2024-may-june
https://pastpapers.co/api/file/caie/a-level/business-9609/2024-may-june/9609_s24_in_32.pdf?download=1,,9609_s24_in_32.pdf,auto,,https://pastpapers.co/caie/a-level/business-9609/2024-may-june
https://pastpapers.co/caie/a-level/business-9609/2024-may-june/9609_s24_in_33.pdf,,9609_s24_in_33.pdf,auto,9609_s24_in_33.pdf,https://pastpapers.co/caie/a-level/business-9609/2024-may-june
https://pastpapers.co/api/file/caie/a-level/business-9609/2024-may-june/9609_s24_in_33.pdf?download=1,,9609_s24_in_33.pdf,auto,,https://pastpapers.co/caie/a-level/business-9609/2024-may-june
https://pastpapers.co/caie/a-level/business-9609/2024-may-june/9609_s24_ms_11.pdf,,9609_s24_ms_11.pdf,auto,9609_s24_ms_11.pdf,https://pastpapers.co/caie/a-level/business-9609/2024-may-june
https://pastpapers.co/api/file/caie/a-level/business-9609/2024-may-june/9609_s24_ms_11.pdf?download=1,,9609_s24_ms_11.pdf,auto,,https://pastpapers.co/caie/a-level/business-9609/2024-may-june
https://pastpapers.co/caie/a-level/business-9609/2024-may-june/9609_s24_ms_12.pdf,,9609_s24_ms_12.pdf,auto,9609_s24_ms_12.pdf,https://pastpapers.co/caie/a-level/business-9609/2024-may-june
https://pastpapers.co/api/file/caie/a-level/business-9609/2024-may-june/9609_s24_ms_12.pdf?download=1,,9609_s24_ms_12.pdf,auto,,https://pastpapers.co/caie/a-level/business-9609/2024-may-june
https://pastpapers.co/caie/a-level/business-9609/2024-may-june/9609_s24_ms_13.pdf,,9609_s24_ms_13.pdf,auto,9609_s24_ms_13.pdf,https://pastpapers.co/caie/a-level/business-9609/2024-may-june
https://pastpapers.co/api/file/caie/a-level/business-9609/2024-may-june/9609_s24_ms_13.pdf?download=1,,9609_s24_ms_13.pdf,auto,,https://pastpapers.co/caie/a-level/business-9609/2024-may-june
https://pastpapers.co/caie/a-level/business-9609/2024-may-june/9609_s24_ms_21.pdf,,9609_s24_ms_21.pdf,auto,9609_s24_ms_21.pdf,https://pastpapers.co/caie/a-level/business-9609/2024-may-june
https://pastpapers.co/api/file/caie/a-level/business-9609/2024-may-june/9609_s24_ms_21.pdf?download=1,,9609_s24_ms_21.pdf,auto,,https://pastpapers.co/caie/a-level/business-9609/2024-may-june
https://pastpapers.co/caie/a-level/business-9609/2024-may-june/9609_s24_ms_22.pdf,,9609_s24_ms_22.pdf,auto,9609_s24_ms_22.pdf,https://pastpapers.co/caie/a-level/business-9609/2024-may-june
https://pastpapers.co/api/file/caie/a-level/business-9609/2024-may-june/9609_s24_ms_22.pdf?download=1,,9609_s24_ms_22.pdf,auto,,https://pastpapers.co/caie/a-level/business-9609/2024-may-june
https://pastpapers.co/caie/a-level/business-9609/2024-may-june/9609_s24_ms_23.pdf,,9609_s24_ms_23.pdf,auto,9609_s24_ms_23.pdf,https://pastpapers.co/caie/a-level/business-9609/2024-may-june
https://pastpapers.co/api/file/caie/a-level/business-9609/2024-may-june/9609_s24_ms_23.pdf?download=1,,9609_s24_ms_23.pdf,auto,,https://pastpapers.co/caie/a-level/business-9609/2024-may-june
https://pastpapers.co/caie/a-level/business-9609/2024-may-june/9609_s24_ms_31.pdf,,9609_s24_ms_31.pdf,auto,9609_s24_ms_31.pdf,https://pastpapers.co/caie/a-level/business-9609/2024-may-june
https://pastpapers.co/api/file/caie/a-level/business-9609/2024-may-june/9609_s24_ms_31.pdf?download=1,,9609_s24_ms_31.pdf,auto,,https://pastpapers.co/caie/a-level/business-9609/2024-may-june
https://pastpapers.co/caie/a-level/business-9609/2024-may-june/9609_s24_ms_32.pdf,,9609_s24_ms_32.pdf,auto,9609_s24_ms_32.pdf,https://pastpapers.co/caie/a-level/business-9609/2024-may-june
https://pastpapers.co/api/file/caie/a-level/business-9609/2024-may-june/9609_s24_ms_32.pdf?download=1,,9609_s24_ms_32.pdf,auto,,https://pastpapers.co/caie/a-level/business-9609/2024-may-june
https://pastpapers.co/caie/a-level/business-9609/2024-may-june/9609_s24_ms_33.pdf,,9609_s24_ms_33.pdf,auto,9609_s24_ms_33.pdf,https://pastpapers.co/caie/a-level/business-9609/2024-may-june
https://pastpapers.co/api/file/caie/a-level/business-9609/2024-may-june/9609_s24_ms_33.pdf?download=1,,9609_s24_ms_33.pdf,auto,,https://pastpapers.co/caie/a-level/business-9609/2024-may-june
https://pastpapers.co/caie/a-level/business-9609/2024-may-june/9609_s24_ms_41.pdf,,9609_s24_ms_41.pdf,auto,9609_s24_ms_41.pdf,https://pastpapers.co/caie/a-level/business-9609/2024-may-june
https://pastpapers.co/api/file/caie/a-level/business-9609/2024-may-june/9609_s24_ms_41.pdf?download=1,,9609_s24_ms_41.pdf,auto,,https://pastpapers.co/caie/a-level/business-9609/2024-may-june
https://pastpapers.co/caie/a-level/business-9609/2024-may-june/9609_s24_ms_42.pdf,,9609_s24_ms_42.pdf,auto,9609_s24_ms_42.pdf,https://pastpapers.co/caie/a-level/business-9609/2024-may-june
https://pastpapers.co/api/file/caie/a-level/business-9609/2024-may-june/9609_s24_ms_42.pdf?download=1,,9609_s24_ms_42.pdf,auto,,https://pastpapers.co/caie/a-level/business-9609/2024-may-june
https://pastpapers.co/caie/a-level/business-9609/2024-may-june/9609_s24_ms_43.pdf,,9609_s24_ms_43.pdf,auto,9609_s24_ms_43.pdf,https://pastpapers.co/caie/a-level/business-9609/2024-may-june
https://pastpapers.co/api/file/caie/a-level/business-9609/2024-may-june/9609_s24_ms_43.pdf?download=1,,9609_s24_ms_43.pdf,auto,,https://pastpapers.co/caie/a-level/business-9609/2024-may-june
https://pastpapers.co/caie/a-level/business-9609/2024-may-june/9609_s24_qp_11.pdf,,9609_s24_qp_11.pdf,auto,9609_s24_qp_11.pdf,https://pastpapers.co/caie/a-level/business-9609/2024-may-june
https://pastpapers.co/api/file/caie/a-level/business-9609/2024-may-june/9609_s24_qp_11.pdf?download=1,,9609_s24_qp_11.pdf,auto,,https://pastpapers.co/caie/a-level/business-9609/2024-may-june
https://pastpapers.co/caie/a-level/business-9609/2024-may-june/9609_s24_qp_12.pdf,,9609_s24_qp_12.pdf,auto,9609_s24_qp_12.pdf,https://pastpapers.co/caie/a-level/business-9609/2024-may-june
https://pastpapers.co/api/file/caie/a-level/business-9609/2024-may-june/9609_s24_qp_12.pdf?download=1,,9609_s24_qp_12.pdf,auto,,https://pastpapers.co/caie/a-level/business-9609/2024-may-june
https://pastpapers.co/caie/a-level/business-9609/2024-may-june/9609_s24_qp_13.pdf,,9609_s24_qp_13.pdf,auto,9609_s24_qp_13.pdf,https://pastpapers.co/caie/a-level/business-9609/2024-may-june
https://pastpapers.co/api/file/caie/a-level/business-9609/2024-may-june/9609_s24_qp_13.pdf?download=1,,9609_s24_qp_13.pdf,auto,,https://pastpapers.co/caie/a-level/business-9609/2024-may-june
https://pastpapers.co/caie/a-level/business-9609/2024-may-june/9609_s24_qp_21.pdf,,9609_s24_qp_21.pdf,auto,9609_s24_qp_21.pdf,https://pastpapers.co/caie/a-level/business-9609/2024-may-june
https://pastpapers.co/api/file/caie/a-level/business-9609/2024-may-june/9609_s24_qp_21.pdf?download=1,,9609_s24_qp_21.pdf,auto,,https://pastpapers.co/caie/a-level/business-9609/2024-may-june
https://pastpapers.co/caie/a-level/business-9609/2024-may-june/9609_s24_qp_22.pdf,,9609_s24_qp_22.pdf,auto,9609_s24_qp_22.pdf,https://pastpapers.co/caie/a-level/business-9609/2024-may-june
https://pastpapers.co/api/file/caie/a-level/business-9609/2024-may-june/9609_s24_qp_22.pdf?download=1,,9609_s24_qp_22.pdf,auto,,https://pastpapers.co/caie/a-level/business-9609/2024-may-june
https://pastpapers.co/caie/a-level/business-9609/2024-may-june/9609_s24_qp_23.pdf,,9609_s24_qp_23.pdf,auto,9609_s24_qp_23.pdf,https://pastpapers.co/caie/a-level/business-9609/2024-may-june
https://pastpapers.co/api/file/caie/a-level/business-9609/2024-may-june/9609_s24_qp_23.pdf?download=1,,9609_s24_qp_23.pdf,auto,,https://pastpapers.co/caie/a-level/business-9609/2024-may-june
https://pastpapers.co/caie/a-level/business-9609/2024-may-june/9609_s24_qp_31.pdf,,9609_s24_qp_31.pdf,auto,9609_s24_qp_31.pdf,https://pastpapers.co/caie/a-level/business-9609/2024-may-june
https://pastpapers.co/api/file/caie/a-level/business-9609/2024-may-june/9609_s24_qp_31.pdf?download=1,,9609_s24_qp_31.pdf,auto,,https://pastpapers.co/caie/a-level/business-9609/2024-may-june
https://pastpapers.co/caie/a-level/business-9609/2024-may-june/9609_s24_qp_32.pdf,,9609_s24_qp_32.pdf,auto,9609_s24_qp_32.pdf,https://pastpapers.co/caie/a-level/business-9609/2024-may-june
https://pastpapers.co/api/file/caie/a-level/business-9609/2024-may-june/9609_s24_qp_32.pdf?download=1,,9609_s24_qp_32.pdf,auto,,https://pastpapers.co/caie/a-level/business-9609/2024-may-june
https://pastpapers.co/caie/a-level/business-9609/2024-may-june/9609_s24_qp_33.pdf,,9609_s24_qp_33.pdf,auto,9609_s24_qp_33.pdf,https://pastpapers.co/caie/a-level/business-9609/2024-may-june
https://pastpapers.co/api/file/caie/a-level/business-9609/2024-may-june/9609_s24_qp_33.pdf?download=1,,9609_s24_qp_33.pdf,auto,,https://pastpapers.co/caie/a-level/business-9609/2024-may-june
https://pastpapers.co/caie/a-level/business-9609/2024-may-june/9609_s24_qp_41.pdf,,9609_s24_qp_41.pdf,auto,9609_s24_qp_41.pdf,https://pastpapers.co/caie/a-level/business-9609/2024-may-june
https://pastpapers.co/api/file/caie/a-level/business-9609/2024-may-june/9609_s24_qp_41.pdf?download=1,,9609_s24_qp_41.pdf,auto,,https://pastpapers.co/caie/a-level/business-9609/2024-may-june
https://pastpapers.co/caie/a-level/business-9609/2024-may-june/9609_s24_qp_42.pdf,,9609_s24_qp_42.pdf,auto,9609_s24_qp_42.pdf,https://pastpapers.co/caie/a-level/business-9609/2024-may-june
https://pastpapers.co/api/file/caie/a-level/business-9609/2024-may-june/9609_s24_qp_42.pdf?download=1,,9609_s24_qp_42.pdf,auto,,https://pastpapers.co/caie/a-level/business-9609/2024-may-june
https://pastpapers.co/caie/a-level/business-9609/2024-may-june/9609_s24_qp_43.pdf,,9609_s24_qp_43.pdf,auto,9609_s24_qp_43.pdf,https://pastpapers.co/caie/a-level/business-9609/2024-may-june
https://pastpapers.co/api/file/caie/a-level/business-9609/2024-may-june/9609_s24_qp_43.pdf?download=1,,9609_s24_qp_43.pdf,auto,,https://pastpapers.co/caie/a-level/business-9609/2024-may-june
https://pastpapers.co/caie/a-level/business-9609/2024-oct-nov/9609_w24_gt.pdf,,9609_w24_gt.pdf,auto,9609_w24_gt.pdf,https://pastpapers.co/caie/a-level/business-9609/2024-oct-nov
https://pastpapers.co/api/file/caie/a-level/business-9609/2024-oct-nov/9609_w24_gt.pdf?download=1,,9609_w24_gt.pdf,auto,,https://pastpapers.co/caie/a-level/business-9609/2024-oct-nov
https://pastpapers.co/caie/a-level/business-9609/2024-oct-nov/9609_w24_in_31.pdf,,9609_w24_in_31.pdf,auto,9609_w24_in_31.pdf,https://pastpapers.co/caie/a-level/business-9609/2024-oct-nov
https://pastpapers.co/api/file/caie/a-level/business-9609/2024-oct-nov/9609_w24_in_31.pdf?download=1,,9609_w24_in_31.pdf,auto,,https://pastpapers.co/caie/a-level/business-9609/2024-oct-nov
https://pastpapers.co/caie/a-level/business-9609/2024-oct-nov/9609_w24_in_32.pdf,,9609_w24_in_32.pdf,auto,9609_w24_in_32.pdf,https://pastpapers.co/caie/a-level/business-9609/2024-oct-nov
https://pastpapers.co/api/file/caie/a-level/business-9609/2024-oct-nov/9609_w24_in_32.pdf?download=1,,9609_w24_in_32.pdf,auto,,https://pastpapers.co/caie/a-level/business-9609/2024-oct-nov
https://pastpapers.co/caie/a-level/business-9609/2024-oct-nov/9609_w24_in_33.pdf,,9609_w24_in_33.pdf,auto,9609_w24_in_33.pdf,https://pastpapers.co/caie/a-level/business-9609/2024-oct-nov
https://pastpapers.co/api/file/caie/a-level/business-9609/2024-oct-nov/9609_w24_in_33.pdf?download=1,,9609_w24_in_33.pdf,auto,,https://pastpapers.co/caie/a-level/business-9609/2024-oct-nov
https://pastpapers.co/caie/a-level/business-9609/2024-oct-nov/9609_w24_ms_11.pdf,,9609_w24_ms_11.pdf,auto,9609_w24_ms_11.pdf,https://pastpapers.co/caie/a-level/business-9609/2024-oct-nov
https://pastpapers.co/api/file/caie/a-level/business-9609/2024-oct-nov/9609_w24_ms_11.pdf?download=1,,9609_w24_ms_11.pdf,auto,,https://pastpapers.co/caie/a-level/business-9609/2024-oct-nov
https://pastpapers.co/caie/a-level/business-9609/2024-oct-nov/9609_w24_ms_12.pdf,,9609_w24_ms_12.pdf,auto,9609_w24_ms_12.pdf,https://pastpapers.co/caie/a-level/business-9609/2024-oct-nov
https://pastpapers.co/api/file/caie/a-level/business-9609/2024-oct-nov/9609_w24_ms_12.pdf?download=1,,9609_w24_ms_12.pdf,auto,,https://pastpapers.co/caie/a-level/business-9609/2024-oct-nov
https://pastpapers.co/caie/a-level/business-9609/2024-oct-nov/9609_w24_ms_13.pdf,,9609_w24_ms_13.pdf,auto,9609_w24_ms_13.pdf,https://pastpapers.co/caie/a-level/business-9609/2024-oct-nov
https://pastpapers.co/api/file/caie/a-level/business-9609/2024-oct-nov/9609_w24_ms_13.pdf?download=1,,9609_w24_ms_13.pdf,auto,,https://pastpapers.co/caie/a-level/business-9609/2024-oct-nov
https://pastpapers.co/caie/a-level/business-9609/2024-oct-nov/9609_w24_ms_21.pdf,,9609_w24_ms_21.pdf,auto,9609_w24_ms_21.pdf,https://pastpapers.co/caie/a-level/business-9609/2024-oct-nov
https://pastpapers.co/api/file/caie/a-level/business-9609/2024-oct-nov/9609_w24_ms_21.pdf?download=1,,9609_w24_ms_21.pdf,auto,,https://pastpapers.co/caie/a-level/business-9609/2024-oct-nov
https://pastpapers.co/caie/a-level/business-9609/2024-oct-nov/9609_w24_ms_22.pdf,,9609_w24_ms_22.pdf,auto,9609_w24_ms_22.pdf,https://pastpapers.co/caie/a-level/business-9609/2024-oct-nov
https://pastpapers.co/api/file/caie/a-level/business-9609/2024-oct-nov/9609_w24_ms_22.pdf?download=1,,9609_w24_ms_22.pdf,auto,,https://pastpapers.co/caie/a-level/business-9609/2024-oct-nov
https://pastpapers.co/caie/a-level/business-9609/2024-oct-nov/9609_w24_ms_23.pdf,,9609_w24_ms_23.pdf,auto,9609_w24_ms_23.pdf,https://pastpapers.co/caie/a-level/business-9609/2024-oct-nov
https://pastpapers.co/api/file/caie/a-level/business-9609/2024-oct-nov/9609_w24_ms_23.pdf?download=1,,9609_w24_ms_23.pdf,auto,,https://pastpapers.co/caie/a-level/business-9609/2024-oct-nov
https://pastpapers.co/caie/a-level/business-9609/2024-oct-nov/9609_w24_ms_31.pdf,,9609_w24_ms_31.pdf,auto,9609_w24_ms_31.pdf,https://pastpapers.co/caie/a-level/business-9609/2024-oct-nov
https://pastpapers.co/api/file/caie/a-level/business-9609/2024-oct-nov/9609_w24_ms_31.pdf?download=1,,9609_w24_ms_31.pdf,auto,,https://pastpapers.co/caie/a-level/business-9609/2024-oct-nov
https://pastpapers.co/caie/a-level/business-9609/2024-oct-nov/9609_w24_ms_32.pdf,,9609_w24_ms_32.pdf,auto,9609_w24_ms_32.pdf,https://pastpapers.co/caie/a-level/business-9609/2024-oct-nov
https://pastpapers.co/api/file/caie/a-level/business-9609/2024-oct-nov/9609_w24_ms_32.pdf?download=1,,9609_w24_ms_32.pdf,auto,,https://pastpapers.co/caie/a-level/business-9609/2024-oct-nov
https://pastpapers.co/caie/a-level/business-9609/2024-oct-nov/9609_w24_ms_33.pdf,,9609_w24_ms_33.pdf,auto,9609_w24_ms_33.pdf,https://pastpapers.co/caie/a-level/business-9609/2024-oct-nov
https://pastpapers.co/api/file/caie/a-level/business-9609/2024-oct-nov/9609_w24_ms_33.pdf?download=1,,9609_w24_ms_33.pdf,auto,,https://pastpapers.co/caie/a-level/business-9609/2024-oct-nov
https://pastpapers.co/caie/a-level/business-9609/2024-oct-nov/9609_w24_ms_41.pdf,,9609_w24_ms_41.pdf,auto,9609_w24_ms_41.pdf,https://pastpapers.co/caie/a-level/business-9609/2024-oct-nov
https://pastpapers.co/api/file/caie/a-level/business-9609/2024-oct-nov/9609_w24_ms_41.pdf?download=1,,9609_w24_ms_41.pdf,auto,,https://pastpapers.co/caie/a-level/business-9609/2024-oct-nov
https://pastpapers.co/caie/a-level/business-9609/2024-oct-nov/9609_w24_ms_42.pdf,,9609_w24_ms_42.pdf,auto,9609_w24_ms_42.pdf,https://pastpapers.co/caie/a-level/business-9609/2024-oct-nov
https://pastpapers.co/api/file/caie/a-level/business-9609/2024-oct-nov/9609_w24_ms_42.pdf?download=1,,9609_w24_ms_42.pdf,auto,,https://pastpapers.co/caie/a-level/business-9609/2024-oct-nov
https://pastpapers.co/caie/a-level/business-9609/2024-oct-nov/9609_w24_ms_43.pdf,,9609_w24_ms_43.pdf,auto,9609_w24_ms_43.pdf,https://pastpapers.co/caie/a-level/business-9609/2024-oct-nov
https://pastpapers.co/api/file/caie/a-level/business-9609/2024-oct-nov/9609_w24_ms_43.pdf?download=1,,9609_w24_ms_43.pdf,auto,,https://pastpapers.co/caie/a-level/business-9609/2024-oct-nov
https://pastpapers.co/caie/a-level/business-9609/2024-oct-nov/9609_w24_qp_11.pdf,,9609_w24_qp_11.pdf,auto,9609_w24_qp_11.pdf,https://pastpapers.co/caie/a-level/business-9609/2024-oct-nov
https://pastpapers.co/api/file/caie/a-level/business-9609/2024-oct-nov/9609_w24_qp_11.pdf?download=1,,9609_w24_qp_11.pdf,auto,,https://pastpapers.co/caie/a-level/business-9609/2024-oct-nov
https://pastpapers.co/caie/a-level/business-9609/2024-oct-nov/9609_w24_qp_12.pdf,,9609_w24_qp_12.pdf,auto,9609_w24_qp_12.pdf,https://pastpapers.co/caie/a-level/business-9609/2024-oct-nov
https://pastpapers.co/api/file/caie/a-level/business-9609/2024-oct-nov/9609_w24_qp_12.pdf?download=1,,9609_w24_qp_12.pdf,auto,,https://pastpapers.co/caie/a-level/business-9609/2024-oct-nov
https://pastpapers.co/caie/a-level/business-9609/2024-oct-nov/9609_w24_qp_13.pdf,,9609_w24_qp_13.pdf,auto,9609_w24_qp_13.pdf,https://pastpapers.co/caie/a-level/business-9609/2024-oct-nov
https://pastpapers.co/api/file/caie/a-level/business-9609/2024-oct-nov/9609_w24_qp_13.pdf?download=1,,9609_w24_qp_13.pdf,auto,,https://pastpapers.co/caie/a-level/business-9609/2024-oct-nov
https://pastpapers.co/caie/a-level/business-9609/2024-oct-nov/9609_w24_qp_21.pdf,,9609_w24_qp_21.pdf,auto,9609_w24_qp_21.pdf,https://pastpapers.co/caie/a-level/business-9609/2024-oct-nov
https://pastpapers.co/api/file/caie/a-level/business-9609/2024-oct-nov/9609_w24_qp_21.pdf?download=1,,9609_w24_qp_21.pdf,auto,,https://pastpapers.co/caie/a-level/business-9609/2024-oct-nov
https://pastpapers.co/caie/a-level/business-9609/2024-oct-nov/9609_w24_qp_22.pdf,,9609_w24_qp_22.pdf,auto,9609_w24_qp_22.pdf,https://pastpapers.co/caie/a-level/business-9609/2024-oct-nov
https://pastpapers.co/api/file/caie/a-level/business-9609/2024-oct-nov/9609_w24_qp_22.pdf?download=1,,9609_w24_qp_22.pdf,auto,,https://pastpapers.co/caie/a-level/business-9609/2024-oct-nov
https://pastpapers.co/caie/a-level/business-9609/2024-oct-nov/9609_w24_qp_23.pdf,,9609_w24_qp_23.pdf,auto,9609_w24_qp_23.pdf,https://pastpapers.co/caie/a-level/business-9609/2024-oct-nov
https://pastpapers.co/api/file/caie/a-level/business-9609/2024-oct-nov/9609_w24_qp_23.pdf?download=1,,9609_w24_qp_23.pdf,auto,,https://pastpapers.co/caie/a-level/business-9609/2024-oct-nov
https://pastpapers.co/caie/a-level/business-9609/2024-oct-nov/9609_w24_qp_31.pdf,,9609_w24_qp_31.pdf,auto,9609_w24_qp_31.pdf,https://pastpapers.co/caie/a-level/business-9609/2024-oct-nov
https://pastpapers.co/api/file/caie/a-level/business-9609/2024-oct-nov/9609_w24_qp_31.pdf?download=1,,9609_w24_qp_31.pdf,auto,,https://pastpapers.co/caie/a-level/business-9609/2024-oct-nov
https://pastpapers.co/caie/a-level/business-9609/2024-oct-nov/9609_w24_qp_32.pdf,,9609_w24_qp_32.pdf,auto,9609_w24_qp_32.pdf,https://pastpapers.co/caie/a-level/business-9609/2024-oct-nov
https://pastpapers.co/api/file/caie/a-level/business-9609/2024-oct-nov/9609_w24_qp_32.pdf?download=1,,9609_w24_qp_32.pdf,auto,,https://pastpapers.co/caie/a-level/business-9609/2024-oct-nov
https://pastpapers.co/caie/a-level/business-9609/2024-oct-nov/9609_w24_qp_33.pdf,,9609_w24_qp_33.pdf,auto,9609_w24_qp_33.pdf,https://pastpapers.co/caie/a-level/business-9609/2024-oct-nov
https://pastpapers.co/api/file/caie/a-level/business-9609/2024-oct-nov/9609_w24_qp_33.pdf?download=1,,9609_w24_qp_33.pdf,auto,,https://pastpapers.co/caie/a-level/business-9609/2024-oct-nov
https://pastpapers.co/caie/a-level/business-9609/2024-oct-nov/9609_w24_qp_41.pdf,,9609_w24_qp_41.pdf,auto,9609_w24_qp_41.pdf,https://pastpapers.co/caie/a-level/business-9609/2024-oct-nov
https://pastpapers.co/api/file/caie/a-level/business-9609/2024-oct-nov/9609_w24_qp_41.pdf?download=1,,9609_w24_qp_41.pdf,auto,,https://pastpapers.co/caie/a-level/business-9609/2024-oct-nov
https://pastpapers.co/caie/a-level/business-9609/2024-oct-nov/9609_w24_qp_42.pdf,,9609_w24_qp_42.pdf,auto,9609_w24_qp_42.pdf,https://pastpapers.co/caie/a-level/business-9609/2024-oct-nov
https://pastpapers.co/api/file/caie/a-level/business-9609/2024-oct-nov/9609_w24_qp_42.pdf?download=1,,9609_w24_qp_42.pdf,auto,,https://pastpapers.co/caie/a-level/business-9609/2024-oct-nov
https://pastpapers.co/caie/a-level/business-9609/2024-oct-nov/9609_w24_qp_43.pdf,,9609_w24_qp_43.pdf,auto,9609_w24_qp_43.pdf,https://pastpapers.co/caie/a-level/business-9609/2024-oct-nov
https://pastpapers.co/api/file/caie/a-level/business-9609/2024-oct-nov/9609_w24_qp_43.pdf?download=1,,9609_w24_qp_43.pdf,auto,,https://pastpapers.co/caie/a-level/business-9609/2024-oct-nov
https://pastpapers.co/caie/a-level/business-9609/2025-march/9609_m25_er.pdf,,9609_m25_er.pdf,auto,9609_m25_er.pdf,https://pastpapers.co/caie/a-level/business-9609/2025-march
https://pastpapers.co/api/file/caie/a-level/business-9609/2025-march/9609_m25_er.pdf?download=1,,9609_m25_er.pdf,auto,,https://pastpapers.co/caie/a-level/business-9609/2025-march
https://pastpapers.co/caie/a-level/business-9609/2025-march/9609_m25_gt.pdf,,9609_m25_gt.pdf,auto,9609_m25_gt.pdf,https://pastpapers.co/caie/a-level/business-9609/2025-march
https://pastpapers.co/api/file/caie/a-level/business-9609/2025-march/9609_m25_gt.pdf?download=1,,9609_m25_gt.pdf,auto,,https://pastpapers.co/caie/a-level/business-9609/2025-march
https://pastpapers.co/caie/a-level/business-9609/2025-march/9609_m25_in_32.pdf,,9609_m25_in_32.pdf,auto,9609_m25_in_32.pdf,https://pastpapers.co/caie/a-level/business-9609/2025-march
https://pastpapers.co/api/file/caie/a-level/business-9609/2025-march/9609_m25_in_32.pdf?download=1,,9609_m25_in_32.pdf,auto,,https://pastpapers.co/caie/a-level/business-9609/2025-march
https://pastpapers.co/caie/a-level/business-9609/2025-march/9609_m25_ms_12.pdf,,9609_m25_ms_12.pdf,auto,9609_m25_ms_12.pdf,https://pastpapers.co/caie/a-level/business-9609/2025-march
https://pastpapers.co/api/file/caie/a-level/business-9609/2025-march/9609_m25_ms_12.pdf?download=1,,9609_m25_ms_12.pdf,auto,,https://pastpapers.co/caie/a-level/business-9609/2025-march
https://pastpapers.co/caie/a-level/business-9609/2025-march/9609_m25_ms_22.pdf,,9609_m25_ms_22.pdf,auto,9609_m25_ms_22.pdf,https://pastpapers.co/caie/a-level/business-9609/2025-march
https://pastpapers.co/api/file/caie/a-level/business-9609/2025-march/9609_m25_ms_22.pdf?download=1,,9609_m25_ms_22.pdf,auto,,https://pastpapers.co/caie/a-level/business-9609/2025-march
https://pastpapers.co/caie/a-level/business-9609/2025-march/9609_m25_ms_32.pdf,,9609_m25_ms_32.pdf,auto,9609_m25_ms_32.pdf,https://pastpapers.co/caie/a-level/business-9609/2025-march
https://pastpapers.co/api/file/caie/a-level/business-9609/2025-march/9609_m25_ms_32.pdf?download=1,,9609_m25_ms_32.pdf,auto,,https://pastpapers.co/caie/a-level/business-9609/2025-march
https://pastpapers.co/caie/a-level/business-9609/2025-march/9609_m25_ms_42.pdf,,9609_m25_ms_42.pdf,auto,9609_m25_ms_42.pdf,https://pastpapers.co/caie/a-level/business-9609/2025-march
https://pastpapers.co/api/file/caie/a-level/business-9609/2025-march/9609_m25_ms_42.pdf?download=1,,9609_m25_ms_42.pdf,auto,,https://pastpapers.co/caie/a-level/business-9609/2025-march
https://pastpapers.co/caie/a-level/business-9609/2025-march/9609_m25_qp_12.pdf,,9609_m25_qp_12.pdf,auto,9609_m25_qp_12.pdf,https://pastpapers.co/caie/a-level/business-9609/2025-march
https://pastpapers.co/api/file/caie/a-level/business-9609/2025-march/9609_m25_qp_12.pdf?download=1,,9609_m25_qp_12.pdf,auto,,https://pastpapers.co/caie/a-level/business-9609/2025-march
https://pastpapers.co/caie/a-level/business-9609/2025-march/9609_m25_qp_22.pdf,,9609_m25_qp_22.pdf,auto,9609_m25_qp_22.pdf,https://pastpapers.co/caie/a-level/business-9609/2025-march
https://pastpapers.co/api/file/caie/a-level/business-9609/2025-march/9609_m25_qp_22.pdf?download=1,,9609_m25_qp_22.pdf,auto,,https://pastpapers.co/caie/a-level/business-9609/2025-march
https://pastpapers.co/caie/a-level/business-9609/2025-march/9609_m25_qp_32.pdf,,9609_m25_qp_32.pdf,auto,9609_m25_qp_32.pdf,https://pastpapers.co/caie/a-level/business-9609/2025-march
https://pastpapers.co/api/file/caie/a-level/business-9609/2025-march/9609_m25_qp_32.pdf?download=1,,9609_m25_qp_32.pdf,auto,,https://pastpapers.co/caie/a-level/business-9609/2025-march
https://pastpapers.co/caie/a-level/business-9609/2025-march/9609_m25_qp_42.pdf,,9609_m25_qp_42.pdf,auto,9609_m25_qp_42.pdf,https://pastpapers.co/caie/a-level/business-9609/2025-march
https://pastpapers.co/api/file/caie/a-level/business-9609/2025-march/9609_m25_qp_42.pdf?download=1,,9609_m25_qp_42.pdf,auto,,https://pastpapers.co/caie/a-level/business-9609/2025-march
https://pastpapers.co/caie/a-level/business-9609/2025-may-june/9609_s25_gt.pdf,,9609_s25_gt.pdf,auto,9609_s25_gt.pdf,https://pastpapers.co/caie/a-level/business-9609/2025-may-june
https://pastpapers.co/api/file/caie/a-level/business-9609/2025-may-june/9609_s25_gt.pdf?download=1,,9609_s25_gt.pdf,auto,,https://pastpapers.co/caie/a-level/business-9609/2025-may-june
https://pastpapers.co/caie/a-level/business-9609/2025-may-june/9609_s25_in_31.pdf,,9609_s25_in_31.pdf,auto,9609_s25_in_31.pdf,https://pastpapers.co/caie/a-level/business-9609/2025-may-june
https://pastpapers.co/api/file/caie/a-level/business-9609/2025-may-june/9609_s25_in_31.pdf?download=1,,9609_s25_in_31.pdf,auto,,https://pastpapers.co/caie/a-level/business-9609/2025-may-june
https://pastpapers.co/caie/a-level/business-9609/2025-may-june/9609_s25_in_32.pdf,,9609_s25_in_32.pdf,auto,9609_s25_in_32.pdf,https://pastpapers.co/caie/a-level/business-9609/2025-may-june
https://pastpapers.co/api/file/caie/a-level/business-9609/2025-may-june/9609_s25_in_32.pdf?download=1,,9609_s25_in_32.pdf,auto,,https://pastpapers.co/caie/a-level/business-9609/2025-may-june
https://pastpapers.co/caie/a-level/business-9609/2025-may-june/9609_s25_in_33.pdf,,9609_s25_in_33.pdf,auto,9609_s25_in_33.pdf,https://pastpapers.co/caie/a-level/business-9609/2025-may-june
https://pastpapers.co/api/file/caie/a-level/business-9609/2025-may-june/9609_s25_in_33.pdf?download=1,,9609_s25_in_33.pdf,auto,,https://pastpapers.co/caie/a-level/business-9609/2025-may-june
https://pastpapers.co/caie/a-level/business-9609/2025-may-june/9609_s25_ms_11.pdf,,9609_s25_ms_11.pdf,auto,9609_s25_ms_11.pdf,https://pastpapers.co/caie/a-level/business-9609/2025-may-june
https://pastpapers.co/api/file/caie/a-level/business-9609/2025-may-june/9609_s25_ms_11.pdf?download=1,,9609_s25_ms_11.pdf,auto,,https://pastpapers.co/caie/a-level/business-9609/2025-may-june
https://pastpapers.co/caie/a-level/business-9609/2025-may-june/9609_s25_ms_12.pdf,,9609_s25_ms_12.pdf,auto,9609_s25_ms_12.pdf,https://pastpapers.co/caie/a-level/business-9609/2025-may-june
https://pastpapers.co/api/file/caie/a-level/business-9609/2025-may-june/9609_s25_ms_12.pdf?download=1,,9609_s25_ms_12.pdf,auto,,https://pastpapers.co/caie/a-level/business-9609/2025-may-june
https://pastpapers.co/caie/a-level/business-9609/2025-may-june/9609_s25_ms_13.pdf,,9609_s25_ms_13.pdf,auto,9609_s25_ms_13.pdf,https://pastpapers.co/caie/a-level/business-9609/2025-may-june
https://pastpapers.co/api/file/caie/a-level/business-9609/2025-may-june/9609_s25_ms_13.pdf?download=1,,9609_s25_ms_13.pdf,auto,,https://pastpapers.co/caie/a-level/business-9609/2025-may-june
https://pastpapers.co/caie/a-level/business-9609/2025-may-june/9609_s25_ms_21.pdf,,9609_s25_ms_21.pdf,auto,9609_s25_ms_21.pdf,https://pastpapers.co/caie/a-level/business-9609/2025-may-june
https://pastpapers.co/api/file/caie/a-level/business-9609/2025-may-june/9609_s25_ms_21.pdf?download=1,,9609_s25_ms_21.pdf,auto,,https://pastpapers.co/caie/a-level/business-9609/2025-may-june
https://pastpapers.co/caie/a-level/business-9609/2025-may-june/9609_s25_ms_22.pdf,,9609_s25_ms_22.pdf,auto,9609_s25_ms_22.pdf,https://pastpapers.co/caie/a-level/business-9609/2025-may-june
https://pastpapers.co/api/file/caie/a-level/business-9609/2025-may-june/9609_s25_ms_22.pdf?download=1,,9609_s25_ms_22.pdf,auto,,https://pastpapers.co/caie/a-level/business-9609/2025-may-june
https://pastpapers.co/caie/a-level/business-9609/2025-may-june/9609_s25_ms_23.pdf,,9609_s25_ms_23.pdf,auto,9609_s25_ms_23.pdf,https://pastpapers.co/caie/a-level/business-9609/2025-may-june
https://pastpapers.co/api/file/caie/a-level/business-9609/2025-may-june/9609_s25_ms_23.pdf?download=1,,9609_s25_ms_23.pdf,auto,,https://pastpapers.co/caie/a-level/business-9609/2025-may-june
https://pastpapers.co/caie/a-level/business-9609/2025-may-june/9609_s25_ms_31.pdf,,9609_s25_ms_31.pdf,auto,9609_s25_ms_31.pdf,https://pastpapers.co/caie/a-level/business-9609/2025-may-june
https://pastpapers.co/api/file/caie/a-level/business-9609/2025-may-june/9609_s25_ms_31.pdf?download=1,,9609_s25_ms_31.pdf,auto,,https://pastpapers.co/caie/a-level/business-9609/2025-may-june
https://pastpapers.co/caie/a-level/business-9609/2025-may-june/9609_s25_ms_32.pdf,,9609_s25_ms_32.pdf,auto,9609_s25_ms_32.pdf,https://pastpapers.co/caie/a-level/business-9609/2025-may-june
https://pastpapers.co/api/file/caie/a-level/business-9609/2025-may-june/9609_s25_ms_32.pdf?download=1,,9609_s25_ms_32.pdf,auto,,https://pastpapers.co/caie/a-level/business-9609/2025-may-june
https://pastpapers.co/caie/a-level/business-9609/2025-may-june/9609_s25_ms_33.pdf,,9609_s25_ms_33.pdf,auto,9609_s25_ms_33.pdf,https://pastpapers.co/caie/a-level/business-9609/2025-may-june
https://pastpapers.co/api/file/caie/a-level/business-9609/2025-may-june/9609_s25_ms_33.pdf?download=1,,9609_s25_ms_33.pdf,auto,,https://pastpapers.co/caie/a-level/business-9609/2025-may-june
https://pastpapers.co/caie/a-level/business-9609/2025-may-june/9609_s25_ms_41.pdf,,9609_s25_ms_41.pdf,auto,9609_s25_ms_41.pdf,https://pastpapers.co/caie/a-level/business-9609/2025-may-june
https://pastpapers.co/api/file/caie/a-level/business-9609/2025-may-june/9609_s25_ms_41.pdf?download=1,,9609_s25_ms_41.pdf,auto,,https://pastpapers.co/caie/a-level/business-9609/2025-may-june
https://pastpapers.co/caie/a-level/business-9609/2025-may-june/9609_s25_ms_42.pdf,,9609_s25_ms_42.pdf,auto,9609_s25_ms_42.pdf,https://pastpapers.co/caie/a-level/business-9609/2025-may-june
https://pastpapers.co/api/file/caie/a-level/business-9609/2025-may-june/9609_s25_ms_42.pdf?download=1,,9609_s25_ms_42.pdf,auto,,https://pastpapers.co/caie/a-level/business-9609/2025-may-june
https://pastpapers.co/caie/a-level/business-9609/2025-may-june/9609_s25_ms_43.pdf,,9609_s25_ms_43.pdf,auto,9609_s25_ms_43.pdf,https://pastpapers.co/caie/a-level/business-9609/2025-may-june
https://pastpapers.co/api/file/caie/a-level/business-9609/2025-may-june/9609_s25_ms_43.pdf?download=1,,9609_s25_ms_43.pdf,auto,,https://pastpapers.co/caie/a-level/business-9609/2025-may-june
https://pastpapers.co/caie/a-level/business-9609/2025-may-june/9609_s25_qp_11.pdf,,9609_s25_qp_11.pdf,auto,9609_s25_qp_11.pdf,https://pastpapers.co/caie/a-level/business-9609/2025-may-june
https://pastpapers.co/api/file/caie/a-level/business-9609/2025-may-june/9609_s25_qp_11.pdf?download=1,,9609_s25_qp_11.pdf,auto,,https://pastpapers.co/caie/a-level/business-9609/2025-may-june
https://pastpapers.co/caie/a-level/business-9609/2025-may-june/9609_s25_qp_12.pdf,,9609_s25_qp_12.pdf,auto,9609_s25_qp_12.pdf,https://pastpapers.co/caie/a-level/business-9609/2025-may-june
https://pastpapers.co/api/file/caie/a-level/business-9609/2025-may-june/9609_s25_qp_12.pdf?download=1,,9609_s25_qp_12.pdf,auto,,https://pastpapers.co/caie/a-level/business-9609/2025-may-june
https://pastpapers.co/caie/a-level/business-9609/2025-may-june/9609_s25_qp_13.pdf,,9609_s25_qp_13.pdf,auto,9609_s25_qp_13.pdf,https://pastpapers.co/caie/a-level/business-9609/2025-may-june
https://pastpapers.co/api/file/caie/a-level/business-9609/2025-may-june/9609_s25_qp_13.pdf?download=1,,9609_s25_qp_13.pdf,auto,,https://pastpapers.co/caie/a-level/business-9609/2025-may-june
https://pastpapers.co/caie/a-level/business-9609/2025-may-june/9609_s25_qp_21.pdf,,9609_s25_qp_21.pdf,auto,9609_s25_qp_21.pdf,https://pastpapers.co/caie/a-level/business-9609/2025-may-june
https://pastpapers.co/api/file/caie/a-level/business-9609/2025-may-june/9609_s25_qp_21.pdf?download=1,,9609_s25_qp_21.pdf,auto,,https://pastpapers.co/caie/a-level/business-9609/2025-may-june
https://pastpapers.co/caie/a-level/business-9609/2025-may-june/9609_s25_qp_22.pdf,,9609_s25_qp_22.pdf,auto,9609_s25_qp_22.pdf,https://pastpapers.co/caie/a-level/business-9609/2025-may-june
https://pastpapers.co/api/file/caie/a-level/business-9609/2025-may-june/9609_s25_qp_22.pdf?download=1,,9609_s25_qp_22.pdf,auto,,https://pastpapers.co/caie/a-level/business-9609/2025-may-june
https://pastpapers.co/caie/a-level/business-9609/2025-may-june/9609_s25_qp_23.pdf,,9609_s25_qp_23.pdf,auto,9609_s25_qp_23.pdf,https://pastpapers.co/caie/a-level/business-9609/2025-may-june
https://pastpapers.co/api/file/caie/a-level/business-9609/2025-may-june/9609_s25_qp_23.pdf?download=1,,9609_s25_qp_23.pdf,auto,,https://pastpapers.co/caie/a-level/business-9609/2025-may-june
https://pastpapers.co/caie/a-level/business-9609/2025-may-june/9609_s25_qp_31.pdf,,9609_s25_qp_31.pdf,auto,9609_s25_qp_31.pdf,https://pastpapers.co/caie/a-level/business-9609/2025-may-june
https://pastpapers.co/api/file/caie/a-level/business-9609/2025-may-june/9609_s25_qp_31.pdf?download=1,,9609_s25_qp_31.pdf,auto,,https://pastpapers.co/caie/a-level/business-9609/2025-may-june
https://pastpapers.co/caie/a-level/business-9609/2025-may-june/9609_s25_qp_32.pdf,,9609_s25_qp_32.pdf,auto,9609_s25_qp_32.pdf,https://pastpapers.co/caie/a-level/business-9609/2025-may-june
https://pastpapers.co/api/file/caie/a-level/business-9609/2025-may-june/9609_s25_qp_32.pdf?download=1,,9609_s25_qp_32.pdf,auto,,https://pastpapers.co/caie/a-level/business-9609/2025-may-june
https://pastpapers.co/caie/a-level/business-9609/2025-may-june/9609_s25_qp_33.pdf,,9609_s25_qp_33.pdf,auto,9609_s25_qp_33.pdf,https://pastpapers.co/caie/a-level/business-9609/2025-may-june
https://pastpapers.co/api/file/caie/a-level/business-9609/2025-may-june/9609_s25_qp_33.pdf?download=1,,9609_s25_qp_33.pdf,auto,,https://pastpapers.co/caie/a-level/business-9609/2025-may-june
https://pastpapers.co/caie/a-level/business-9609/2025-may-june/9609_s25_qp_41.pdf,,9609_s25_qp_41.pdf,auto,9609_s25_qp_41.pdf,https://pastpapers.co/caie/a-level/business-9609/2025-may-june
https://pastpapers.co/api/file/caie/a-level/business-9609/2025-may-june/9609_s25_qp_41.pdf?download=1,,9609_s25_qp_41.pdf,auto,,https://pastpapers.co/caie/a-level/business-9609/2025-may-june
https://pastpapers.co/caie/a-level/business-9609/2025-may-june/9609_s25_qp_42.pdf,,9609_s25_qp_42.pdf,auto,9609_s25_qp_42.pdf,https://pastpapers.co/caie/a-level/business-9609/2025-may-june
https://pastpapers.co/api/file/caie/a-level/business-9609/2025-may-june/9609_s25_qp_42.pdf?download=1,,9609_s25_qp_42.pdf,auto,,https://pastpapers.co/caie/a-level/business-9609/2025-may-june
https://pastpapers.co/caie/a-level/business-9609/2025-may-june/9609_s25_qp_43.pdf,,9609_s25_qp_43.pdf,auto,9609_s25_qp_43.pdf,https://pastpapers.co/caie/a-level/business-9609/2025-may-june
https://pastpapers.co/api/file/caie/a-level/business-9609/2025-may-june/9609_s25_qp_43.pdf?download=1,,9609_s25_qp_43.pdf,auto,,https://pastpapers.co/caie/a-level/business-9609/2025-may-june
https://pastpapers.co/caie/a-level/business-9609/2025-oct-nov/9609_w25_gt.pdf,,9609_w25_gt.pdf,auto,9609_w25_gt.pdf,https://pastpapers.co/caie/a-level/business-9609/2025-oct-nov
https://pastpapers.co/api/file/caie/a-level/business-9609/2025-oct-nov/9609_w25_gt.pdf?download=1,,9609_w25_gt.pdf,auto,,https://pastpapers.co/caie/a-level/business-9609/2025-oct-nov
https://pastpapers.co/caie/a-level/business-9609/2025-oct-nov/9609_w25_in_31.pdf,,9609_w25_in_31.pdf,auto,9609_w25_in_31.pdf,https://pastpapers.co/caie/a-level/business-9609/2025-oct-nov
https://pastpapers.co/api/file/caie/a-level/business-9609/2025-oct-nov/9609_w25_in_31.pdf?download=1,,9609_w25_in_31.pdf,auto,,https://pastpapers.co/caie/a-level/business-9609/2025-oct-nov
https://pastpapers.co/caie/a-level/business-9609/2025-oct-nov/9609_w25_in_32.pdf,,9609_w25_in_32.pdf,auto,9609_w25_in_32.pdf,https://pastpapers.co/caie/a-level/business-9609/2025-oct-nov
https://pastpapers.co/api/file/caie/a-level/business-9609/2025-oct-nov/9609_w25_in_32.pdf?download=1,,9609_w25_in_32.pdf,auto,,https://pastpapers.co/caie/a-level/business-9609/2025-oct-nov
https://pastpapers.co/caie/a-level/business-9609/2025-oct-nov/9609_w25_in_33.pdf,,9609_w25_in_33.pdf,auto,9609_w25_in_33.pdf,https://pastpapers.co/caie/a-level/business-9609/2025-oct-nov
https://pastpapers.co/api/file/caie/a-level/business-9609/2025-oct-nov/9609_w25_in_33.pdf?download=1,,9609_w25_in_33.pdf,auto,,https://pastpapers.co/caie/a-level/business-9609/2025-oct-nov
https://pastpapers.co/caie/a-level/business-9609/2025-oct-nov/9609_w25_ms_11.pdf,,9609_w25_ms_11.pdf,auto,9609_w25_ms_11.pdf,https://pastpapers.co/caie/a-level/business-9609/2025-oct-nov
https://pastpapers.co/api/file/caie/a-level/business-9609/2025-oct-nov/9609_w25_ms_11.pdf?download=1,,9609_w25_ms_11.pdf,auto,,https://pastpapers.co/caie/a-level/business-9609/2025-oct-nov
https://pastpapers.co/caie/a-level/business-9609/2025-oct-nov/9609_w25_ms_12.pdf,,9609_w25_ms_12.pdf,auto,9609_w25_ms_12.pdf,https://pastpapers.co/caie/a-level/business-9609/2025-oct-nov
https://pastpapers.co/api/file/caie/a-level/business-9609/2025-oct-nov/9609_w25_ms_12.pdf?download=1,,9609_w25_ms_12.pdf,auto,,https://pastpapers.co/caie/a-level/business-9609/2025-oct-nov
https://pastpapers.co/caie/a-level/business-9609/2025-oct-nov/9609_w25_ms_13.pdf,,9609_w25_ms_13.pdf,auto,9609_w25_ms_13.pdf,https://pastpapers.co/caie/a-level/business-9609/2025-oct-nov
https://pastpapers.co/api/file/caie/a-level/business-9609/2025-oct-nov/9609_w25_ms_13.pdf?download=1,,9609_w25_ms_13.pdf,auto,,https://pastpapers.co/caie/a-level/business-9609/2025-oct-nov
https://pastpapers.co/caie/a-level/business-9609/2025-oct-nov/9609_w25_ms_21.pdf,,9609_w25_ms_21.pdf,auto,9609_w25_ms_21.pdf,https://pastpapers.co/caie/a-level/business-9609/2025-oct-nov
https://pastpapers.co/api/file/caie/a-level/business-9609/2025-oct-nov/9609_w25_ms_21.pdf?download=1,,9609_w25_ms_21.pdf,auto,,https://pastpapers.co/caie/a-level/business-9609/2025-oct-nov
https://pastpapers.co/caie/a-level/business-9609/2025-oct-nov/9609_w25_ms_22.pdf,,9609_w25_ms_22.pdf,auto,9609_w25_ms_22.pdf,https://pastpapers.co/caie/a-level/business-9609/2025-oct-nov
https://pastpapers.co/api/file/caie/a-level/business-9609/2025-oct-nov/9609_w25_ms_22.pdf?download=1,,9609_w25_ms_22.pdf,auto,,https://pastpapers.co/caie/a-level/business-9609/2025-oct-nov
https://pastpapers.co/caie/a-level/business-9609/2025-oct-nov/9609_w25_ms_23.pdf,,9609_w25_ms_23.pdf,auto,9609_w25_ms_23.pdf,https://pastpapers.co/caie/a-level/business-9609/2025-oct-nov
https://pastpapers.co/api/file/caie/a-level/business-9609/2025-oct-nov/9609_w25_ms_23.pdf?download=1,,9609_w25_ms_23.pdf,auto,,https://pastpapers.co/caie/a-level/business-9609/2025-oct-nov
https://pastpapers.co/caie/a-level/business-9609/2025-oct-nov/9609_w25_ms_31.pdf,,9609_w25_ms_31.pdf,auto,9609_w25_ms_31.pdf,https://pastpapers.co/caie/a-level/business-9609/2025-oct-nov
https://pastpapers.co/api/file/caie/a-level/business-9609/2025-oct-nov/9609_w25_ms_31.pdf?download=1,,9609_w25_ms_31.pdf,auto,,https://pastpapers.co/caie/a-level/business-9609/2025-oct-nov
https://pastpapers.co/caie/a-level/business-9609/2025-oct-nov/9609_w25_ms_32.pdf,,9609_w25_ms_32.pdf,auto,9609_w25_ms_32.pdf,https://pastpapers.co/caie/a-level/business-9609/2025-oct-nov
https://pastpapers.co/api/file/caie/a-level/business-9609/2025-oct-nov/9609_w25_ms_32.pdf?download=1,,9609_w25_ms_32.pdf,auto,,https://pastpapers.co/caie/a-level/business-9609/2025-oct-nov
https://pastpapers.co/caie/a-level/business-9609/2025-oct-nov/9609_w25_ms_33.pdf,,9609_w25_ms_33.pdf,auto,9609_w25_ms_33.pdf,https://pastpapers.co/caie/a-level/business-9609/2025-oct-nov
https://pastpapers.co/api/file/caie/a-level/business-9609/2025-oct-nov/9609_w25_ms_33.pdf?download=1,,9609_w25_ms_33.pdf,auto,,https://pastpapers.co/caie/a-level/business-9609/2025-oct-nov
https://pastpapers.co/caie/a-level/business-9609/2025-oct-nov/9609_w25_ms_41.pdf,,9609_w25_ms_41.pdf,auto,9609_w25_ms_41.pdf,https://pastpapers.co/caie/a-level/business-9609/2025-oct-nov
https://pastpapers.co/api/file/caie/a-level/business-9609/2025-oct-nov/9609_w25_ms_41.pdf?download=1,,9609_w25_ms_41.pdf,auto,,https://pastpapers.co/caie/a-level/business-9609/2025-oct-nov
https://pastpapers.co/caie/a-level/business-9609/2025-oct-nov/9609_w25_ms_42.pdf,,9609_w25_ms_42.pdf,auto,9609_w25_ms_42.pdf,https://pastpapers.co/caie/a-level/business-9609/2025-oct-nov
https://pastpapers.co/api/file/caie/a-level/business-9609/2025-oct-nov/9609_w25_ms_42.pdf?download=1,,9609_w25_ms_42.pdf,auto,,https://pastpapers.co/caie/a-level/business-9609/2025-oct-nov
https://pastpapers.co/caie/a-level/business-9609/2025-oct-nov/9609_w25_ms_43.pdf,,9609_w25_ms_43.pdf,auto,9609_w25_ms_43.pdf,https://pastpapers.co/caie/a-level/business-9609/2025-oct-nov
https://pastpapers.co/api/file/caie/a-level/business-9609/2025-oct-nov/9609_w25_ms_43.pdf?download=1,,9609_w25_ms_43.pdf,auto,,https://pastpapers.co/caie/a-level/business-9609/2025-oct-nov
https://pastpapers.co/caie/a-level/business-9609/2025-oct-nov/9609_w25_qp_11.pdf,,9609_w25_qp_11.pdf,auto,9609_w25_qp_11.pdf,https://pastpapers.co/caie/a-level/business-9609/2025-oct-nov
https://pastpapers.co/api/file/caie/a-level/business-9609/2025-oct-nov/9609_w25_qp_11.pdf?download=1,,9609_w25_qp_11.pdf,auto,,https://pastpapers.co/caie/a-level/business-9609/2025-oct-nov
https://pastpapers.co/caie/a-level/business-9609/2025-oct-nov/9609_w25_qp_12.pdf,,9609_w25_qp_12.pdf,auto,9609_w25_qp_12.pdf,https://pastpapers.co/caie/a-level/business-9609/2025-oct-nov
https://pastpapers.co/api/file/caie/a-level/business-9609/2025-oct-nov/9609_w25_qp_12.pdf?download=1,,9609_w25_qp_12.pdf,auto,,https://pastpapers.co/caie/a-level/business-9609/2025-oct-nov
https://pastpapers.co/caie/a-level/business-9609/2025-oct-nov/9609_w25_qp_13.pdf,,9609_w25_qp_13.pdf,auto,9609_w25_qp_13.pdf,https://pastpapers.co/caie/a-level/business-9609/2025-oct-nov
https://pastpapers.co/api/file/caie/a-level/business-9609/2025-oct-nov/9609_w25_qp_13.pdf?download=1,,9609_w25_qp_13.pdf,auto,,https://pastpapers.co/caie/a-level/business-9609/2025-oct-nov
https://pastpapers.co/caie/a-level/business-9609/2025-oct-nov/9609_w25_qp_21.pdf,,9609_w25_qp_21.pdf,auto,9609_w25_qp_21.pdf,https://pastpapers.co/caie/a-level/business-9609/2025-oct-nov
https://pastpapers.co/api/file/caie/a-level/business-9609/2025-oct-nov/9609_w25_qp_21.pdf?download=1,,9609_w25_qp_21.pdf,auto,,https://pastpapers.co/caie/a-level/business-9609/2025-oct-nov
https://pastpapers.co/caie/a-level/business-9609/2025-oct-nov/9609_w25_qp_22.pdf,,9609_w25_qp_22.pdf,auto,9609_w25_qp_22.pdf,https://pastpapers.co/caie/a-level/business-9609/2025-oct-nov
https://pastpapers.co/api/file/caie/a-level/business-9609/2025-oct-nov/9609_w25_qp_22.pdf?download=1,,9609_w25_qp_22.pdf,auto,,https://pastpapers.co/caie/a-level/business-9609/2025-oct-nov
https://pastpapers.co/caie/a-level/business-9609/2025-oct-nov/9609_w25_qp_23.pdf,,9609_w25_qp_23.pdf,auto,9609_w25_qp_23.pdf,https://pastpapers.co/caie/a-level/business-9609/2025-oct-nov
https://pastpapers.co/api/file/caie/a-level/business-9609/2025-oct-nov/9609_w25_qp_23.pdf?download=1,,9609_w25_qp_23.pdf,auto,,https://pastpapers.co/caie/a-level/business-9609/2025-oct-nov
https://pastpapers.co/caie/a-level/business-9609/2025-oct-nov/9609_w25_qp_31.pdf,,9609_w25_qp_31.pdf,auto,9609_w25_qp_31.pdf,https://pastpapers.co/caie/a-level/business-9609/2025-oct-nov
https://pastpapers.co/api/file/caie/a-level/business-9609/2025-oct-nov/9609_w25_qp_31.pdf?download=1,,9609_w25_qp_31.pdf,auto,,https://pastpapers.co/caie/a-level/business-9609/2025-oct-nov
https://pastpapers.co/caie/a-level/business-9609/2025-oct-nov/9609_w25_qp_32.pdf,,9609_w25_qp_32.pdf,auto,9609_w25_qp_32.pdf,https://pastpapers.co/caie/a-level/business-9609/2025-oct-nov
https://pastpapers.co/api/file/caie/a-level/business-9609/2025-oct-nov/9609_w25_qp_32.pdf?download=1,,9609_w25_qp_32.pdf,auto,,https://pastpapers.co/caie/a-level/business-9609/2025-oct-nov
https://pastpapers.co/caie/a-level/business-9609/2025-oct-nov/9609_w25_qp_33.pdf,,9609_w25_qp_33.pdf,auto,9609_w25_qp_33.pdf,https://pastpapers.co/caie/a-level/business-9609/2025-oct-nov
https://pastpapers.co/api/file/caie/a-level/business-9609/2025-oct-nov/9609_w25_qp_33.pdf?download=1,,9609_w25_qp_33.pdf,auto,,https://pastpapers.co/caie/a-level/business-9609/2025-oct-nov
https://pastpapers.co/caie/a-level/business-9609/2025-oct-nov/9609_w25_qp_41.pdf,,9609_w25_qp_41.pdf,auto,9609_w25_qp_41.pdf,https://pastpapers.co/caie/a-level/business-9609/2025-oct-nov
https://pastpapers.co/api/file/caie/a-level/business-9609/2025-oct-nov/9609_w25_qp_41.pdf?download=1,,9609_w25_qp_41.pdf,auto,,https://pastpapers.co/caie/a-level/business-9609/2025-oct-nov
https://pastpapers.co/caie/a-level/business-9609/2025-oct-nov/9609_w25_qp_42.pdf,,9609_w25_qp_42.pdf,auto,9609_w25_qp_42.pdf,https://pastpapers.co/caie/a-level/business-9609/2025-oct-nov
https://pastpapers.co/api/file/caie/a-level/business-9609/2025-oct-nov/9609_w25_qp_42.pdf?download=1,,9609_w25_qp_42.pdf,auto,,https://pastpapers.co/caie/a-level/business-9609/2025-oct-nov
https://pastpapers.co/caie/a-level/business-9609/2025-oct-nov/9609_w25_qp_43.pdf,,9609_w25_qp_43.pdf,auto,9609_w25_qp_43.pdf,https://pastpapers.co/caie/a-level/business-9609/2025-oct-nov
https://pastpapers.co/api/file/caie/a-level/business-9609/2025-oct-nov/9609_w25_qp_43.pdf?download=1,,9609_w25_qp_43.pdf,auto,,https://pastpapers.co/caie/a-level/business-9609/2025-oct-nov
