url,folder,filename,mode,note,source_page
https://pastpapers.co/api/file/caie/a-level/physics-9702/2020-march/9702_m20_qp_12.pdf,,9702_m20_qp_12.pdf,auto,,https://pastpapers.co/caie/a-level/physics-9702/2020-march/9702_m20_qp_12.pdf
https://pastpapers.co/api/file/caie/a-level/physics-9702/2020-march/9702_m20_qp_12.pdf?download=1,,9702_m20_qp_12.pdf,auto,Download,https://pastpapers.co/caie/a-level/physics-9702/2020-march/9702_m20_qp_12.pdf
https://pastpapers.co/caie/a-level/physics-9702/2020-march/9702_m20_qp_22.pdf,,9702_m20_qp_22.pdf,auto,QPQuestion Paper 2 (v2),https://pastpapers.co/caie/a-level/physics-9702/2020-march/9702_m20_qp_12.pdf
https://pastpapers.co/caie/a-level/physics-9702/2020-march/9702_m20_qp_33.pdf,,9702_m20_qp_33.pdf,auto,QPQuestion Paper 3 (v3),https://pastpapers.co/caie/a-level/physics-9702/2020-march/9702_m20_qp_12.pdf
https://pastpapers.co/caie/a-level/physics-9702/2020-march/9702_m20_qp_42.pdf,,9702_m20_qp_42.pdf,auto,QPQuestion Paper 4 (v2),https://pastpapers.co/caie/a-level/physics-9702/2020-march/9702_m20_qp_12.pdf
https://pastpapers.co/caie/a-level/physics-9702/2020-march/9702_m20_qp_52.pdf,,9702_m20_qp_52.pdf,auto,QPQuestion Paper 5 (v2),https://pastpapers.co/caie/a-level/physics-9702/2020-march/9702_m20_qp_12.pdf
https://pastpapers.co/caie/a-level/physics-9702/2020-march/9702_m20_ms_12.pdf,,9702_m20_ms_12.pdf,auto,MSMark Scheme 1 (v2),https://pastpapers.co/caie/a-level/physics-9702/2020-march/9702_m20_qp_12.pdf
https://pastpapers.co/caie/a-level/physics-9702/2020-march/9702_m20_ms_22.pdf,,9702_m20_ms_22.pdf,auto,MSMark Scheme 2 (v2),https://pastpapers.co/caie/a-level/physics-9702/2020-march/9702_m20_qp_12.pdf
https://pastpapers.co/caie/a-level/physics-9702/2020-march/9702_m20_ms_33.pdf,,9702_m20_ms_33.pdf,auto,MSMark Scheme 3 (v3),https://pastpapers.co/caie/a-level/physics-9702/2020-march/9702_m20_qp_12.pdf
https://pastpapers.co/caie/a-level/physics-9702/2020-march/9702_m20_ms_42.pdf,,9702_m20_ms_42.pdf,auto,MSMark Scheme 4 (v2),https://pastpapers.co/caie/a-level/physics-9702/2020-march/9702_m20_qp_12.pdf
https://pastpapers.co/caie/a-level/physics-9702/2020-march/9702_m20_ms_52.pdf,,9702_m20_ms_52.pdf,auto,MSMark Scheme 5 (v2),https://pastpapers.co/caie/a-level/physics-9702/2020-march/9702_m20_qp_12.pdf
https://pastpapers.co/caie/a-level/physics-9702/2020-march/9702_m20_ci_33.pdf,,9702_m20_ci_33.pdf,auto,CIConfidential Instructions 3 (v3),https://pastpapers.co/caie/a-level/physics-9702/2020-march/9702_m20_qp_12.pdf
https://pastpapers.co/caie/a-level/physics-9702/2020-march/9702_m20_er.pdf,,9702_m20_er.pdf,auto,ERExaminer Report,https://pastpapers.co/caie/a-level/physics-9702/2020-march/9702_m20_qp_12.pdf
https://pastpapers.co/caie/a-level/physics-9702/2020-march/9702_m20_gt.pdf,,9702_m20_gt.pdf,auto,GTGrade Thresholds,https://pastpapers.co/caie/a-level/physics-9702/2020-march/9702_m20_qp_12.pdf
https://pastpapers.co/api/file/caie/a-level/physics-9702/2020-may-june/9702_s20_qp_12.pdf,,9702_s20_qp_12.pdf,auto,,https://pastpapers.co/caie/a-level/physics-9702/2020-may-june/9702_s20_qp_12.pdf
https://pastpapers.co/api/file/caie/a-level/physics-9702/2020-may-june/9702_s20_qp_12.pdf?download=1,,9702_s20_qp_12.pdf,auto,Download,https://pastpapers.co/caie/a-level/physics-9702/2020-may-june/9702_s20_qp_12.pdf
https://pastpapers.co/caie/a-level/physics-9702/2020-may-june/9702_s20_qp_11.pdf,,9702_s20_qp_11.pdf,auto,QPQuestion Paper 1 (v1),https://pastpapers.co/caie/a-level/physics-9702/2020-may-june/9702_s20_qp_12.pdf
https://pastpapers.co/caie/a-level/physics-9702/2020-may-june/9702_s20_qp_13.pdf,,9702_s20_qp_13.pdf,auto,QPQuestion Paper 1 (v3),https://pastpapers.co/caie/a-level/physics-9702/2020-may-june/9702_s20_qp_12.pdf
https://pastpapers.co/caie/a-level/physics-9702/2020-may-june/9702_s20_qp_21.pdf,,9702_s20_qp_21.pdf,auto,QPQuestion Paper 2 (v1),https://pastpapers.co/caie/a-level/physics-9702/2020-may-june/9702_s20_qp_12.pdf
https://pastpapers.co/caie/a-level/physics-9702/2020-may-june/9702_s20_qp_22.pdf,,9702_s20_qp_22.pdf,auto,QPQuestion Paper 2 (v2),https://pastpapers.co/caie/a-level/physics-9702/2020-may-june/9702_s20_qp_12.pdf
https://pastpapers.co/caie/a-level/physics-9702/2020-may-june/9702_s20_qp_23.pdf,,9702_s20_qp_23.pdf,auto,QPQuestion Paper 2 (v3),https://pastpapers.co/caie/a-level/physics-9702/2020-may-june/9702_s20_qp_12.pdf
https://pastpapers.co/caie/a-level/physics-9702/2020-may-june/9702_s20_qp_31.pdf,,9702_s20_qp_31.pdf,auto,QPQuestion Paper 3 (v1),https://pastpapers.co/caie/a-level/physics-9702/2020-may-june/9702_s20_qp_12.pdf
https://pastpapers.co/caie/a-level/physics-9702/2020-may-june/9702_s20_qp_32.pdf,,9702_s20_qp_32.pdf,auto,QPQuestion Paper 3 (v2),https://pastpapers.co/caie/a-level/physics-9702/2020-may-june/9702_s20_qp_12.pdf
https://pastpapers.co/caie/a-level/physics-9702/2020-may-june/9702_s20_qp_33.pdf,,9702_s20_qp_33.pdf,auto,QPQuestion Paper 3 (v3),https://pastpapers.co/caie/a-level/physics-9702/2020-may-june/9702_s20_qp_12.pdf
https://pastpapers.co/caie/a-level/physics-9702/2020-may-june/9702_s20_qp_34.pdf,,9702_s20_qp_34.pdf,auto,QPQuestion Paper 3 (v4),https://pastpapers.co/caie/a-level/physics-9702/2020-may-june/9702_s20_qp_12.pdf
https://pastpapers.co/caie/a-level/physics-9702/2020-may-june/9702_s20_qp_35.pdf,,9702_s20_qp_35.pdf,auto,QPQuestion Paper 3 (v5),https://pastpapers.co/caie/a-level/physics-9702/2020-may-june/9702_s20_qp_12.pdf
https://pastpapers.co/caie/a-level/physics-9702/2020-may-june/9702_s20_qp_41.pdf,,9702_s20_qp_41.pdf,auto,QPQuestion Paper 4 (v1),https://pastpapers.co/caie/a-level/physics-9702/2020-may-june/9702_s20_qp_12.pdf
https://pastpapers.co/caie/a-level/physics-9702/2020-may-june/9702_s20_qp_42.pdf,,9702_s20_qp_42.pdf,auto,QPQuestion Paper 4 (v2),https://pastpapers.co/caie/a-level/physics-9702/2020-may-june/9702_s20_qp_12.pdf
https://pastpapers.co/caie/a-level/physics-9702/2020-may-june/9702_s20_qp_43.pdf,,9702_s20_qp_43.pdf,auto,QPQuestion Paper 4 (v3),https://pastpapers.co/caie/a-level/physics-9702/2020-may-june/9702_s20_qp_12.pdf
https://pastpapers.co/caie/a-level/physics-9702/2020-may-june/9702_s20_qp_51.pdf,,9702_s20_qp_51.pdf,auto,QPQuestion Paper 5 (v1),https://pastpapers.co/caie/a-level/physics-9702/2020-may-june/9702_s20_qp_12.pdf
https://pastpapers.co/caie/a-level/physics-9702/2020-may-june/9702_s20_qp_52.pdf,,9702_s20_qp_52.pdf,auto,QPQuestion Paper 5 (v2),https://pastpapers.co/caie/a-level/physics-9702/2020-may-june/9702_s20_qp_12.pdf
https://pastpapers.co/caie/a-level/physics-9702/2020-may-june/9702_s20_qp_53.pdf,,9702_s20_qp_53.pdf,auto,QPQuestion Paper 5 (v3),https://pastpapers.co/caie/a-level/physics-9702/2020-may-june/9702_s20_qp_12.pdf
https://pastpapers.co/caie/a-level/physics-9702/2020-may-june/9702_s20_ms_11.pdf,,9702_s20_ms_11.pdf,auto,MSMark Scheme 1 (v1),https://pastpapers.co/caie/a-level/physics-9702/2020-may-june/9702_s20_qp_12.pdf
https://pastpapers.co/caie/a-level/physics-9702/2020-may-june/9702_s20_ms_12.pdf,,9702_s20_ms_12.pdf,auto,MSMark Scheme 1 (v2),https://pastpapers.co/caie/a-level/physics-9702/2020-may-june/9702_s20_qp_12.pdf
https://pastpapers.co/caie/a-level/physics-9702/2020-may-june/9702_s20_ms_13.pdf,,9702_s20_ms_13.pdf,auto,MSMark Scheme 1 (v3),https://pastpapers.co/caie/a-level/physics-9702/2020-may-june/9702_s20_qp_12.pdf
https://pastpapers.co/caie/a-level/physics-9702/2020-may-june/9702_s20_ms_21.pdf,,9702_s20_ms_21.pdf,auto,MSMark Scheme 2 (v1),https://pastpapers.co/caie/a-level/physics-9702/2020-may-june/9702_s20_qp_12.pdf
https://pastpapers.co/caie/a-level/physics-9702/2020-may-june/9702_s20_ms_22.pdf,,9702_s20_ms_22.pdf,auto,MSMark Scheme 2 (v2),https://pastpapers.co/caie/a-level/physics-9702/2020-may-june/9702_s20_qp_12.pdf
https://pastpapers.co/caie/a-level/physics-9702/2020-may-june/9702_s20_ms_23.pdf,,9702_s20_ms_23.pdf,auto,MSMark Scheme 2 (v3),https://pastpapers.co/caie/a-level/physics-9702/2020-may-june/9702_s20_qp_12.pdf
https://pastpapers.co/caie/a-level/physics-9702/2020-may-june/9702_s20_ms_31.pdf,,9702_s20_ms_31.pdf,auto,MSMark Scheme 3 (v1),https://pastpapers.co/caie/a-level/physics-9702/2020-may-june/9702_s20_qp_12.pdf
https://pastpapers.co/caie/a-level/physics-9702/2020-may-june/9702_s20_ms_32.pdf,,9702_s20_ms_32.pdf,auto,MSMark Scheme 3 (v2),https://pastpapers.co/caie/a-level/physics-9702/2020-may-june/9702_s20_qp_12.pdf
https://pastpapers.co/caie/a-level/physics-9702/2020-may-june/9702_s20_ms_33.pdf,,9702_s20_ms_33.pdf,auto,MSMark Scheme 3 (v3),https://pastpapers.co/caie/a-level/physics-9702/2020-may-june/9702_s20_qp_12.pdf
https://pastpapers.co/caie/a-level/physics-9702/2020-may-june/9702_s20_ms_34.pdf,,9702_s20_ms_34.pdf,auto,MSMark Scheme 3 (v4),https://pastpapers.co/caie/a-level/physics-9702/2020-may-june/9702_s20_qp_12.pdf
https://pastpapers.co/caie/a-level/physics-9702/2020-may-june/9702_s20_ms_35.pdf,,9702_s20_ms_35.pdf,auto,MSMark Scheme 3 (v5),https://pastpapers.co/caie/a-level/physics-9702/2020-may-june/9702_s20_qp_12.pdf
https://pastpapers.co/caie/a-level/physics-9702/2020-may-june/9702_s20_ms_41.pdf,,9702_s20_ms_41.pdf,auto,MSMark Scheme 4 (v1),https://pastpapers.co/caie/a-level/physics-9702/2020-may-june/9702_s20_qp_12.pdf
https://pastpapers.co/caie/a-level/physics-9702/2020-may-june/9702_s20_ms_42.pdf,,9702_s20_ms_42.pdf,auto,MSMark Scheme 4 (v2),https://pastpapers.co/caie/a-level/physics-9702/2020-may-june/9702_s20_qp_12.pdf
https://pastpapers.co/caie/a-level/physics-9702/2020-may-june/9702_s20_ms_43.pdf,,9702_s20_ms_43.pdf,auto,MSMark Scheme 4 (v3),https://pastpapers.co/caie/a-level/physics-9702/2020-may-june/9702_s20_qp_12.pdf
https://pastpapers.co/caie/a-level/physics-9702/2020-may-june/9702_s20_ms_51.pdf,,9702_s20_ms_51.pdf,auto,MSMark Scheme 5 (v1),https://pastpapers.co/caie/a-level/physics-9702/2020-may-june/9702_s20_qp_12.pdf
https://pastpapers.co/caie/a-level/physics-9702/2020-may-june/9702_s20_ms_52.pdf,,9702_s20_ms_52.pdf,auto,MSMark Scheme 5 (v2),https://pastpapers.co/caie/a-level/physics-9702/2020-may-june/9702_s20_qp_12.pdf
https://pastpapers.co/caie/a-level/physics-9702/2020-may-june/9702_s20_ms_53.pdf,,9702_s20_ms_53.pdf,auto,MSMark Scheme 5 (v3),https://pastpapers.co/caie/a-level/physics-9702/2020-may-june/9702_s20_qp_12.pdf
https://pastpapers.co/caie/a-level/physics-9702/2020-may-june/9702_s20_ci_31.pdf,,9702_s20_ci_31.pdf,auto,CIConfidential Instructions 3 (v1),https://pastpapers.co/caie/a-level/physics-9702/2020-may-june/9702_s20_qp_12.pdf
https://pastpapers.co/caie/a-level/physics-9702/2020-may-june/9702_s20_ci_32.pdf,,9702_s20_ci_32.pdf,auto,CIConfidential Instructions 3 (v2),https://pastpapers.co/caie/a-level/physics-9702/2020-may-june/9702_s20_qp_12.pdf
https://pastpapers.co/caie/a-level/physics-9702/2020-may-june/9702_s20_ci_33.pdf,,9702_s20_ci_33.pdf,auto,CIConfidential Instructions 3 (v3),https://pastpapers.co/caie/a-level/physics-9702/2020-may-june/9702_s20_qp_12.pdf
https://pastpapers.co/caie/a-level/physics-9702/2020-may-june/9702_s20_ci_34.pdf,,9702_s20_ci_34.pdf,auto,CIConfidential Instructions 3 (v4),https://pastpapers.co/caie/a-level/physics-9702/2020-may-june/9702_s20_qp_12.pdf
https://pastpapers.co/caie/a-level/physics-9702/2020-may-june/9702_s20_ci_35.pdf,,9702_s20_ci_35.pdf,auto,CIConfidential Instructions 3 (v5),https://pastpapers.co/caie/a-level/physics-9702/2020-may-june/9702_s20_qp_12.pdf
https://pastpapers.co/api/file/caie/a-level/physics-9702/2020-oct-nov/9702_w20_qp_12.pdf,,9702_w20_qp_12.pdf,auto,,https://pastpapers.co/caie/a-level/physics-9702/2020-oct-nov/9702_w20_qp_12.pdf
https://pastpapers.co/api/file/caie/a-level/physics-9702/2020-oct-nov/9702_w20_qp_12.pdf?download=1,,9702_w20_qp_12.pdf,auto,Download,https://pastpapers.co/caie/a-level/physics-9702/2020-oct-nov/9702_w20_qp_12.pdf
https://pastpapers.co/caie/a-level/physics-9702/2020-oct-nov/9702_w20_qp_11.pdf,,9702_w20_qp_11.pdf,auto,QPQuestion Paper 1 (v1),https://pastpapers.co/caie/a-level/physics-9702/2020-oct-nov/9702_w20_qp_12.pdf
https://pastpapers.co/caie/a-level/physics-9702/2020-oct-nov/9702_w20_qp_13.pdf,,9702_w20_qp_13.pdf,auto,QPQuestion Paper 1 (v3),https://pastpapers.co/caie/a-level/physics-9702/2020-oct-nov/9702_w20_qp_12.pdf
https://pastpapers.co/caie/a-level/physics-9702/2020-oct-nov/9702_w20_ms_11.pdf,,9702_w20_ms_11.pdf,auto,MSMark Scheme 1 (v1),https://pastpapers.co/caie/a-level/physics-9702/2020-oct-nov/9702_w20_qp_12.pdf
https://pastpapers.co/caie/a-level/physics-9702/2020-oct-nov/9702_w20_ms_12.pdf,,9702_w20_ms_12.pdf,auto,MSMark Scheme 1 (v2),https://pastpapers.co/caie/a-level/physics-9702/2020-oct-nov/9702_w20_qp_12.pdf
https://pastpapers.co/caie/a-level/physics-9702/2020-oct-nov/9702_w20_ms_13.pdf,,9702_w20_ms_13.pdf,auto,MSMark Scheme 1 (v3),https://pastpapers.co/caie/a-level/physics-9702/2020-oct-nov/9702_w20_qp_12.pdf
https://pastpapers.co/caie/a-level/physics-9702/2020-oct-nov/9702_w20_er.pdf,,9702_w20_er.pdf,auto,ERExaminer Report,https://pastpapers.co/caie/a-level/physics-9702/2020-oct-nov/9702_w20_qp_12.pdf
https://pastpapers.co/api/file/caie/a-level/physics-9702/2021-march/9702_m21_qp_12.pdf,,9702_m21_qp_12.pdf,auto,,https://pastpapers.co/caie/a-level/physics-9702/2021-march/9702_m21_qp_12.pdf
https://pastpapers.co/api/file/caie/a-level/physics-9702/2021-march/9702_m21_qp_12.pdf?download=1,,9702_m21_qp_12.pdf,auto,Download,https://pastpapers.co/caie/a-level/physics-9702/2021-march/9702_m21_qp_12.pdf
https://pastpapers.co/caie/a-level/physics-9702/2021-march/9702_m21_qp_22.pdf,,9702_m21_qp_22.pdf,auto,QPQuestion Paper 2 (v2),https://pastpapers.co/caie/a-level/physics-9702/2021-march/9702_m21_qp_12.pdf
https://pastpapers.co/caie/a-level/physics-9702/2021-march/9702_m21_qp_33.pdf,,9702_m21_qp_33.pdf,auto,QPQuestion Paper 3 (v3),https://pastpapers.co/caie/a-level/physics-9702/2021-march/9702_m21_qp_12.pdf
https://pastpapers.co/caie/a-level/physics-9702/2021-march/9702_m21_qp_42.pdf,,9702_m21_qp_42.pdf,auto,QPQuestion Paper 4 (v2),https://pastpapers.co/caie/a-level/physics-9702/2021-march/9702_m21_qp_12.pdf
https://pastpapers.co/caie/a-level/physics-9702/2021-march/9702_m21_qp_52.pdf,,9702_m21_qp_52.pdf,auto,QPQuestion Paper 5 (v2),https://pastpapers.co/caie/a-level/physics-9702/2021-march/9702_m21_qp_12.pdf
https://pastpapers.co/caie/a-level/physics-9702/2021-march/9702_m21_ms_12.pdf,,9702_m21_ms_12.pdf,auto,MSMark Scheme 1 (v2),https://pastpapers.co/caie/a-level/physics-9702/2021-march/9702_m21_qp_12.pdf
https://pastpapers.co/caie/a-level/physics-9702/2021-march/9702_m21_ms_22.pdf,,9702_m21_ms_22.pdf,auto,MSMark Scheme 2 (v2),https://pastpapers.co/caie/a-level/physics-9702/2021-march/9702_m21_qp_12.pdf
https://pastpapers.co/caie/a-level/physics-9702/2021-march/9702_m21_ms_33.pdf,,9702_m21_ms_33.pdf,auto,MSMark Scheme 3 (v3),https://pastpapers.co/caie/a-level/physics-9702/2021-march/9702_m21_qp_12.pdf
https://pastpapers.co/caie/a-level/physics-9702/2021-march/9702_m21_ms_42.pdf,,9702_m21_ms_42.pdf,auto,MSMark Scheme 4 (v2),https://pastpapers.co/caie/a-level/physics-9702/2021-march/9702_m21_qp_12.pdf
https://pastpapers.co/caie/a-level/physics-9702/2021-march/9702_m21_ms_52.pdf,,9702_m21_ms_52.pdf,auto,MSMark Scheme 5 (v2),https://pastpapers.co/caie/a-level/physics-9702/2021-march/9702_m21_qp_12.pdf
https://pastpapers.co/caie/a-level/physics-9702/2021-march/9702_m21_ci_33.pdf,,9702_m21_ci_33.pdf,auto,CIConfidential Instructions 3 (v3),https://pastpapers.co/caie/a-level/physics-9702/2021-march/9702_m21_qp_12.pdf
https://pastpapers.co/caie/a-level/physics-9702/2021-march/9702_m21_er.pdf,,9702_m21_er.pdf,auto,ERExaminer Report,https://pastpapers.co/caie/a-level/physics-9702/2021-march/9702_m21_qp_12.pdf
https://pastpapers.co/caie/a-level/physics-9702/2021-march/9702_m21_gt.pdf,,9702_m21_gt.pdf,auto,GTGrade Thresholds,https://pastpapers.co/caie/a-level/physics-9702/2021-march/9702_m21_qp_12.pdf
https://pastpapers.co/api/file/caie/a-level/physics-9702/2021-may-june/9702_s21_qp_12.pdf,,9702_s21_qp_12.pdf,auto,,https://pastpapers.co/caie/a-level/physics-9702/2021-may-june/9702_s21_qp_12.pdf
https://pastpapers.co/api/file/caie/a-level/physics-9702/2021-may-june/9702_s21_qp_12.pdf?download=1,,9702_s21_qp_12.pdf,auto,Download,https://pastpapers.co/caie/a-level/physics-9702/2021-may-june/9702_s21_qp_12.pdf
https://pastpapers.co/caie/a-level/physics-9702/2021-may-june/9702_s21_qp_11.pdf,,9702_s21_qp_11.pdf,auto,QPQuestion Paper 1 (v1),https://pastpapers.co/caie/a-level/physics-9702/2021-may-june/9702_s21_qp_12.pdf
https://pastpapers.co/caie/a-level/physics-9702/2021-may-june/9702_s21_qp_13.pdf,,9702_s21_qp_13.pdf,auto,QPQuestion Paper 1 (v3),https://pastpapers.co/caie/a-level/physics-9702/2021-may-june/9702_s21_qp_12.pdf
https://pastpapers.co/caie/a-level/physics-9702/2021-may-june/9702_s21_qp_21.pdf,,9702_s21_qp_21.pdf,auto,QPQuestion Paper 2 (v1),https://pastpapers.co/caie/a-level/physics-9702/2021-may-june/9702_s21_qp_12.pdf
https://pastpapers.co/caie/a-level/physics-9702/2021-may-june/9702_s21_qp_22.pdf,,9702_s21_qp_22.pdf,auto,QPQuestion Paper 2 (v2),https://pastpapers.co/caie/a-level/physics-9702/2021-may-june/9702_s21_qp_12.pdf
https://pastpapers.co/caie/a-level/physics-9702/2021-may-june/9702_s21_qp_23.pdf,,9702_s21_qp_23.pdf,auto,QPQuestion Paper 2 (v3),https://pastpapers.co/caie/a-level/physics-9702/2021-may-june/9702_s21_qp_12.pdf
https://pastpapers.co/caie/a-level/physics-9702/2021-may-june/9702_s21_qp_31.pdf,,9702_s21_qp_31.pdf,auto,QPQuestion Paper 3 (v1),https://pastpapers.co/caie/a-level/physics-9702/2021-may-june/9702_s21_qp_12.pdf
https://pastpapers.co/caie/a-level/physics-9702/2021-may-june/9702_s21_qp_32.pdf,,9702_s21_qp_32.pdf,auto,QPQuestion Paper 3 (v2),https://pastpapers.co/caie/a-level/physics-9702/2021-may-june/9702_s21_qp_12.pdf
https://pastpapers.co/caie/a-level/physics-9702/2021-may-june/9702_s21_qp_33.pdf,,9702_s21_qp_33.pdf,auto,QPQuestion Paper 3 (v3),https://pastpapers.co/caie/a-level/physics-9702/2021-may-june/9702_s21_qp_12.pdf
https://pastpapers.co/caie/a-level/physics-9702/2021-may-june/9702_s21_qp_34.pdf,,9702_s21_qp_34.pdf,auto,QPQuestion Paper 3 (v4),https://pastpapers.co/caie/a-level/physics-9702/2021-may-june/9702_s21_qp_12.pdf
https://pastpapers.co/caie/a-level/physics-9702/2021-may-june/9702_s21_qp_35.pdf,,9702_s21_qp_35.pdf,auto,QPQuestion Paper 3 (v5),https://pastpapers.co/caie/a-level/physics-9702/2021-may-june/9702_s21_qp_12.pdf
https://pastpapers.co/caie/a-level/physics-9702/2021-may-june/9702_s21_qp_41.pdf,,9702_s21_qp_41.pdf,auto,QPQuestion Paper 4 (v1),https://pastpapers.co/caie/a-level/physics-9702/2021-may-june/9702_s21_qp_12.pdf
https://pastpapers.co/caie/a-level/physics-9702/2021-may-june/9702_s21_qp_42.pdf,,9702_s21_qp_42.pdf,auto,QPQuestion Paper 4 (v2),https://pastpapers.co/caie/a-level/physics-9702/2021-may-june/9702_s21_qp_12.pdf
https://pastpapers.co/caie/a-level/physics-9702/2021-may-june/9702_s21_qp_43.pdf,,9702_s21_qp_43.pdf,auto,QPQuestion Paper 4 (v3),https://pastpapers.co/caie/a-level/physics-9702/2021-may-june/9702_s21_qp_12.pdf
https://pastpapers.co/caie/a-level/physics-9702/2021-may-june/9702_s21_qp_51.pdf,,9702_s21_qp_51.pdf,auto,QPQuestion Paper 5 (v1),https://pastpapers.co/caie/a-level/physics-9702/2021-may-june/9702_s21_qp_12.pdf
https://pastpapers.co/caie/a-level/physics-9702/2021-may-june/9702_s21_qp_52.pdf,,9702_s21_qp_52.pdf,auto,QPQuestion Paper 5 (v2),https://pastpapers.co/caie/a-level/physics-9702/2021-may-june/9702_s21_qp_12.pdf
https://pastpapers.co/caie/a-level/physics-9702/2021-may-june/9702_s21_qp_53.pdf,,9702_s21_qp_53.pdf,auto,QPQuestion Paper 5 (v3),https://pastpapers.co/caie/a-level/physics-9702/2021-may-june/9702_s21_qp_12.pdf
https://pastpapers.co/caie/a-level/physics-9702/2021-may-june/9702_s21_ms_11.pdf,,9702_s21_ms_11.pdf,auto,MSMark Scheme 1 (v1),https://pastpapers.co/caie/a-level/physics-9702/2021-may-june/9702_s21_qp_12.pdf
https://pastpapers.co/caie/a-level/physics-9702/2021-may-june/9702_s21_ms_12.pdf,,9702_s21_ms_12.pdf,auto,MSMark Scheme 1 (v2),https://pastpapers.co/caie/a-level/physics-9702/2021-may-june/9702_s21_qp_12.pdf
https://pastpapers.co/caie/a-level/physics-9702/2021-may-june/9702_s21_ms_13.pdf,,9702_s21_ms_13.pdf,auto,MSMark Scheme 1 (v3),https://pastpapers.co/caie/a-level/physics-9702/2021-may-june/9702_s21_qp_12.pdf
https://pastpapers.co/caie/a-level/physics-9702/2021-may-june/9702_s21_ms_21.pdf,,9702_s21_ms_21.pdf,auto,MSMark Scheme 2 (v1),https://pastpapers.co/caie/a-level/physics-9702/2021-may-june/9702_s21_qp_12.pdf
https://pastpapers.co/caie/a-level/physics-9702/2021-may-june/9702_s21_ms_22.pdf,,9702_s21_ms_22.pdf,auto,MSMark Scheme 2 (v2),https://pastpapers.co/caie/a-level/physics-9702/2021-may-june/9702_s21_qp_12.pdf
https://pastpapers.co/caie/a-level/physics-9702/2021-may-june/9702_s21_ms_23.pdf,,9702_s21_ms_23.pdf,auto,MSMark Scheme 2 (v3),https://pastpapers.co/caie/a-level/physics-9702/2021-may-june/9702_s21_qp_12.pdf
https://pastpapers.co/caie/a-level/physics-9702/2021-may-june/9702_s21_ms_31.pdf,,9702_s21_ms_31.pdf,auto,MSMark Scheme 3 (v1),https://pastpapers.co/caie/a-level/physics-9702/2021-may-june/9702_s21_qp_12.pdf
https://pastpapers.co/caie/a-level/physics-9702/2021-may-june/9702_s21_ms_32.pdf,,9702_s21_ms_32.pdf,auto,MSMark Scheme 3 (v2),https://pastpapers.co/caie/a-level/physics-9702/2021-may-june/9702_s21_qp_12.pdf
https://pastpapers.co/caie/a-level/physics-9702/2021-may-june/9702_s21_ms_33.pdf,,9702_s21_ms_33.pdf,auto,MSMark Scheme 3 (v3),https://pastpapers.co/caie/a-level/physics-9702/2021-may-june/9702_s21_qp_12.pdf
https://pastpapers.co/caie/a-level/physics-9702/2021-may-june/9702_s21_ms_34.pdf,,9702_s21_ms_34.pdf,auto,MSMark Scheme 3 (v4),https://pastpapers.co/caie/a-level/physics-9702/2021-may-june/9702_s21_qp_12.pdf
https://pastpapers.co/caie/a-level/physics-9702/2021-may-june/9702_s21_ms_35.pdf,,9702_s21_ms_35.pdf,auto,MSMark Scheme 3 (v5),https://pastpapers.co/caie/a-level/physics-9702/2021-may-june/9702_s21_qp_12.pdf
https://pastpapers.co/caie/a-level/physics-9702/2021-may-june/9702_s21_ms_41.pdf,,9702_s21_ms_41.pdf,auto,MSMark Scheme 4 (v1),https://pastpapers.co/caie/a-level/physics-9702/2021-may-june/9702_s21_qp_12.pdf
https://pastpapers.co/caie/a-level/physics-9702/2021-may-june/9702_s21_ms_42.pdf,,9702_s21_ms_42.pdf,auto,MSMark Scheme 4 (v2),https://pastpapers.co/caie/a-level/physics-9702/2021-may-june/9702_s21_qp_12.pdf
https://pastpapers.co/caie/a-level/physics-9702/2021-may-june/9702_s21_ms_43.pdf,,9702_s21_ms_43.pdf,auto,MSMark Scheme 4 (v3),https://pastpapers.co/caie/a-level/physics-9702/2021-may-june/9702_s21_qp_12.pdf
https://pastpapers.co/caie/a-level/physics-9702/2021-may-june/9702_s21_ms_51.pdf,,9702_s21_ms_51.pdf,auto,MSMark Scheme 5 (v1),https://pastpapers.co/caie/a-level/physics-9702/2021-may-june/9702_s21_qp_12.pdf
https://pastpapers.co/caie/a-level/physics-9702/2021-may-june/9702_s21_ms_52.pdf,,9702_s21_ms_52.pdf,auto,MSMark Scheme 5 (v2),https://pastpapers.co/caie/a-level/physics-9702/2021-may-june/9702_s21_qp_12.pdf
https://pastpapers.co/caie/a-level/physics-9702/2021-may-june/9702_s21_ms_53.pdf,,9702_s21_ms_53.pdf,auto,MSMark Scheme 5 (v3),https://pastpapers.co/caie/a-level/physics-9702/2021-may-june/9702_s21_qp_12.pdf
https://pastpapers.co/caie/a-level/physics-9702/2021-may-june/9702_s21_ci_31.pdf,,9702_s21_ci_31.pdf,auto,CIConfidential Instructions 3 (v1),https://pastpapers.co/caie/a-level/physics-9702/2021-may-june/9702_s21_qp_12.pdf
https://pastpapers.co/caie/a-level/physics-9702/2021-may-june/9702_s21_ci_32.pdf,,9702_s21_ci_32.pdf,auto,CIConfidential Instructions 3 (v2),https://pastpapers.co/caie/a-level/physics-9702/2021-may-june/9702_s21_qp_12.pdf
https://pastpapers.co/caie/a-level/physics-9702/2021-may-june/9702_s21_ci_33.pdf,,9702_s21_ci_33.pdf,auto,CIConfidential Instructions 3 (v3),https://pastpapers.co/caie/a-level/physics-9702/2021-may-june/9702_s21_qp_12.pdf
https://pastpapers.co/caie/a-level/physics-9702/2021-may-june/9702_s21_ci_34.pdf,,9702_s21_ci_34.pdf,auto,CIConfidential Instructions 3 (v4),https://pastpapers.co/caie/a-level/physics-9702/2021-may-june/9702_s21_qp_12.pdf
https://pastpapers.co/caie/a-level/physics-9702/2021-may-june/9702_s21_ci_35.pdf,,9702_s21_ci_35.pdf,auto,CIConfidential Instructions 3 (v5),https://pastpapers.co/caie/a-level/physics-9702/2021-may-june/9702_s21_qp_12.pdf
https://pastpapers.co/caie/a-level/physics-9702/2021-may-june/9702_s21_er.pdf,,9702_s21_er.pdf,auto,ERExaminer Report,https://pastpapers.co/caie/a-level/physics-9702/2021-may-june/9702_s21_qp_12.pdf
https://pastpapers.co/caie/a-level/physics-9702/2021-may-june/9702_s21_gt.pdf,,9702_s21_gt.pdf,auto,GTGrade Thresholds,https://pastpapers.co/caie/a-level/physics-9702/2021-may-june/9702_s21_qp_12.pdf
https://pastpapers.co/api/file/caie/a-level/physics-9702/2021-oct-nov/9702_w21_qp_12.pdf,,9702_w21_qp_12.pdf,auto,,https://pastpapers.co/caie/a-level/physics-9702/2021-oct-nov/9702_w21_qp_12.pdf
https://pastpapers.co/api/file/caie/a-level/physics-9702/2021-oct-nov/9702_w21_qp_12.pdf?download=1,,9702_w21_qp_12.pdf,auto,Download,https://pastpapers.co/caie/a-level/physics-9702/2021-oct-nov/9702_w21_qp_12.pdf
https://pastpapers.co/caie/a-level/physics-9702/2021-oct-nov/9702_w21_qp_11.pdf,,9702_w21_qp_11.pdf,auto,QPQuestion Paper 1 (v1),https://pastpapers.co/caie/a-level/physics-9702/2021-oct-nov/9702_w21_qp_12.pdf
https://pastpapers.co/caie/a-level/physics-9702/2021-oct-nov/9702_w21_qp_13.pdf,,9702_w21_qp_13.pdf,auto,QPQuestion Paper 1 (v3),https://pastpapers.co/caie/a-level/physics-9702/2021-oct-nov/9702_w21_qp_12.pdf
https://pastpapers.co/caie/a-level/physics-9702/2021-oct-nov/9702_w21_qp_21.pdf,,9702_w21_qp_21.pdf,auto,QPQuestion Paper 2 (v1),https://pastpapers.co/caie/a-level/physics-9702/2021-oct-nov/9702_w21_qp_12.pdf
https://pastpapers.co/caie/a-level/physics-9702/2021-oct-nov/9702_w21_qp_22.pdf,,9702_w21_qp_22.pdf,auto,QPQuestion Paper 2 (v2),https://pastpapers.co/caie/a-level/physics-9702/2021-oct-nov/9702_w21_qp_12.pdf
https://pastpapers.co/caie/a-level/physics-9702/2021-oct-nov/9702_w21_qp_23.pdf,,9702_w21_qp_23.pdf,auto,QPQuestion Paper 2 (v3),https://pastpapers.co/caie/a-level/physics-9702/2021-oct-nov/9702_w21_qp_12.pdf
https://pastpapers.co/caie/a-level/physics-9702/2021-oct-nov/9702_w21_qp_31.pdf,,9702_w21_qp_31.pdf,auto,QPQuestion Paper 3 (v1),https://pastpapers.co/caie/a-level/physics-9702/2021-oct-nov/9702_w21_qp_12.pdf
https://pastpapers.co/caie/a-level/physics-9702/2021-oct-nov/9702_w21_qp_33.pdf,,9702_w21_qp_33.pdf,auto,QPQuestion Paper 3 (v3),https://pastpapers.co/caie/a-level/physics-9702/2021-oct-nov/9702_w21_qp_12.pdf
https://pastpapers.co/caie/a-level/physics-9702/2021-oct-nov/9702_w21_qp_34.pdf,,9702_w21_qp_34.pdf,auto,QPQuestion Paper 3 (v4),https://pastpapers.co/caie/a-level/physics-9702/2021-oct-nov/9702_w21_qp_12.pdf
https://pastpapers.co/caie/a-level/physics-9702/2021-oct-nov/9702_w21_qp_35.pdf,,9702_w21_qp_35.pdf,auto,QPQuestion Paper 3 (v5),https://pastpapers.co/caie/a-level/physics-9702/2021-oct-nov/9702_w21_qp_12.pdf
https://pastpapers.co/caie/a-level/physics-9702/2021-oct-nov/9702_w21_qp_36.pdf,,9702_w21_qp_36.pdf,auto,QPQuestion Paper 3 (v6),https://pastpapers.co/caie/a-level/physics-9702/2021-oct-nov/9702_w21_qp_12.pdf
https://pastpapers.co/caie/a-level/physics-9702/2021-oct-nov/9702_w21_qp_41.pdf,,9702_w21_qp_41.pdf,auto,QPQuestion Paper 4 (v1),https://pastpapers.co/caie/a-level/physics-9702/2021-oct-nov/9702_w21_qp_12.pdf
https://pastpapers.co/caie/a-level/physics-9702/2021-oct-nov/9702_w21_qp_42.pdf,,9702_w21_qp_42.pdf,auto,QPQuestion Paper 4 (v2),https://pastpapers.co/caie/a-level/physics-9702/2021-oct-nov/9702_w21_qp_12.pdf
https://pastpapers.co/caie/a-level/physics-9702/2021-oct-nov/9702_w21_qp_43.pdf,,9702_w21_qp_43.pdf,auto,QPQuestion Paper 4 (v3),https://pastpapers.co/caie/a-level/physics-9702/2021-oct-nov/9702_w21_qp_12.pdf
https://pastpapers.co/caie/a-level/physics-9702/2021-oct-nov/9702_w21_qp_51.pdf,,9702_w21_qp_51.pdf,auto,QPQuestion Paper 5 (v1),https://pastpapers.co/caie/a-level/physics-9702/2021-oct-nov/9702_w21_qp_12.pdf
https://pastpapers.co/caie/a-level/physics-9702/2021-oct-nov/9702_w21_qp_52.pdf,,9702_w21_qp_52.pdf,auto,QPQuestion Paper 5 (v2),https://pastpapers.co/caie/a-level/physics-9702/2021-oct-nov/9702_w21_qp_12.pdf
https://pastpapers.co/caie/a-level/physics-9702/2021-oct-nov/9702_w21_qp_53.pdf,,9702_w21_qp_53.pdf,auto,QPQuestion Paper 5 (v3),https://pastpapers.co/caie/a-level/physics-9702/2021-oct-nov/9702_w21_qp_12.pdf
https://pastpapers.co/caie/a-level/physics-9702/2021-oct-nov/9702_w21_ms_11.pdf,,9702_w21_ms_11.pdf,auto,MSMark Scheme 1 (v1),https://pastpapers.co/caie/a-level/physics-9702/2021-oct-nov/9702_w21_qp_12.pdf
https://pastpapers.co/caie/a-level/physics-9702/2021-oct-nov/9702_w21_ms_12.pdf,,9702_w21_ms_12.pdf,auto,MSMark Scheme 1 (v2),https://pastpapers.co/caie/a-level/physics-9702/2021-oct-nov/9702_w21_qp_12.pdf
https://pastpapers.co/caie/a-level/physics-9702/2021-oct-nov/9702_w21_ms_13.pdf,,9702_w21_ms_13.pdf,auto,MSMark Scheme 1 (v3),https://pastpapers.co/caie/a-level/physics-9702/2021-oct-nov/9702_w21_qp_12.pdf
https://pastpapers.co/caie/a-level/physics-9702/2021-oct-nov/9702_w21_ms_21.pdf,,9702_w21_ms_21.pdf,auto,MSMark Scheme 2 (v1),https://pastpapers.co/caie/a-level/physics-9702/2021-oct-nov/9702_w21_qp_12.pdf
https://pastpapers.co/caie/a-level/physics-9702/2021-oct-nov/9702_w21_ms_22.pdf,,9702_w21_ms_22.pdf,auto,MSMark Scheme 2 (v2),https://pastpapers.co/caie/a-level/physics-9702/2021-oct-nov/9702_w21_qp_12.pdf
https://pastpapers.co/caie/a-level/physics-9702/2021-oct-nov/9702_w21_ms_23.pdf,,9702_w21_ms_23.pdf,auto,MSMark Scheme 2 (v3),https://pastpapers.co/caie/a-level/physics-9702/2021-oct-nov/9702_w21_qp_12.pdf
https://pastpapers.co/caie/a-level/physics-9702/2021-oct-nov/9702_w21_ms_31.pdf,,9702_w21_ms_31.pdf,auto,MSMark Scheme 3 (v1),https://pastpapers.co/caie/a-level/physics-9702/2021-oct-nov/9702_w21_qp_12.pdf
https://pastpapers.co/caie/a-level/physics-9702/2021-oct-nov/9702_w21_ms_33.pdf,,9702_w21_ms_33.pdf,auto,MSMark Scheme 3 (v3),https://pastpapers.co/caie/a-level/physics-9702/2021-oct-nov/9702_w21_qp_12.pdf
https://pastpapers.co/caie/a-level/physics-9702/2021-oct-nov/9702_w21_ms_34.pdf,,9702_w21_ms_34.pdf,auto,MSMark Scheme 3 (v4),https://pastpapers.co/caie/a-level/physics-9702/2021-oct-nov/9702_w21_qp_12.pdf
https://pastpapers.co/caie/a-level/physics-9702/2021-oct-nov/9702_w21_ms_35.pdf,,9702_w21_ms_35.pdf,auto,MSMark Scheme 3 (v5),https://pastpapers.co/caie/a-level/physics-9702/2021-oct-nov/9702_w21_qp_12.pdf
https://pastpapers.co/caie/a-level/physics-9702/2021-oct-nov/9702_w21_ms_36.pdf,,9702_w21_ms_36.pdf,auto,MSMark Scheme 3 (v6),https://pastpapers.co/caie/a-level/physics-9702/2021-oct-nov/9702_w21_qp_12.pdf
https://pastpapers.co/caie/a-level/physics-9702/2021-oct-nov/9702_w21_ms_41.pdf,,9702_w21_ms_41.pdf,auto,MSMark Scheme 4 (v1),https://pastpapers.co/caie/a-level/physics-9702/2021-oct-nov/9702_w21_qp_12.pdf
https://pastpapers.co/caie/a-level/physics-9702/2021-oct-nov/9702_w21_ms_42.pdf,,9702_w21_ms_42.pdf,auto,MSMark Scheme 4 (v2),https://pastpapers.co/caie/a-level/physics-9702/2021-oct-nov/9702_w21_qp_12.pdf
https://pastpapers.co/caie/a-level/physics-9702/2021-oct-nov/9702_w21_ms_43.pdf,,9702_w21_ms_43.pdf,auto,MSMark Scheme 4 (v3),https://pastpapers.co/caie/a-level/physics-9702/2021-oct-nov/9702_w21_qp_12.pdf
https://pastpapers.co/caie/a-level/physics-9702/2021-oct-nov/9702_w21_ms_51.pdf,,9702_w21_ms_51.pdf,auto,MSMark Scheme 5 (v1),https://pastpapers.co/caie/a-level/physics-9702/2021-oct-nov/9702_w21_qp_12.pdf
https://pastpapers.co/caie/a-level/physics-9702/2021-oct-nov/9702_w21_ms_52.pdf,,9702_w21_ms_52.pdf,auto,MSMark Scheme 5 (v2),https://pastpapers.co/caie/a-level/physics-9702/2021-oct-nov/9702_w21_qp_12.pdf
https://pastpapers.co/caie/a-level/physics-9702/2021-oct-nov/9702_w21_ms_53.pdf,,9702_w21_ms_53.pdf,auto,MSMark Scheme 5 (v3),https://pastpapers.co/caie/a-level/physics-9702/2021-oct-nov/9702_w21_qp_12.pdf
https://pastpapers.co/caie/a-level/physics-9702/2021-oct-nov/9702_w21_ci_31.pdf,,9702_w21_ci_31.pdf,auto,CIConfidential Instructions 3 (v1),https://pastpapers.co/caie/a-level/physics-9702/2021-oct-nov/9702_w21_qp_12.pdf
https://pastpapers.co/caie/a-level/physics-9702/2021-oct-nov/9702_w21_ci_33.pdf,,9702_w21_ci_33.pdf,auto,CIConfidential Instructions 3 (v3),https://pastpapers.co/caie/a-level/physics-9702/2021-oct-nov/9702_w21_qp_12.pdf
https://pastpapers.co/caie/a-level/physics-9702/2021-oct-nov/9702_w21_ci_34.pdf,,9702_w21_ci_34.pdf,auto,CIConfidential Instructions 3 (v4),https://pastpapers.co/caie/a-level/physics-9702/2021-oct-nov/9702_w21_qp_12.pdf
https://pastpapers.co/caie/a-level/physics-9702/2021-oct-nov/9702_w21_ci_35.pdf,,9702_w21_ci_35.pdf,auto,CIConfidential Instructions 3 (v5),https://pastpapers.co/caie/a-level/physics-9702/2021-oct-nov/9702_w21_qp_12.pdf
https://pastpapers.co/caie/a-level/physics-9702/2021-oct-nov/9702_w21_ci_36.pdf,,9702_w21_ci_36.pdf,auto,CIConfidential Instructions 3 (v6),https://pastpapers.co/caie/a-level/physics-9702/2021-oct-nov/9702_w21_qp_12.pdf
https://pastpapers.co/caie/a-level/physics-9702/2021-oct-nov/9702_w21_er.pdf,,9702_w21_er.pdf,auto,ERExaminer Report,https://pastpapers.co/caie/a-level/physics-9702/2021-oct-nov/9702_w21_qp_12.pdf
https://pastpapers.co/caie/a-level/physics-9702/2021-oct-nov/9702_w21_gt.pdf,,9702_w21_gt.pdf,auto,GTGrade Thresholds,https://pastpapers.co/caie/a-level/physics-9702/2021-oct-nov/9702_w21_qp_12.pdf
https://pastpapers.co/api/file/caie/a-level/physics-9702/2022-may-june/9702_s22_qp_12.pdf,,9702_s22_qp_12.pdf,auto,,https://pastpapers.co/caie/a-level/physics-9702/2022-may-june/9702_s22_qp_12.pdf
https://pastpapers.co/api/file/caie/a-level/physics-9702/2022-may-june/9702_s22_qp_12.pdf?download=1,,9702_s22_qp_12.pdf,auto,Download,https://pastpapers.co/caie/a-level/physics-9702/2022-may-june/9702_s22_qp_12.pdf
https://pastpapers.co/caie/a-level/physics-9702/2022-may-june/9702_s22_qp_11.pdf,,9702_s22_qp_11.pdf,auto,QPQuestion Paper 1 (v1),https://pastpapers.co/caie/a-level/physics-9702/2022-may-june/9702_s22_qp_12.pdf
https://pastpapers.co/caie/a-level/physics-9702/2022-may-june/9702_s22_qp_13.pdf,,9702_s22_qp_13.pdf,auto,QPQuestion Paper 1 (v3),https://pastpapers.co/caie/a-level/physics-9702/2022-may-june/9702_s22_qp_12.pdf
https://pastpapers.co/caie/a-level/physics-9702/2022-may-june/9702_s22_qp_21.pdf,,9702_s22_qp_21.pdf,auto,QPQuestion Paper 2 (v1),https://pastpapers.co/caie/a-level/physics-9702/2022-may-june/9702_s22_qp_12.pdf
https://pastpapers.co/caie/a-level/physics-9702/2022-may-june/9702_s22_qp_22.pdf,,9702_s22_qp_22.pdf,auto,QPQuestion Paper 2 (v2),https://pastpapers.co/caie/a-level/physics-9702/2022-may-june/9702_s22_qp_12.pdf
https://pastpapers.co/caie/a-level/physics-9702/2022-may-june/9702_s22_qp_23.pdf,,9702_s22_qp_23.pdf,auto,QPQuestion Paper 2 (v3),https://pastpapers.co/caie/a-level/physics-9702/2022-may-june/9702_s22_qp_12.pdf
https://pastpapers.co/caie/a-level/physics-9702/2022-may-june/9702_s22_qp_31.pdf,,9702_s22_qp_31.pdf,auto,QPQuestion Paper 3 (v1),https://pastpapers.co/caie/a-level/physics-9702/2022-may-june/9702_s22_qp_12.pdf
https://pastpapers.co/caie/a-level/physics-9702/2022-may-june/9702_s22_qp_32.pdf,,9702_s22_qp_32.pdf,auto,QPQuestion Paper 3 (v2),https://pastpapers.co/caie/a-level/physics-9702/2022-may-june/9702_s22_qp_12.pdf
https://pastpapers.co/caie/a-level/physics-9702/2022-may-june/9702_s22_qp_33.pdf,,9702_s22_qp_33.pdf,auto,QPQuestion Paper 3 (v3),https://pastpapers.co/caie/a-level/physics-9702/2022-may-june/9702_s22_qp_12.pdf
https://pastpapers.co/caie/a-level/physics-9702/2022-may-june/9702_s22_qp_34.pdf,,9702_s22_qp_34.pdf,auto,QPQuestion Paper 3 (v4),https://pastpapers.co/caie/a-level/physics-9702/2022-may-june/9702_s22_qp_12.pdf
https://pastpapers.co/caie/a-level/physics-9702/2022-may-june/9702_s22_qp_35.pdf,,9702_s22_qp_35.pdf,auto,QPQuestion Paper 3 (v5),https://pastpapers.co/caie/a-level/physics-9702/2022-may-june/9702_s22_qp_12.pdf
https://pastpapers.co/caie/a-level/physics-9702/2022-may-june/9702_s22_qp_41.pdf,,9702_s22_qp_41.pdf,auto,QPQuestion Paper 4 (v1),https://pastpapers.co/caie/a-level/physics-9702/2022-may-june/9702_s22_qp_12.pdf
https://pastpapers.co/caie/a-level/physics-9702/2022-may-june/9702_s22_qp_42.pdf,,9702_s22_qp_42.pdf,auto,QPQuestion Paper 4 (v2),https://pastpapers.co/caie/a-level/physics-9702/2022-may-june/9702_s22_qp_12.pdf
https://pastpapers.co/caie/a-level/physics-9702/2022-may-june/9702_s22_qp_43.pdf,,9702_s22_qp_43.pdf,auto,QPQuestion Paper 4 (v3),https://pastpapers.co/caie/a-level/physics-9702/2022-may-june/9702_s22_qp_12.pdf
https://pastpapers.co/caie/a-level/physics-9702/2022-may-june/9702_s22_qp_51.pdf,,9702_s22_qp_51.pdf,auto,QPQuestion Paper 5 (v1),https://pastpapers.co/caie/a-level/physics-9702/2022-may-june/9702_s22_qp_12.pdf
https://pastpapers.co/caie/a-level/physics-9702/2022-may-june/9702_s22_qp_52.pdf,,9702_s22_qp_52.pdf,auto,QPQuestion Paper 5 (v2),https://pastpapers.co/caie/a-level/physics-9702/2022-may-june/9702_s22_qp_12.pdf
https://pastpapers.co/caie/a-level/physics-9702/2022-may-june/9702_s22_qp_53.pdf,,9702_s22_qp_53.pdf,auto,QPQuestion Paper 5 (v3),https://pastpapers.co/caie/a-level/physics-9702/2022-may-june/9702_s22_qp_12.pdf
https://pastpapers.co/caie/a-level/physics-9702/2022-may-june/9702_s22_ms_11.pdf,,9702_s22_ms_11.pdf,auto,MSMark Scheme 1 (v1),https://pastpapers.co/caie/a-level/physics-9702/2022-may-june/9702_s22_qp_12.pdf
https://pastpapers.co/caie/a-level/physics-9702/2022-may-june/9702_s22_ms_12.pdf,,9702_s22_ms_12.pdf,auto,MSMark Scheme 1 (v2),https://pastpapers.co/caie/a-level/physics-9702/2022-may-june/9702_s22_qp_12.pdf
https://pastpapers.co/caie/a-level/physics-9702/2022-may-june/9702_s22_ms_13.pdf,,9702_s22_ms_13.pdf,auto,MSMark Scheme 1 (v3),https://pastpapers.co/caie/a-level/physics-9702/2022-may-june/9702_s22_qp_12.pdf
https://pastpapers.co/caie/a-level/physics-9702/2022-may-june/9702_s22_ms_21.pdf,,9702_s22_ms_21.pdf,auto,MSMark Scheme 2 (v1),https://pastpapers.co/caie/a-level/physics-9702/2022-may-june/9702_s22_qp_12.pdf
https://pastpapers.co/caie/a-level/physics-9702/2022-may-june/9702_s22_ms_22.pdf,,9702_s22_ms_22.pdf,auto,MSMark Scheme 2 (v2),https://pastpapers.co/caie/a-level/physics-9702/2022-may-june/9702_s22_qp_12.pdf
https://pastpapers.co/caie/a-level/physics-9702/2022-may-june/9702_s22_ms_23.pdf,,9702_s22_ms_23.pdf,auto,MSMark Scheme 2 (v3),https://pastpapers.co/caie/a-level/physics-9702/2022-may-june/9702_s22_qp_12.pdf
https://pastpapers.co/caie/a-level/physics-9702/2022-may-june/9702_s22_ms_31.pdf,,9702_s22_ms_31.pdf,auto,MSMark Scheme 3 (v1),https://pastpapers.co/caie/a-level/physics-9702/2022-may-june/9702_s22_qp_12.pdf
https://pastpapers.co/caie/a-level/physics-9702/2022-may-june/9702_s22_ms_32.pdf,,9702_s22_ms_32.pdf,auto,MSMark Scheme 3 (v2),https://pastpapers.co/caie/a-level/physics-9702/2022-may-june/9702_s22_qp_12.pdf
https://pastpapers.co/caie/a-level/physics-9702/2022-may-june/9702_s22_ms_33.pdf,,9702_s22_ms_33.pdf,auto,MSMark Scheme 3 (v3),https://pastpapers.co/caie/a-level/physics-9702/2022-may-june/9702_s22_qp_12.pdf
https://pastpapers.co/caie/a-level/physics-9702/2022-may-june/9702_s22_ms_34.pdf,,9702_s22_ms_34.pdf,auto,MSMark Scheme 3 (v4),https://pastpapers.co/caie/a-level/physics-9702/2022-may-june/9702_s22_qp_12.pdf
https://pastpapers.co/caie/a-level/physics-9702/2022-may-june/9702_s22_ms_35.pdf,,9702_s22_ms_35.pdf,auto,MSMark Scheme 3 (v5),https://pastpapers.co/caie/a-level/physics-9702/2022-may-june/9702_s22_qp_12.pdf
https://pastpapers.co/caie/a-level/physics-9702/2022-may-june/9702_s22_ms_41.pdf,,9702_s22_ms_41.pdf,auto,MSMark Scheme 4 (v1),https://pastpapers.co/caie/a-level/physics-9702/2022-may-june/9702_s22_qp_12.pdf
https://pastpapers.co/caie/a-level/physics-9702/2022-may-june/9702_s22_ms_42.pdf,,9702_s22_ms_42.pdf,auto,MSMark Scheme 4 (v2),https://pastpapers.co/caie/a-level/physics-9702/2022-may-june/9702_s22_qp_12.pdf
https://pastpapers.co/caie/a-level/physics-9702/2022-may-june/9702_s22_ms_43.pdf,,9702_s22_ms_43.pdf,auto,MSMark Scheme 4 (v3),https://pastpapers.co/caie/a-level/physics-9702/2022-may-june/9702_s22_qp_12.pdf
https://pastpapers.co/caie/a-level/physics-9702/2022-may-june/9702_s22_ms_51.pdf,,9702_s22_ms_51.pdf,auto,MSMark Scheme 5 (v1),https://pastpapers.co/caie/a-level/physics-9702/2022-may-june/9702_s22_qp_12.pdf
https://pastpapers.co/caie/a-level/physics-9702/2022-may-june/9702_s22_ms_52.pdf,,9702_s22_ms_52.pdf,auto,MSMark Scheme 5 (v2),https://pastpapers.co/caie/a-level/physics-9702/2022-may-june/9702_s22_qp_12.pdf
https://pastpapers.co/caie/a-level/physics-9702/2022-may-june/9702_s22_ms_53.pdf,,9702_s22_ms_53.pdf,auto,MSMark Scheme 5 (v3),https://pastpapers.co/caie/a-level/physics-9702/2022-may-june/9702_s22_qp_12.pdf
https://pastpapers.co/caie/a-level/physics-9702/2022-may-june/9702_s22_ci_31.pdf,,9702_s22_ci_31.pdf,auto,CIConfidential Instructions 3 (v1),https://pastpapers.co/caie/a-level/physics-9702/2022-may-june/9702_s22_qp_12.pdf
https://pastpapers.co/caie/a-level/physics-9702/2022-may-june/9702_s22_ci_32.pdf,,9702_s22_ci_32.pdf,auto,CIConfidential Instructions 3 (v2),https://pastpapers.co/caie/a-level/physics-9702/2022-may-june/9702_s22_qp_12.pdf
https://pastpapers.co/caie/a-level/physics-9702/2022-may-june/9702_s22_ci_33.pdf,,9702_s22_ci_33.pdf,auto,CIConfidential Instructions 3 (v3),https://pastpapers.co/caie/a-level/physics-9702/2022-may-june/9702_s22_qp_12.pdf
https://pastpapers.co/caie/a-level/physics-9702/2022-may-june/9702_s22_ci_34.pdf,,9702_s22_ci_34.pdf,auto,CIConfidential Instructions 3 (v4),https://pastpapers.co/caie/a-level/physics-9702/2022-may-june/9702_s22_qp_12.pdf
https://pastpapers.co/caie/a-level/physics-9702/2022-may-june/9702_s22_ci_35.pdf,,9702_s22_ci_35.pdf,auto,CIConfidential Instructions 3 (v5),https://pastpapers.co/caie/a-level/physics-9702/2022-may-june/9702_s22_qp_12.pdf
https://pastpapers.co/caie/a-level/physics-9702/2022-may-june/9702_s22_er.pdf,,9702_s22_er.pdf,auto,ERExaminer Report,https://pastpapers.co/caie/a-level/physics-9702/2022-may-june/9702_s22_qp_12.pdf
https://pastpapers.co/caie/a-level/physics-9702/2022-may-june/9702_s22_gt.pdf,,9702_s22_gt.pdf,auto,GTGrade Thresholds,https://pastpapers.co/caie/a-level/physics-9702/2022-may-june/9702_s22_qp_12.pdf
https://pastpapers.co/api/file/caie/a-level/physics-9702/2022-oct-nov/9702_w22_qp_12.pdf,,9702_w22_qp_12.pdf,auto,,https://pastpapers.co/caie/a-level/physics-9702/2022-oct-nov/9702_w22_qp_12.pdf
https://pastpapers.co/api/file/caie/a-level/physics-9702/2022-oct-nov/9702_w22_qp_12.pdf?download=1,,9702_w22_qp_12.pdf,auto,Download,https://pastpapers.co/caie/a-level/physics-9702/2022-oct-nov/9702_w22_qp_12.pdf
https://pastpapers.co/caie/a-level/physics-9702/2022-oct-nov/9702_w22_qp_11.pdf,,9702_w22_qp_11.pdf,auto,QPQuestion Paper 1 (v1),https://pastpapers.co/caie/a-level/physics-9702/2022-oct-nov/9702_w22_qp_12.pdf
https://pastpapers.co/caie/a-level/physics-9702/2022-oct-nov/9702_w22_qp_13.pdf,,9702_w22_qp_13.pdf,auto,QPQuestion Paper 1 (v3),https://pastpapers.co/caie/a-level/physics-9702/2022-oct-nov/9702_w22_qp_12.pdf
https://pastpapers.co/caie/a-level/physics-9702/2022-oct-nov/9702_w22_qp_21.pdf,,9702_w22_qp_21.pdf,auto,QPQuestion Paper 2 (v1),https://pastpapers.co/caie/a-level/physics-9702/2022-oct-nov/9702_w22_qp_12.pdf
https://pastpapers.co/caie/a-level/physics-9702/2022-oct-nov/9702_w22_qp_22.pdf,,9702_w22_qp_22.pdf,auto,QPQuestion Paper 2 (v2),https://pastpapers.co/caie/a-level/physics-9702/2022-oct-nov/9702_w22_qp_12.pdf
https://pastpapers.co/caie/a-level/physics-9702/2022-oct-nov/9702_w22_qp_23.pdf,,9702_w22_qp_23.pdf,auto,QPQuestion Paper 2 (v3),https://pastpapers.co/caie/a-level/physics-9702/2022-oct-nov/9702_w22_qp_12.pdf
https://pastpapers.co/caie/a-level/physics-9702/2022-oct-nov/9702_w22_qp_31.pdf,,9702_w22_qp_31.pdf,auto,QPQuestion Paper 3 (v1),https://pastpapers.co/caie/a-level/physics-9702/2022-oct-nov/9702_w22_qp_12.pdf
https://pastpapers.co/caie/a-level/physics-9702/2022-oct-nov/9702_w22_qp_33.pdf,,9702_w22_qp_33.pdf,auto,QPQuestion Paper 3 (v3),https://pastpapers.co/caie/a-level/physics-9702/2022-oct-nov/9702_w22_qp_12.pdf
https://pastpapers.co/caie/a-level/physics-9702/2022-oct-nov/9702_w22_qp_34.pdf,,9702_w22_qp_34.pdf,auto,QPQuestion Paper 3 (v4),https://pastpapers.co/caie/a-level/physics-9702/2022-oct-nov/9702_w22_qp_12.pdf
https://pastpapers.co/caie/a-level/physics-9702/2022-oct-nov/9702_w22_qp_35.pdf,,9702_w22_qp_35.pdf,auto,QPQuestion Paper 3 (v5),https://pastpapers.co/caie/a-level/physics-9702/2022-oct-nov/9702_w22_qp_12.pdf
https://pastpapers.co/caie/a-level/physics-9702/2022-oct-nov/9702_w22_qp_36.pdf,,9702_w22_qp_36.pdf,auto,QPQuestion Paper 3 (v6),https://pastpapers.co/caie/a-level/physics-9702/2022-oct-nov/9702_w22_qp_12.pdf
https://pastpapers.co/caie/a-level/physics-9702/2022-oct-nov/9702_w22_qp_41.pdf,,9702_w22_qp_41.pdf,auto,QPQuestion Paper 4 (v1),https://pastpapers.co/caie/a-level/physics-9702/2022-oct-nov/9702_w22_qp_12.pdf
https://pastpapers.co/caie/a-level/physics-9702/2022-oct-nov/9702_w22_qp_42.pdf,,9702_w22_qp_42.pdf,auto,QPQuestion Paper 4 (v2),https://pastpapers.co/caie/a-level/physics-9702/2022-oct-nov/9702_w22_qp_12.pdf
https://pastpapers.co/caie/a-level/physics-9702/2022-oct-nov/9702_w22_qp_43.pdf,,9702_w22_qp_43.pdf,auto,QPQuestion Paper 4 (v3),https://pastpapers.co/caie/a-level/physics-9702/2022-oct-nov/9702_w22_qp_12.pdf
https://pastpapers.co/caie/a-level/physics-9702/2022-oct-nov/9702_w22_qp_51.pdf,,9702_w22_qp_51.pdf,auto,QPQuestion Paper 5 (v1),https://pastpapers.co/caie/a-level/physics-9702/2022-oct-nov/9702_w22_qp_12.pdf
https://pastpapers.co/caie/a-level/physics-9702/2022-oct-nov/9702_w22_qp_52.pdf,,9702_w22_qp_52.pdf,auto,QPQuestion Paper 5 (v2),https://pastpapers.co/caie/a-level/physics-9702/2022-oct-nov/9702_w22_qp_12.pdf
https://pastpapers.co/caie/a-level/physics-9702/2022-oct-nov/9702_w22_qp_53.pdf,,9702_w22_qp_53.pdf,auto,QPQuestion Paper 5 (v3),https://pastpapers.co/caie/a-level/physics-9702/2022-oct-nov/9702_w22_qp_12.pdf
https://pastpapers.co/caie/a-level/physics-9702/2022-oct-nov/9702_w22_ms_11.pdf,,9702_w22_ms_11.pdf,auto,MSMark Scheme 1 (v1),https://pastpapers.co/caie/a-level/physics-9702/2022-oct-nov/9702_w22_qp_12.pdf
https://pastpapers.co/caie/a-level/physics-9702/2022-oct-nov/9702_w22_ms_12.pdf,,9702_w22_ms_12.pdf,auto,MSMark Scheme 1 (v2),https://pastpapers.co/caie/a-level/physics-9702/2022-oct-nov/9702_w22_qp_12.pdf
https://pastpapers.co/caie/a-level/physics-9702/2022-oct-nov/9702_w22_ms_13.pdf,,9702_w22_ms_13.pdf,auto,MSMark Scheme 1 (v3),https://pastpapers.co/caie/a-level/physics-9702/2022-oct-nov/9702_w22_qp_12.pdf
https://pastpapers.co/caie/a-level/physics-9702/2022-oct-nov/9702_w22_ms_21.pdf,,9702_w22_ms_21.pdf,auto,MSMark Scheme 2 (v1),https://pastpapers.co/caie/a-level/physics-9702/2022-oct-nov/9702_w22_qp_12.pdf
https://pastpapers.co/caie/a-level/physics-9702/2022-oct-nov/9702_w22_ms_22.pdf,,9702_w22_ms_22.pdf,auto,MSMark Scheme 2 (v2),https://pastpapers.co/caie/a-level/physics-9702/2022-oct-nov/9702_w22_qp_12.pdf
https://pastpapers.co/caie/a-level/physics-9702/2022-oct-nov/9702_w22_ms_23.pdf,,9702_w22_ms_23.pdf,auto,MSMark Scheme 2 (v3),https://pastpapers.co/caie/a-level/physics-9702/2022-oct-nov/9702_w22_qp_12.pdf
https://pastpapers.co/caie/a-level/physics-9702/2022-oct-nov/9702_w22_ms_31.pdf,,9702_w22_ms_31.pdf,auto,MSMark Scheme 3 (v1),https://pastpapers.co/caie/a-level/physics-9702/2022-oct-nov/9702_w22_qp_12.pdf
https://pastpapers.co/caie/a-level/physics-9702/2022-oct-nov/9702_w22_ms_33.pdf,,9702_w22_ms_33.pdf,auto,MSMark Scheme 3 (v3),https://pastpapers.co/caie/a-level/physics-9702/2022-oct-nov/9702_w22_qp_12.pdf
https://pastpapers.co/caie/a-level/physics-9702/2022-oct-nov/9702_w22_ms_34.pdf,,9702_w22_ms_34.pdf,auto,MSMark Scheme 3 (v4),https://pastpapers.co/caie/a-level/physics-9702/2022-oct-nov/9702_w22_qp_12.pdf
https://pastpapers.co/caie/a-level/physics-9702/2022-oct-nov/9702_w22_ms_35.pdf,,9702_w22_ms_35.pdf,auto,MSMark Scheme 3 (v5),https://pastpapers.co/caie/a-level/physics-9702/2022-oct-nov/9702_w22_qp_12.pdf
https://pastpapers.co/caie/a-level/physics-9702/2022-oct-nov/9702_w22_ms_36.pdf,,9702_w22_ms_36.pdf,auto,MSMark Scheme 3 (v6),https://pastpapers.co/caie/a-level/physics-9702/2022-oct-nov/9702_w22_qp_12.pdf
https://pastpapers.co/caie/a-level/physics-9702/2022-oct-nov/9702_w22_ms_41.pdf,,9702_w22_ms_41.pdf,auto,MSMark Scheme 4 (v1),https://pastpapers.co/caie/a-level/physics-9702/2022-oct-nov/9702_w22_qp_12.pdf
https://pastpapers.co/caie/a-level/physics-9702/2022-oct-nov/9702_w22_ms_42.pdf,,9702_w22_ms_42.pdf,auto,MSMark Scheme 4 (v2),https://pastpapers.co/caie/a-level/physics-9702/2022-oct-nov/9702_w22_qp_12.pdf
https://pastpapers.co/caie/a-level/physics-9702/2022-oct-nov/9702_w22_ms_43.pdf,,9702_w22_ms_43.pdf,auto,MSMark Scheme 4 (v3),https://pastpapers.co/caie/a-level/physics-9702/2022-oct-nov/9702_w22_qp_12.pdf
https://pastpapers.co/caie/a-level/physics-9702/2022-oct-nov/9702_w22_ms_51.pdf,,9702_w22_ms_51.pdf,auto,MSMark Scheme 5 (v1),https://pastpapers.co/caie/a-level/physics-9702/2022-oct-nov/9702_w22_qp_12.pdf
https://pastpapers.co/caie/a-level/physics-9702/2022-oct-nov/9702_w22_ms_52.pdf,,9702_w22_ms_52.pdf,auto,MSMark Scheme 5 (v2),https://pastpapers.co/caie/a-level/physics-9702/2022-oct-nov/9702_w22_qp_12.pdf
https://pastpapers.co/caie/a-level/physics-9702/2022-oct-nov/9702_w22_ms_53.pdf,,9702_w22_ms_53.pdf,auto,MSMark Scheme 5 (v3),https://pastpapers.co/caie/a-level/physics-9702/2022-oct-nov/9702_w22_qp_12.pdf
https://pastpapers.co/caie/a-level/physics-9702/2022-oct-nov/9702_w22_ci_31.pdf,,9702_w22_ci_31.pdf,auto,CIConfidential Instructions 3 (v1),https://pastpapers.co/caie/a-level/physics-9702/2022-oct-nov/9702_w22_qp_12.pdf
https://pastpapers.co/caie/a-level/physics-9702/2022-oct-nov/9702_w22_ci_33.pdf,,9702_w22_ci_33.pdf,auto,CIConfidential Instructions 3 (v3),https://pastpapers.co/caie/a-level/physics-9702/2022-oct-nov/9702_w22_qp_12.pdf
https://pastpapers.co/caie/a-level/physics-9702/2022-oct-nov/9702_w22_ci_34.pdf,,9702_w22_ci_34.pdf,auto,CIConfidential Instructions 3 (v4),https://pastpapers.co/caie/a-level/physics-9702/2022-oct-nov/9702_w22_qp_12.pdf
https://pastpapers.co/caie/a-level/physics-9702/2022-oct-nov/9702_w22_ci_35.pdf,,9702_w22_ci_35.pdf,auto,CIConfidential Instructions 3 (v5),https://pastpapers.co/caie/a-level/physics-9702/2022-oct-nov/9702_w22_qp_12.pdf
https://pastpapers.co/caie/a-level/physics-9702/2022-oct-nov/9702_w22_ci_36.pdf,,9702_w22_ci_36.pdf,auto,CIConfidential Instructions 3 (v6),https://pastpapers.co/caie/a-level/physics-9702/2022-oct-nov/9702_w22_qp_12.pdf
https://pastpapers.co/caie/a-level/physics-9702/2022-oct-nov/9702_w22_er.pdf,,9702_w22_er.pdf,auto,ERExaminer Report,https://pastpapers.co/caie/a-level/physics-9702/2022-oct-nov/9702_w22_qp_12.pdf
https://pastpapers.co/caie/a-level/physics-9702/2022-oct-nov/9702_w22_gt.pdf,,9702_w22_gt.pdf,auto,GTGrade Thresholds,https://pastpapers.co/caie/a-level/physics-9702/2022-oct-nov/9702_w22_qp_12.pdf
https://pastpapers.co/api/file/caie/a-level/physics-9702/2023-march/9702_m23_qp_12.pdf,,9702_m23_qp_12.pdf,auto,,https://pastpapers.co/caie/a-level/physics-9702/2023-march/9702_m23_qp_12.pdf
https://pastpapers.co/api/file/caie/a-level/physics-9702/2023-march/9702_m23_qp_12.pdf?download=1,,9702_m23_qp_12.pdf,auto,Download,https://pastpapers.co/caie/a-level/physics-9702/2023-march/9702_m23_qp_12.pdf
https://pastpapers.co/caie/a-level/physics-9702/2023-march/9702_m23_qp_22.pdf,,9702_m23_qp_22.pdf,auto,QPQuestion Paper 2 (v2),https://pastpapers.co/caie/a-level/physics-9702/2023-march/9702_m23_qp_12.pdf
https://pastpapers.co/caie/a-level/physics-9702/2023-march/9702_m23_qp_33.pdf,,9702_m23_qp_33.pdf,auto,QPQuestion Paper 3 (v3),https://pastpapers.co/caie/a-level/physics-9702/2023-march/9702_m23_qp_12.pdf
https://pastpapers.co/caie/a-level/physics-9702/2023-march/9702_m23_qp_42.pdf,,9702_m23_qp_42.pdf,auto,QPQuestion Paper 4 (v2),https://pastpapers.co/caie/a-level/physics-9702/2023-march/9702_m23_qp_12.pdf
https://pastpapers.co/caie/a-level/physics-9702/2023-march/9702_m23_qp_52.pdf,,9702_m23_qp_52.pdf,auto,QPQuestion Paper 5 (v2),https://pastpapers.co/caie/a-level/physics-9702/2023-march/9702_m23_qp_12.pdf
https://pastpapers.co/caie/a-level/physics-9702/2023-march/9702_m23_ms_12.pdf,,9702_m23_ms_12.pdf,auto,MSMark Scheme 1 (v2),https://pastpapers.co/caie/a-level/physics-9702/2023-march/9702_m23_qp_12.pdf
https://pastpapers.co/caie/a-level/physics-9702/2023-march/9702_m23_ms_22.pdf,,9702_m23_ms_22.pdf,auto,MSMark Scheme 2 (v2),https://pastpapers.co/caie/a-level/physics-9702/2023-march/9702_m23_qp_12.pdf
https://pastpapers.co/caie/a-level/physics-9702/2023-march/9702_m23_ms_33.pdf,,9702_m23_ms_33.pdf,auto,MSMark Scheme 3 (v3),https://pastpapers.co/caie/a-level/physics-9702/2023-march/9702_m23_qp_12.pdf
https://pastpapers.co/caie/a-level/physics-9702/2023-march/9702_m23_ms_42.pdf,,9702_m23_ms_42.pdf,auto,MSMark Scheme 4 (v2),https://pastpapers.co/caie/a-level/physics-9702/2023-march/9702_m23_qp_12.pdf
https://pastpapers.co/caie/a-level/physics-9702/2023-march/9702_m23_ms_52.pdf,,9702_m23_ms_52.pdf,auto,MSMark Scheme 5 (v2),https://pastpapers.co/caie/a-level/physics-9702/2023-march/9702_m23_qp_12.pdf
https://pastpapers.co/caie/a-level/physics-9702/2023-march/9702_m23_ci_33.pdf,,9702_m23_ci_33.pdf,auto,CIConfidential Instructions 3 (v3),https://pastpapers.co/caie/a-level/physics-9702/2023-march/9702_m23_qp_12.pdf
https://pastpapers.co/caie/a-level/physics-9702/2023-march/9702_m23_er.pdf,,9702_m23_er.pdf,auto,ERExaminer Report,https://pastpapers.co/caie/a-level/physics-9702/2023-march/9702_m23_qp_12.pdf
https://pastpapers.co/caie/a-level/physics-9702/2023-march/9702_m23_gt.pdf,,9702_m23_gt.pdf,auto,GTGrade Thresholds,https://pastpapers.co/caie/a-level/physics-9702/2023-march/9702_m23_qp_12.pdf
https://pastpapers.co/api/file/caie/a-level/physics-9702/2023-may-june/9702_s23_qp_12.pdf,,9702_s23_qp_12.pdf,auto,,https://pastpapers.co/caie/a-level/physics-9702/2023-may-june/9702_s23_qp_12.pdf
https://pastpapers.co/api/file/caie/a-level/physics-9702/2023-may-june/9702_s23_qp_12.pdf?download=1,,9702_s23_qp_12.pdf,auto,Download,https://pastpapers.co/caie/a-level/physics-9702/2023-may-june/9702_s23_qp_12.pdf
https://pastpapers.co/caie/a-level/physics-9702/2023-may-june/9702_s23_qp_11.pdf,,9702_s23_qp_11.pdf,auto,QPQuestion Paper 1 (v1),https://pastpapers.co/caie/a-level/physics-9702/2023-may-june/9702_s23_qp_12.pdf
https://pastpapers.co/caie/a-level/physics-9702/2023-may-june/9702_s23_qp_13.pdf,,9702_s23_qp_13.pdf,auto,QPQuestion Paper 1 (v3),https://pastpapers.co/caie/a-level/physics-9702/2023-may-june/9702_s23_qp_12.pdf
https://pastpapers.co/caie/a-level/physics-9702/2023-may-june/9702_s23_qp_21.pdf,,9702_s23_qp_21.pdf,auto,QPQuestion Paper 2 (v1),https://pastpapers.co/caie/a-level/physics-9702/2023-may-june/9702_s23_qp_12.pdf
https://pastpapers.co/caie/a-level/physics-9702/2023-may-june/9702_s23_qp_22.pdf,,9702_s23_qp_22.pdf,auto,QPQuestion Paper 2 (v2),https://pastpapers.co/caie/a-level/physics-9702/2023-may-june/9702_s23_qp_12.pdf
https://pastpapers.co/caie/a-level/physics-9702/2023-may-june/9702_s23_qp_23.pdf,,9702_s23_qp_23.pdf,auto,QPQuestion Paper 2 (v3),https://pastpapers.co/caie/a-level/physics-9702/2023-may-june/9702_s23_qp_12.pdf
https://pastpapers.co/caie/a-level/physics-9702/2023-may-june/9702_s23_qp_31.pdf,,9702_s23_qp_31.pdf,auto,QPQuestion Paper 3 (v1),https://pastpapers.co/caie/a-level/physics-9702/2023-may-june/9702_s23_qp_12.pdf
https://pastpapers.co/caie/a-level/physics-9702/2023-may-june/9702_s23_qp_32.pdf,,9702_s23_qp_32.pdf,auto,QPQuestion Paper 3 (v2),https://pastpapers.co/caie/a-level/physics-9702/2023-may-june/9702_s23_qp_12.pdf
https://pastpapers.co/caie/a-level/physics-9702/2023-may-june/9702_s23_qp_33.pdf,,9702_s23_qp_33.pdf,auto,QPQuestion Paper 3 (v3),https://pastpapers.co/caie/a-level/physics-9702/2023-may-june/9702_s23_qp_12.pdf
https://pastpapers.co/caie/a-level/physics-9702/2023-may-june/9702_s23_qp_34.pdf,,9702_s23_qp_34.pdf,auto,QPQuestion Paper 3 (v4),https://pastpapers.co/caie/a-level/physics-9702/2023-may-june/9702_s23_qp_12.pdf
https://pastpapers.co/caie/a-level/physics-9702/2023-may-june/9702_s23_qp_35.pdf,,9702_s23_qp_35.pdf,auto,QPQuestion Paper 3 (v5),https://pastpapers.co/caie/a-level/physics-9702/2023-may-june/9702_s23_qp_12.pdf
https://pastpapers.co/caie/a-level/physics-9702/2023-may-june/9702_s23_qp_41.pdf,,9702_s23_qp_41.pdf,auto,QPQuestion Paper 4 (v1),https://pastpapers.co/caie/a-level/physics-9702/2023-may-june/9702_s23_qp_12.pdf
https://pastpapers.co/caie/a-level/physics-9702/2023-may-june/9702_s23_qp_42.pdf,,9702_s23_qp_42.pdf,auto,QPQuestion Paper 4 (v2),https://pastpapers.co/caie/a-level/physics-9702/2023-may-june/9702_s23_qp_12.pdf
https://pastpapers.co/caie/a-level/physics-9702/2023-may-june/9702_s23_qp_43.pdf,,9702_s23_qp_43.pdf,auto,QPQuestion Paper 4 (v3),https://pastpapers.co/caie/a-level/physics-9702/2023-may-june/9702_s23_qp_12.pdf
https://pastpapers.co/caie/a-level/physics-9702/2023-may-june/9702_s23_qp_51.pdf,,9702_s23_qp_51.pdf,auto,QPQuestion Paper 5 (v1),https://pastpapers.co/caie/a-level/physics-9702/2023-may-june/9702_s23_qp_12.pdf
https://pastpapers.co/caie/a-level/physics-9702/2023-may-june/9702_s23_qp_52.pdf,,9702_s23_qp_52.pdf,auto,QPQuestion Paper 5 (v2),https://pastpapers.co/caie/a-level/physics-9702/2023-may-june/9702_s23_qp_12.pdf
https://pastpapers.co/caie/a-level/physics-9702/2023-may-june/9702_s23_qp_53.pdf,,9702_s23_qp_53.pdf,auto,QPQuestion Paper 5 (v3),https://pastpapers.co/caie/a-level/physics-9702/2023-may-june/9702_s23_qp_12.pdf
https://pastpapers.co/caie/a-level/physics-9702/2023-may-june/9702_s23_ms_11.pdf,,9702_s23_ms_11.pdf,auto,MSMark Scheme 1 (v1),https://pastpapers.co/caie/a-level/physics-9702/2023-may-june/9702_s23_qp_12.pdf
https://pastpapers.co/caie/a-level/physics-9702/2023-may-june/9702_s23_ms_12.pdf,,9702_s23_ms_12.pdf,auto,MSMark Scheme 1 (v2),https://pastpapers.co/caie/a-level/physics-9702/2023-may-june/9702_s23_qp_12.pdf
https://pastpapers.co/caie/a-level/physics-9702/2023-may-june/9702_s23_ms_13.pdf,,9702_s23_ms_13.pdf,auto,MSMark Scheme 1 (v3),https://pastpapers.co/caie/a-level/physics-9702/2023-may-june/9702_s23_qp_12.pdf
https://pastpapers.co/caie/a-level/physics-9702/2023-may-june/9702_s23_ms_21.pdf,,9702_s23_ms_21.pdf,auto,MSMark Scheme 2 (v1),https://pastpapers.co/caie/a-level/physics-9702/2023-may-june/9702_s23_qp_12.pdf
https://pastpapers.co/caie/a-level/physics-9702/2023-may-june/9702_s23_ms_22.pdf,,9702_s23_ms_22.pdf,auto,MSMark Scheme 2 (v2),https://pastpapers.co/caie/a-level/physics-9702/2023-may-june/9702_s23_qp_12.pdf
https://pastpapers.co/caie/a-level/physics-9702/2023-may-june/9702_s23_ms_23.pdf,,9702_s23_ms_23.pdf,auto,MSMark Scheme 2 (v3),https://pastpapers.co/caie/a-level/physics-9702/2023-may-june/9702_s23_qp_12.pdf
https://pastpapers.co/caie/a-level/physics-9702/2023-may-june/9702_s23_ms_31.pdf,,9702_s23_ms_31.pdf,auto,MSMark Scheme 3 (v1),https://pastpapers.co/caie/a-level/physics-9702/2023-may-june/9702_s23_qp_12.pdf
https://pastpapers.co/caie/a-level/physics-9702/2023-may-june/9702_s23_ms_32.pdf,,9702_s23_ms_32.pdf,auto,MSMark Scheme 3 (v2),https://pastpapers.co/caie/a-level/physics-9702/2023-may-june/9702_s23_qp_12.pdf
https://pastpapers.co/caie/a-level/physics-9702/2023-may-june/9702_s23_ms_33.pdf,,9702_s23_ms_33.pdf,auto,MSMark Scheme 3 (v3),https://pastpapers.co/caie/a-level/physics-9702/2023-may-june/9702_s23_qp_12.pdf
https://pastpapers.co/caie/a-level/physics-9702/2023-may-june/9702_s23_ms_34.pdf,,9702_s23_ms_34.pdf,auto,MSMark Scheme 3 (v4),https://pastpapers.co/caie/a-level/physics-9702/2023-may-june/9702_s23_qp_12.pdf
https://pastpapers.co/caie/a-level/physics-9702/2023-may-june/9702_s23_ms_35.pdf,,9702_s23_ms_35.pdf,auto,MSMark Scheme 3 (v5),https://pastpapers.co/caie/a-level/physics-9702/2023-may-june/9702_s23_qp_12.pdf
https://pastpapers.co/caie/a-level/physics-9702/2023-may-june/9702_s23_ms_41.pdf,,9702_s23_ms_41.pdf,auto,MSMark Scheme 4 (v1),https://pastpapers.co/caie/a-level/physics-9702/2023-may-june/9702_s23_qp_12.pdf
https://pastpapers.co/caie/a-level/physics-9702/2023-may-june/9702_s23_ms_42.pdf,,9702_s23_ms_42.pdf,auto,MSMark Scheme 4 (v2),https://pastpapers.co/caie/a-level/physics-9702/2023-may-june/9702_s23_qp_12.pdf
https://pastpapers.co/caie/a-level/physics-9702/2023-may-june/9702_s23_ms_43.pdf,,9702_s23_ms_43.pdf,auto,MSMark Scheme 4 (v3),https://pastpapers.co/caie/a-level/physics-9702/2023-may-june/9702_s23_qp_12.pdf
https://pastpapers.co/caie/a-level/physics-9702/2023-may-june/9702_s23_ms_51.pdf,,9702_s23_ms_51.pdf,auto,MSMark Scheme 5 (v1),https://pastpapers.co/caie/a-level/physics-9702/2023-may-june/9702_s23_qp_12.pdf
https://pastpapers.co/caie/a-level/physics-9702/2023-may-june/9702_s23_ms_52.pdf,,9702_s23_ms_52.pdf,auto,MSMark Scheme 5 (v2),https://pastpapers.co/caie/a-level/physics-9702/2023-may-june/9702_s23_qp_12.pdf
https://pastpapers.co/caie/a-level/physics-9702/2023-may-june/9702_s23_ms_53.pdf,,9702_s23_ms_53.pdf,auto,MSMark Scheme 5 (v3),https://pastpapers.co/caie/a-level/physics-9702/2023-may-june/9702_s23_qp_12.pdf
https://pastpapers.co/caie/a-level/physics-9702/2023-may-june/9702_s23_ci_31.pdf,,9702_s23_ci_31.pdf,auto,CIConfidential Instructions 3 (v1),https://pastpapers.co/caie/a-level/physics-9702/2023-may-june/9702_s23_qp_12.pdf
https://pastpapers.co/caie/a-level/physics-9702/2023-may-june/9702_s23_ci_32.pdf,,9702_s23_ci_32.pdf,auto,CIConfidential Instructions 3 (v2),https://pastpapers.co/caie/a-level/physics-9702/2023-may-june/9702_s23_qp_12.pdf
https://pastpapers.co/caie/a-level/physics-9702/2023-may-june/9702_s23_ci_33.pdf,,9702_s23_ci_33.pdf,auto,CIConfidential Instructions 3 (v3),https://pastpapers.co/caie/a-level/physics-9702/2023-may-june/9702_s23_qp_12.pdf
https://pastpapers.co/caie/a-level/physics-9702/2023-may-june/9702_s23_ci_34.pdf,,9702_s23_ci_34.pdf,auto,CIConfidential Instructions 3 (v4),https://pastpapers.co/caie/a-level/physics-9702/2023-may-june/9702_s23_qp_12.pdf
https://pastpapers.co/caie/a-level/physics-9702/2023-may-june/9702_s23_ci_35.pdf,,9702_s23_ci_35.pdf,auto,CIConfidential Instructions 3 (v5),https://pastpapers.co/caie/a-level/physics-9702/2023-may-june/9702_s23_qp_12.pdf
https://pastpapers.co/caie/a-level/physics-9702/2023-may-june/9702_s23_er.pdf,,9702_s23_er.pdf,auto,ERExaminer Report,https://pastpapers.co/caie/a-level/physics-9702/2023-may-june/9702_s23_qp_12.pdf
https://pastpapers.co/caie/a-level/physics-9702/2023-may-june/9702_s23_gt.pdf,,9702_s23_gt.pdf,auto,GTGrade Thresholds,https://pastpapers.co/caie/a-level/physics-9702/2023-may-june/9702_s23_qp_12.pdf
https://pastpapers.co/api/file/caie/a-level/physics-9702/2023-oct-nov/9702_w23_qp_12.pdf,,9702_w23_qp_12.pdf,auto,,https://pastpapers.co/caie/a-level/physics-9702/2023-oct-nov/9702_w23_qp_12.pdf
https://pastpapers.co/api/file/caie/a-level/physics-9702/2023-oct-nov/9702_w23_qp_12.pdf?download=1,,9702_w23_qp_12.pdf,auto,Download,https://pastpapers.co/caie/a-level/physics-9702/2023-oct-nov/9702_w23_qp_12.pdf
https://pastpapers.co/caie/a-level/physics-9702/2023-oct-nov/9702_w23_qp_11.pdf,,9702_w23_qp_11.pdf,auto,QPQuestion Paper 1 (v1),https://pastpapers.co/caie/a-level/physics-9702/2023-oct-nov/9702_w23_qp_12.pdf
https://pastpapers.co/caie/a-level/physics-9702/2023-oct-nov/9702_w23_qp_13.pdf,,9702_w23_qp_13.pdf,auto,QPQuestion Paper 1 (v3),https://pastpapers.co/caie/a-level/physics-9702/2023-oct-nov/9702_w23_qp_12.pdf
https://pastpapers.co/caie/a-level/physics-9702/2023-oct-nov/9702_w23_qp_21.pdf,,9702_w23_qp_21.pdf,auto,QPQuestion Paper 2 (v1),https://pastpapers.co/caie/a-level/physics-9702/2023-oct-nov/9702_w23_qp_12.pdf
https://pastpapers.co/caie/a-level/physics-9702/2023-oct-nov/9702_w23_qp_22.pdf,,9702_w23_qp_22.pdf,auto,QPQuestion Paper 2 (v2),https://pastpapers.co/caie/a-level/physics-9702/2023-oct-nov/9702_w23_qp_12.pdf
https://pastpapers.co/caie/a-level/physics-9702/2023-oct-nov/9702_w23_qp_23.pdf,,9702_w23_qp_23.pdf,auto,QPQuestion Paper 2 (v3),https://pastpapers.co/caie/a-level/physics-9702/2023-oct-nov/9702_w23_qp_12.pdf
https://pastpapers.co/caie/a-level/physics-9702/2023-oct-nov/9702_w23_qp_31.pdf,,9702_w23_qp_31.pdf,auto,QPQuestion Paper 3 (v1),https://pastpapers.co/caie/a-level/physics-9702/2023-oct-nov/9702_w23_qp_12.pdf
https://pastpapers.co/caie/a-level/physics-9702/2023-oct-nov/9702_w23_qp_33.pdf,,9702_w23_qp_33.pdf,auto,QPQuestion Paper 3 (v3),https://pastpapers.co/caie/a-level/physics-9702/2023-oct-nov/9702_w23_qp_12.pdf
https://pastpapers.co/caie/a-level/physics-9702/2023-oct-nov/9702_w23_qp_34.pdf,,9702_w23_qp_34.pdf,auto,QPQuestion Paper 3 (v4),https://pastpapers.co/caie/a-level/physics-9702/2023-oct-nov/9702_w23_qp_12.pdf
https://pastpapers.co/caie/a-level/physics-9702/2023-oct-nov/9702_w23_qp_35.pdf,,9702_w23_qp_35.pdf,auto,QPQuestion Paper 3 (v5),https://pastpapers.co/caie/a-level/physics-9702/2023-oct-nov/9702_w23_qp_12.pdf
https://pastpapers.co/caie/a-level/physics-9702/2023-oct-nov/9702_w23_qp_36.pdf,,9702_w23_qp_36.pdf,auto,QPQuestion Paper 3 (v6),https://pastpapers.co/caie/a-level/physics-9702/2023-oct-nov/9702_w23_qp_12.pdf
https://pastpapers.co/caie/a-level/physics-9702/2023-oct-nov/9702_w23_qp_41.pdf,,9702_w23_qp_41.pdf,auto,QPQuestion Paper 4 (v1),https://pastpapers.co/caie/a-level/physics-9702/2023-oct-nov/9702_w23_qp_12.pdf
https://pastpapers.co/caie/a-level/physics-9702/2023-oct-nov/9702_w23_qp_42.pdf,,9702_w23_qp_42.pdf,auto,QPQuestion Paper 4 (v2),https://pastpapers.co/caie/a-level/physics-9702/2023-oct-nov/9702_w23_qp_12.pdf
https://pastpapers.co/caie/a-level/physics-9702/2023-oct-nov/9702_w23_qp_43.pdf,,9702_w23_qp_43.pdf,auto,QPQuestion Paper 4 (v3),https://pastpapers.co/caie/a-level/physics-9702/2023-oct-nov/9702_w23_qp_12.pdf
https://pastpapers.co/caie/a-level/physics-9702/2023-oct-nov/9702_w23_qp_51.pdf,,9702_w23_qp_51.pdf,auto,QPQuestion Paper 5 (v1),https://pastpapers.co/caie/a-level/physics-9702/2023-oct-nov/9702_w23_qp_12.pdf
https://pastpapers.co/caie/a-level/physics-9702/2023-oct-nov/9702_w23_qp_52.pdf,,9702_w23_qp_52.pdf,auto,QPQuestion Paper 5 (v2),https://pastpapers.co/caie/a-level/physics-9702/2023-oct-nov/9702_w23_qp_12.pdf
https://pastpapers.co/caie/a-level/physics-9702/2023-oct-nov/9702_w23_qp_53.pdf,,9702_w23_qp_53.pdf,auto,QPQuestion Paper 5 (v3),https://pastpapers.co/caie/a-level/physics-9702/2023-oct-nov/9702_w23_qp_12.pdf
https://pastpapers.co/caie/a-level/physics-9702/2023-oct-nov/9702_w23_ms_11.pdf,,9702_w23_ms_11.pdf,auto,MSMark Scheme 1 (v1),https://pastpapers.co/caie/a-level/physics-9702/2023-oct-nov/9702_w23_qp_12.pdf
https://pastpapers.co/caie/a-level/physics-9702/2023-oct-nov/9702_w23_ms_12.pdf,,9702_w23_ms_12.pdf,auto,MSMark Scheme 1 (v2),https://pastpapers.co/caie/a-level/physics-9702/2023-oct-nov/9702_w23_qp_12.pdf
https://pastpapers.co/caie/a-level/physics-9702/2023-oct-nov/9702_w23_ms_13.pdf,,9702_w23_ms_13.pdf,auto,MSMark Scheme 1 (v3),https://pastpapers.co/caie/a-level/physics-9702/2023-oct-nov/9702_w23_qp_12.pdf
https://pastpapers.co/caie/a-level/physics-9702/2023-oct-nov/9702_w23_ms_21.pdf,,9702_w23_ms_21.pdf,auto,MSMark Scheme 2 (v1),https://pastpapers.co/caie/a-level/physics-9702/2023-oct-nov/9702_w23_qp_12.pdf
https://pastpapers.co/caie/a-level/physics-9702/2023-oct-nov/9702_w23_ms_22.pdf,,9702_w23_ms_22.pdf,auto,MSMark Scheme 2 (v2),https://pastpapers.co/caie/a-level/physics-9702/2023-oct-nov/9702_w23_qp_12.pdf
https://pastpapers.co/caie/a-level/physics-9702/2023-oct-nov/9702_w23_ms_23.pdf,,9702_w23_ms_23.pdf,auto,MSMark Scheme 2 (v3),https://pastpapers.co/caie/a-level/physics-9702/2023-oct-nov/9702_w23_qp_12.pdf
https://pastpapers.co/caie/a-level/physics-9702/2023-oct-nov/9702_w23_ms_31.pdf,,9702_w23_ms_31.pdf,auto,MSMark Scheme 3 (v1),https://pastpapers.co/caie/a-level/physics-9702/2023-oct-nov/9702_w23_qp_12.pdf
https://pastpapers.co/caie/a-level/physics-9702/2023-oct-nov/9702_w23_ms_33.pdf,,9702_w23_ms_33.pdf,auto,MSMark Scheme 3 (v3),https://pastpapers.co/caie/a-level/physics-9702/2023-oct-nov/9702_w23_qp_12.pdf
https://pastpapers.co/caie/a-level/physics-9702/2023-oct-nov/9702_w23_ms_34.pdf,,9702_w23_ms_34.pdf,auto,MSMark Scheme 3 (v4),https://pastpapers.co/caie/a-level/physics-9702/2023-oct-nov/9702_w23_qp_12.pdf
https://pastpapers.co/caie/a-level/physics-9702/2023-oct-nov/9702_w23_ms_35.pdf,,9702_w23_ms_35.pdf,auto,MSMark Scheme 3 (v5),https://pastpapers.co/caie/a-level/physics-9702/2023-oct-nov/9702_w23_qp_12.pdf
https://pastpapers.co/caie/a-level/physics-9702/2023-oct-nov/9702_w23_ms_36.pdf,,9702_w23_ms_36.pdf,auto,MSMark Scheme 3 (v6),https://pastpapers.co/caie/a-level/physics-9702/2023-oct-nov/9702_w23_qp_12.pdf
https://pastpapers.co/caie/a-level/physics-9702/2023-oct-nov/9702_w23_ms_41.pdf,,9702_w23_ms_41.pdf,auto,MSMark Scheme 4 (v1),https://pastpapers.co/caie/a-level/physics-9702/2023-oct-nov/9702_w23_qp_12.pdf
https://pastpapers.co/caie/a-level/physics-9702/2023-oct-nov/9702_w23_ms_42.pdf,,9702_w23_ms_42.pdf,auto,MSMark Scheme 4 (v2),https://pastpapers.co/caie/a-level/physics-9702/2023-oct-nov/9702_w23_qp_12.pdf
https://pastpapers.co/caie/a-level/physics-9702/2023-oct-nov/9702_w23_ms_43.pdf,,9702_w23_ms_43.pdf,auto,MSMark Scheme 4 (v3),https://pastpapers.co/caie/a-level/physics-9702/2023-oct-nov/9702_w23_qp_12.pdf
https://pastpapers.co/caie/a-level/physics-9702/2023-oct-nov/9702_w23_ms_51.pdf,,9702_w23_ms_51.pdf,auto,MSMark Scheme 5 (v1),https://pastpapers.co/caie/a-level/physics-9702/2023-oct-nov/9702_w23_qp_12.pdf
https://pastpapers.co/caie/a-level/physics-9702/2023-oct-nov/9702_w23_ms_52.pdf,,9702_w23_ms_52.pdf,auto,MSMark Scheme 5 (v2),https://pastpapers.co/caie/a-level/physics-9702/2023-oct-nov/9702_w23_qp_12.pdf
https://pastpapers.co/caie/a-level/physics-9702/2023-oct-nov/9702_w23_ms_53.pdf,,9702_w23_ms_53.pdf,auto,MSMark Scheme 5 (v3),https://pastpapers.co/caie/a-level/physics-9702/2023-oct-nov/9702_w23_qp_12.pdf
https://pastpapers.co/caie/a-level/physics-9702/2023-oct-nov/9702_w23_ci_31.pdf,,9702_w23_ci_31.pdf,auto,CIConfidential Instructions 3 (v1),https://pastpapers.co/caie/a-level/physics-9702/2023-oct-nov/9702_w23_qp_12.pdf
https://pastpapers.co/caie/a-level/physics-9702/2023-oct-nov/9702_w23_ci_33.pdf,,9702_w23_ci_33.pdf,auto,CIConfidential Instructions 3 (v3),https://pastpapers.co/caie/a-level/physics-9702/2023-oct-nov/9702_w23_qp_12.pdf
https://pastpapers.co/caie/a-level/physics-9702/2023-oct-nov/9702_w23_ci_34.pdf,,9702_w23_ci_34.pdf,auto,CIConfidential Instructions 3 (v4),https://pastpapers.co/caie/a-level/physics-9702/2023-oct-nov/9702_w23_qp_12.pdf
https://pastpapers.co/caie/a-level/physics-9702/2023-oct-nov/9702_w23_ci_35.pdf,,9702_w23_ci_35.pdf,auto,CIConfidential Instructions 3 (v5),https://pastpapers.co/caie/a-level/physics-9702/2023-oct-nov/9702_w23_qp_12.pdf
https://pastpapers.co/caie/a-level/physics-9702/2023-oct-nov/9702_w23_ci_36.pdf,,9702_w23_ci_36.pdf,auto,CIConfidential Instructions 3 (v6),https://pastpapers.co/caie/a-level/physics-9702/2023-oct-nov/9702_w23_qp_12.pdf
https://pastpapers.co/caie/a-level/physics-9702/2023-oct-nov/9702_w23_gt.pdf,,9702_w23_gt.pdf,auto,GTGrade Thresholds,https://pastpapers.co/caie/a-level/physics-9702/2023-oct-nov/9702_w23_qp_12.pdf
https://pastpapers.co/api/file/caie/a-level/physics-9702/2024-march/9702_m24_qp_12.pdf,,9702_m24_qp_12.pdf,auto,,https://pastpapers.co/caie/a-level/physics-9702/2024-march/9702_m24_qp_12.pdf
https://pastpapers.co/api/file/caie/a-level/physics-9702/2024-march/9702_m24_qp_12.pdf?download=1,,9702_m24_qp_12.pdf,auto,Download,https://pastpapers.co/caie/a-level/physics-9702/2024-march/9702_m24_qp_12.pdf
https://pastpapers.co/caie/a-level/physics-9702/2024-march/9702_m24_qp_22.pdf,,9702_m24_qp_22.pdf,auto,QPQuestion Paper 2 (v2),https://pastpapers.co/caie/a-level/physics-9702/2024-march/9702_m24_qp_12.pdf
https://pastpapers.co/caie/a-level/physics-9702/2024-march/9702_m24_qp_33.pdf,,9702_m24_qp_33.pdf,auto,QPQuestion Paper 3 (v3),https://pastpapers.co/caie/a-level/physics-9702/2024-march/9702_m24_qp_12.pdf
https://pastpapers.co/caie/a-level/physics-9702/2024-march/9702_m24_qp_42.pdf,,9702_m24_qp_42.pdf,auto,QPQuestion Paper 4 (v2),https://pastpapers.co/caie/a-level/physics-9702/2024-march/9702_m24_qp_12.pdf
https://pastpapers.co/caie/a-level/physics-9702/2024-march/9702_m24_qp_52.pdf,,9702_m24_qp_52.pdf,auto,QPQuestion Paper 5 (v2),https://pastpapers.co/caie/a-level/physics-9702/2024-march/9702_m24_qp_12.pdf
https://pastpapers.co/caie/a-level/physics-9702/2024-march/9702_m24_ms_12.pdf,,9702_m24_ms_12.pdf,auto,MSMark Scheme 1 (v2),https://pastpapers.co/caie/a-level/physics-9702/2024-march/9702_m24_qp_12.pdf
https://pastpapers.co/caie/a-level/physics-9702/2024-march/9702_m24_ms_22.pdf,,9702_m24_ms_22.pdf,auto,MSMark Scheme 2 (v2),https://pastpapers.co/caie/a-level/physics-9702/2024-march/9702_m24_qp_12.pdf
https://pastpapers.co/caie/a-level/physics-9702/2024-march/9702_m24_ms_33.pdf,,9702_m24_ms_33.pdf,auto,MSMark Scheme 3 (v3),https://pastpapers.co/caie/a-level/physics-9702/2024-march/9702_m24_qp_12.pdf
https://pastpapers.co/caie/a-level/physics-9702/2024-march/9702_m24_ms_42.pdf,,9702_m24_ms_42.pdf,auto,MSMark Scheme 4 (v2),https://pastpapers.co/caie/a-level/physics-9702/2024-march/9702_m24_qp_12.pdf
https://pastpapers.co/caie/a-level/physics-9702/2024-march/9702_m24_ms_52.pdf,,9702_m24_ms_52.pdf,auto,MSMark Scheme 5 (v2),https://pastpapers.co/caie/a-level/physics-9702/2024-march/9702_m24_qp_12.pdf
https://pastpapers.co/caie/a-level/physics-9702/2024-march/9702_m24_ci_33.pdf,,9702_m24_ci_33.pdf,auto,CIConfidential Instructions 3 (v3),https://pastpapers.co/caie/a-level/physics-9702/2024-march/9702_m24_qp_12.pdf
https://pastpapers.co/caie/a-level/physics-9702/2024-march/9702_m24_gt.pdf,,9702_m24_gt.pdf,auto,GTGrade Thresholds,https://pastpapers.co/caie/a-level/physics-9702/2024-march/9702_m24_qp_12.pdf
https://pastpapers.co/api/file/caie/a-level/physics-9702/2024-may-june/9702_s24_qp_12.pdf,,9702_s24_qp_12.pdf,auto,,https://pastpapers.co/caie/a-level/physics-9702/2024-may-june/9702_s24_qp_12.pdf
https://pastpapers.co/api/file/caie/a-level/physics-9702/2024-may-june/9702_s24_qp_12.pdf?download=1,,9702_s24_qp_12.pdf,auto,Download,https://pastpapers.co/caie/a-level/physics-9702/2024-may-june/9702_s24_qp_12.pdf
https://pastpapers.co/caie/a-level/physics-9702/2024-may-june/9702_s24_qp_11.pdf,,9702_s24_qp_11.pdf,auto,QPQuestion Paper 1 (v1),https://pastpapers.co/caie/a-level/physics-9702/2024-may-june/9702_s24_qp_12.pdf
https://pastpapers.co/caie/a-level/physics-9702/2024-may-june/9702_s24_qp_13.pdf,,9702_s24_qp_13.pdf,auto,QPQuestion Paper 1 (v3),https://pastpapers.co/caie/a-level/physics-9702/2024-may-june/9702_s24_qp_12.pdf
https://pastpapers.co/caie/a-level/physics-9702/2024-may-june/9702_s24_qp_21.pdf,,9702_s24_qp_21.pdf,auto,QPQuestion Paper 2 (v1),https://pastpapers.co/caie/a-level/physics-9702/2024-may-june/9702_s24_qp_12.pdf
https://pastpapers.co/caie/a-level/physics-9702/2024-may-june/9702_s24_qp_22.pdf,,9702_s24_qp_22.pdf,auto,QPQuestion Paper 2 (v2),https://pastpapers.co/caie/a-level/physics-9702/2024-may-june/9702_s24_qp_12.pdf
https://pastpapers.co/caie/a-level/physics-9702/2024-may-june/9702_s24_qp_23.pdf,,9702_s24_qp_23.pdf,auto,QPQuestion Paper 2 (v3),https://pastpapers.co/caie/a-level/physics-9702/2024-may-june/9702_s24_qp_12.pdf
https://pastpapers.co/caie/a-level/physics-9702/2024-may-june/9702_s24_qp_31.pdf,,9702_s24_qp_31.pdf,auto,QPQuestion Paper 3 (v1),https://pastpapers.co/caie/a-level/physics-9702/2024-may-june/9702_s24_qp_12.pdf
https://pastpapers.co/caie/a-level/physics-9702/2024-may-june/9702_s24_qp_32.pdf,,9702_s24_qp_32.pdf,auto,QPQuestion Paper 3 (v2),https://pastpapers.co/caie/a-level/physics-9702/2024-may-june/9702_s24_qp_12.pdf
https://pastpapers.co/caie/a-level/physics-9702/2024-may-june/9702_s24_qp_33.pdf,,9702_s24_qp_33.pdf,auto,QPQuestion Paper 3 (v3),https://pastpapers.co/caie/a-level/physics-9702/2024-may-june/9702_s24_qp_12.pdf
https://pastpapers.co/caie/a-level/physics-9702/2024-may-june/9702_s24_qp_34.pdf,,9702_s24_qp_34.pdf,auto,QPQuestion Paper 3 (v4),https://pastpapers.co/caie/a-level/physics-9702/2024-may-june/9702_s24_qp_12.pdf
https://pastpapers.co/caie/a-level/physics-9702/2024-may-june/9702_s24_qp_35.pdf,,9702_s24_qp_35.pdf,auto,QPQuestion Paper 3 (v5),https://pastpapers.co/caie/a-level/physics-9702/2024-may-june/9702_s24_qp_12.pdf
https://pastpapers.co/caie/a-level/physics-9702/2024-may-june/9702_s24_qp_41.pdf,,9702_s24_qp_41.pdf,auto,QPQuestion Paper 4 (v1),https://pastpapers.co/caie/a-level/physics-9702/2024-may-june/9702_s24_qp_12.pdf
https://pastpapers.co/caie/a-level/physics-9702/2024-may-june/9702_s24_qp_42.pdf,,9702_s24_qp_42.pdf,auto,QPQuestion Paper 4 (v2),https://pastpapers.co/caie/a-level/physics-9702/2024-may-june/9702_s24_qp_12.pdf
https://pastpapers.co/caie/a-level/physics-9702/2024-may-june/9702_s24_qp_43.pdf,,9702_s24_qp_43.pdf,auto,QPQuestion Paper 4 (v3),https://pastpapers.co/caie/a-level/physics-9702/2024-may-june/9702_s24_qp_12.pdf
https://pastpapers.co/caie/a-level/physics-9702/2024-may-june/9702_s24_qp_51.pdf,,9702_s24_qp_51.pdf,auto,QPQuestion Paper 5 (v1),https://pastpapers.co/caie/a-level/physics-9702/2024-may-june/9702_s24_qp_12.pdf
https://pastpapers.co/caie/a-level/physics-9702/2024-may-june/9702_s24_qp_52.pdf,,9702_s24_qp_52.pdf,auto,QPQuestion Paper 5 (v2),https://pastpapers.co/caie/a-level/physics-9702/2024-may-june/9702_s24_qp_12.pdf
https://pastpapers.co/caie/a-level/physics-9702/2024-may-june/9702_s24_qp_53.pdf,,9702_s24_qp_53.pdf,auto,QPQuestion Paper 5 (v3),https://pastpapers.co/caie/a-level/physics-9702/2024-may-june/9702_s24_qp_12.pdf
https://pastpapers.co/caie/a-level/physics-9702/2024-may-june/9702_s24_ms_11.pdf,,9702_s24_ms_11.pdf,auto,MSMark Scheme 1 (v1),https://pastpapers.co/caie/a-level/physics-9702/2024-may-june/9702_s24_qp_12.pdf
https://pastpapers.co/caie/a-level/physics-9702/2024-may-june/9702_s24_ms_12.pdf,,9702_s24_ms_12.pdf,auto,MSMark Scheme 1 (v2),https://pastpapers.co/caie/a-level/physics-9702/2024-may-june/9702_s24_qp_12.pdf
https://pastpapers.co/caie/a-level/physics-9702/2024-may-june/9702_s24_ms_13.pdf,,9702_s24_ms_13.pdf,auto,MSMark Scheme 1 (v3),https://pastpapers.co/caie/a-level/physics-9702/2024-may-june/9702_s24_qp_12.pdf
https://pastpapers.co/caie/a-level/physics-9702/2024-may-june/9702_s24_ms_21.pdf,,9702_s24_ms_21.pdf,auto,MSMark Scheme 2 (v1),https://pastpapers.co/caie/a-level/physics-9702/2024-may-june/9702_s24_qp_12.pdf
https://pastpapers.co/caie/a-level/physics-9702/2024-may-june/9702_s24_ms_22.pdf,,9702_s24_ms_22.pdf,auto,MSMark Scheme 2 (v2),https://pastpapers.co/caie/a-level/physics-9702/2024-may-june/9702_s24_qp_12.pdf
https://pastpapers.co/caie/a-level/physics-9702/2024-may-june/9702_s24_ms_23.pdf,,9702_s24_ms_23.pdf,auto,MSMark Scheme 2 (v3),https://pastpapers.co/caie/a-level/physics-9702/2024-may-june/9702_s24_qp_12.pdf
https://pastpapers.co/caie/a-level/physics-9702/2024-may-june/9702_s24_ms_31.pdf,,9702_s24_ms_31.pdf,auto,MSMark Scheme 3 (v1),https://pastpapers.co/caie/a-level/physics-9702/2024-may-june/9702_s24_qp_12.pdf
https://pastpapers.co/caie/a-level/physics-9702/2024-may-june/9702_s24_ms_32.pdf,,9702_s24_ms_32.pdf,auto,MSMark Scheme 3 (v2),https://pastpapers.co/caie/a-level/physics-9702/2024-may-june/9702_s24_qp_12.pdf
https://pastpapers.co/caie/a-level/physics-9702/2024-may-june/9702_s24_ms_33.pdf,,9702_s24_ms_33.pdf,auto,MSMark Scheme 3 (v3),https://pastpapers.co/caie/a-level/physics-9702/2024-may-june/9702_s24_qp_12.pdf
https://pastpapers.co/caie/a-level/physics-9702/2024-may-june/9702_s24_ms_34.pdf,,9702_s24_ms_34.pdf,auto,MSMark Scheme 3 (v4),https://pastpapers.co/caie/a-level/physics-9702/2024-may-june/9702_s24_qp_12.pdf
https://pastpapers.co/caie/a-level/physics-9702/2024-may-june/9702_s24_ms_35.pdf,,9702_s24_ms_35.pdf,auto,MSMark Scheme 3 (v5),https://pastpapers.co/caie/a-level/physics-9702/2024-may-june/9702_s24_qp_12.pdf
https://pastpapers.co/caie/a-level/physics-9702/2024-may-june/9702_s24_ms_41.pdf,,9702_s24_ms_41.pdf,auto,MSMark Scheme 4 (v1),https://pastpapers.co/caie/a-level/physics-9702/2024-may-june/9702_s24_qp_12.pdf
https://pastpapers.co/caie/a-level/physics-9702/2024-may-june/9702_s24_ms_42.pdf,,9702_s24_ms_42.pdf,auto,MSMark Scheme 4 (v2),https://pastpapers.co/caie/a-level/physics-9702/2024-may-june/9702_s24_qp_12.pdf
https://pastpapers.co/caie/a-level/physics-9702/2024-may-june/9702_s24_ms_43.pdf,,9702_s24_ms_43.pdf,auto,MSMark Scheme 4 (v3),https://pastpapers.co/caie/a-level/physics-9702/2024-may-june/9702_s24_qp_12.pdf
https://pastpapers.co/caie/a-level/physics-9702/2024-may-june/9702_s24_ms_51.pdf,,9702_s24_ms_51.pdf,auto,MSMark Scheme 5 (v1),https://pastpapers.co/caie/a-level/physics-9702/2024-may-june/9702_s24_qp_12.pdf
https://pastpapers.co/caie/a-level/physics-9702/2024-may-june/9702_s24_ms_52.pdf,,9702_s24_ms_52.pdf,auto,MSMark Scheme 5 (v2),https://pastpapers.co/caie/a-level/physics-9702/2024-may-june/9702_s24_qp_12.pdf
https://pastpapers.co/caie/a-level/physics-9702/2024-may-june/9702_s24_ms_53.pdf,,9702_s24_ms_53.pdf,auto,MSMark Scheme 5 (v3),https://pastpapers.co/caie/a-level/physics-9702/2024-may-june/9702_s24_qp_12.pdf
https://pastpapers.co/caie/a-level/physics-9702/2024-may-june/9702_s24_ci_31.pdf,,9702_s24_ci_31.pdf,auto,CIConfidential Instructions 3 (v1),https://pastpapers.co/caie/a-level/physics-9702/2024-may-june/9702_s24_qp_12.pdf
https://pastpapers.co/caie/a-level/physics-9702/2024-may-june/9702_s24_ci_32.pdf,,9702_s24_ci_32.pdf,auto,CIConfidential Instructions 3 (v2),https://pastpapers.co/caie/a-level/physics-9702/2024-may-june/9702_s24_qp_12.pdf
https://pastpapers.co/caie/a-level/physics-9702/2024-may-june/9702_s24_ci_33.pdf,,9702_s24_ci_33.pdf,auto,CIConfidential Instructions 3 (v3),https://pastpapers.co/caie/a-level/physics-9702/2024-may-june/9702_s24_qp_12.pdf
https://pastpapers.co/caie/a-level/physics-9702/2024-may-june/9702_s24_ci_34.pdf,,9702_s24_ci_34.pdf,auto,CIConfidential Instructions 3 (v4),https://pastpapers.co/caie/a-level/physics-9702/2024-may-june/9702_s24_qp_12.pdf
https://pastpapers.co/caie/a-level/physics-9702/2024-may-june/9702_s24_ci_35.pdf,,9702_s24_ci_35.pdf,auto,CIConfidential Instructions 3 (v5),https://pastpapers.co/caie/a-level/physics-9702/2024-may-june/9702_s24_qp_12.pdf
https://pastpapers.co/caie/a-level/physics-9702/2024-may-june/9702_s24_gt.pdf,,9702_s24_gt.pdf,auto,GTGrade Thresholds,https://pastpapers.co/caie/a-level/physics-9702/2024-may-june/9702_s24_qp_12.pdf
https://pastpapers.co/api/file/caie/a-level/physics-9702/2024-oct-nov/9702_w24_qp_12.pdf,,9702_w24_qp_12.pdf,auto,,https://pastpapers.co/caie/a-level/physics-9702/2024-oct-nov/9702_w24_qp_12.pdf
https://pastpapers.co/api/file/caie/a-level/physics-9702/2024-oct-nov/9702_w24_qp_12.pdf?download=1,,9702_w24_qp_12.pdf,auto,Download,https://pastpapers.co/caie/a-level/physics-9702/2024-oct-nov/9702_w24_qp_12.pdf
https://pastpapers.co/caie/a-level/physics-9702/2024-oct-nov/9702_w24_qp_11.pdf,,9702_w24_qp_11.pdf,auto,QPQuestion Paper 1 (v1),https://pastpapers.co/caie/a-level/physics-9702/2024-oct-nov/9702_w24_qp_12.pdf
https://pastpapers.co/caie/a-level/physics-9702/2024-oct-nov/9702_w24_qp_13.pdf,,9702_w24_qp_13.pdf,auto,QPQuestion Paper 1 (v3),https://pastpapers.co/caie/a-level/physics-9702/2024-oct-nov/9702_w24_qp_12.pdf
https://pastpapers.co/caie/a-level/physics-9702/2024-oct-nov/9702_w24_qp_21.pdf,,9702_w24_qp_21.pdf,auto,QPQuestion Paper 2 (v1),https://pastpapers.co/caie/a-level/physics-9702/2024-oct-nov/9702_w24_qp_12.pdf
https://pastpapers.co/caie/a-level/physics-9702/2024-oct-nov/9702_w24_qp_22.pdf,,9702_w24_qp_22.pdf,auto,QPQuestion Paper 2 (v2),https://pastpapers.co/caie/a-level/physics-9702/2024-oct-nov/9702_w24_qp_12.pdf
https://pastpapers.co/caie/a-level/physics-9702/2024-oct-nov/9702_w24_qp_23.pdf,,9702_w24_qp_23.pdf,auto,QPQuestion Paper 2 (v3),https://pastpapers.co/caie/a-level/physics-9702/2024-oct-nov/9702_w24_qp_12.pdf
https://pastpapers.co/caie/a-level/physics-9702/2024-oct-nov/9702_w24_qp_31.pdf,,9702_w24_qp_31.pdf,auto,QPQuestion Paper 3 (v1),https://pastpapers.co/caie/a-level/physics-9702/2024-oct-nov/9702_w24_qp_12.pdf
https://pastpapers.co/caie/a-level/physics-9702/2024-oct-nov/9702_w24_qp_33.pdf,,9702_w24_qp_33.pdf,auto,QPQuestion Paper 3 (v3),https://pastpapers.co/caie/a-level/physics-9702/2024-oct-nov/9702_w24_qp_12.pdf
https://pastpapers.co/caie/a-level/physics-9702/2024-oct-nov/9702_w24_qp_34.pdf,,9702_w24_qp_34.pdf,auto,QPQuestion Paper 3 (v4),https://pastpapers.co/caie/a-level/physics-9702/2024-oct-nov/9702_w24_qp_12.pdf
https://pastpapers.co/caie/a-level/physics-9702/2024-oct-nov/9702_w24_qp_35.pdf,,9702_w24_qp_35.pdf,auto,QPQuestion Paper 3 (v5),https://pastpapers.co/caie/a-level/physics-9702/2024-oct-nov/9702_w24_qp_12.pdf
https://pastpapers.co/caie/a-level/physics-9702/2024-oct-nov/9702_w24_qp_36.pdf,,9702_w24_qp_36.pdf,auto,QPQuestion Paper 3 (v6),https://pastpapers.co/caie/a-level/physics-9702/2024-oct-nov/9702_w24_qp_12.pdf
https://pastpapers.co/caie/a-level/physics-9702/2024-oct-nov/9702_w24_qp_41.pdf,,9702_w24_qp_41.pdf,auto,QPQuestion Paper 4 (v1),https://pastpapers.co/caie/a-level/physics-9702/2024-oct-nov/9702_w24_qp_12.pdf
https://pastpapers.co/caie/a-level/physics-9702/2024-oct-nov/9702_w24_qp_42.pdf,,9702_w24_qp_42.pdf,auto,QPQuestion Paper 4 (v2),https://pastpapers.co/caie/a-level/physics-9702/2024-oct-nov/9702_w24_qp_12.pdf
https://pastpapers.co/caie/a-level/physics-9702/2024-oct-nov/9702_w24_qp_43.pdf,,9702_w24_qp_43.pdf,auto,QPQuestion Paper 4 (v3),https://pastpapers.co/caie/a-level/physics-9702/2024-oct-nov/9702_w24_qp_12.pdf
https://pastpapers.co/caie/a-level/physics-9702/2024-oct-nov/9702_w24_qp_51.pdf,,9702_w24_qp_51.pdf,auto,QPQuestion Paper 5 (v1),https://pastpapers.co/caie/a-level/physics-9702/2024-oct-nov/9702_w24_qp_12.pdf
https://pastpapers.co/caie/a-level/physics-9702/2024-oct-nov/9702_w24_qp_52.pdf,,9702_w24_qp_52.pdf,auto,QPQuestion Paper 5 (v2),https://pastpapers.co/caie/a-level/physics-9702/2024-oct-nov/9702_w24_qp_12.pdf
https://pastpapers.co/caie/a-level/physics-9702/2024-oct-nov/9702_w24_qp_53.pdf,,9702_w24_qp_53.pdf,auto,QPQuestion Paper 5 (v3),https://pastpapers.co/caie/a-level/physics-9702/2024-oct-nov/9702_w24_qp_12.pdf
https://pastpapers.co/caie/a-level/physics-9702/2024-oct-nov/9702_w24_ms_11.pdf,,9702_w24_ms_11.pdf,auto,MSMark Scheme 1 (v1),https://pastpapers.co/caie/a-level/physics-9702/2024-oct-nov/9702_w24_qp_12.pdf
https://pastpapers.co/caie/a-level/physics-9702/2024-oct-nov/9702_w24_ms_12.pdf,,9702_w24_ms_12.pdf,auto,MSMark Scheme 1 (v2),https://pastpapers.co/caie/a-level/physics-9702/2024-oct-nov/9702_w24_qp_12.pdf
https://pastpapers.co/caie/a-level/physics-9702/2024-oct-nov/9702_w24_ms_13.pdf,,9702_w24_ms_13.pdf,auto,MSMark Scheme 1 (v3),https://pastpapers.co/caie/a-level/physics-9702/2024-oct-nov/9702_w24_qp_12.pdf
https://pastpapers.co/caie/a-level/physics-9702/2024-oct-nov/9702_w24_ms_21.pdf,,9702_w24_ms_21.pdf,auto,MSMark Scheme 2 (v1),https://pastpapers.co/caie/a-level/physics-9702/2024-oct-nov/9702_w24_qp_12.pdf
https://pastpapers.co/caie/a-level/physics-9702/2024-oct-nov/9702_w24_ms_22.pdf,,9702_w24_ms_22.pdf,auto,MSMark Scheme 2 (v2),https://pastpapers.co/caie/a-level/physics-9702/2024-oct-nov/9702_w24_qp_12.pdf
https://pastpapers.co/caie/a-level/physics-9702/2024-oct-nov/9702_w24_ms_23.pdf,,9702_w24_ms_23.pdf,auto,MSMark Scheme 2 (v3),https://pastpapers.co/caie/a-level/physics-9702/2024-oct-nov/9702_w24_qp_12.pdf
https://pastpapers.co/caie/a-level/physics-9702/2024-oct-nov/9702_w24_ms_31.pdf,,9702_w24_ms_31.pdf,auto,MSMark Scheme 3 (v1),https://pastpapers.co/caie/a-level/physics-9702/2024-oct-nov/9702_w24_qp_12.pdf
https://pastpapers.co/caie/a-level/physics-9702/2024-oct-nov/9702_w24_ms_33.pdf,,9702_w24_ms_33.pdf,auto,MSMark Scheme 3 (v3),https://pastpapers.co/caie/a-level/physics-9702/2024-oct-nov/9702_w24_qp_12.pdf
https://pastpapers.co/caie/a-level/physics-9702/2024-oct-nov/9702_w24_ms_34.pdf,,9702_w24_ms_34.pdf,auto,MSMark Scheme 3 (v4),https://pastpapers.co/caie/a-level/physics-9702/2024-oct-nov/9702_w24_qp_12.pdf
https://pastpapers.co/caie/a-level/physics-9702/2024-oct-nov/9702_w24_ms_35.pdf,,9702_w24_ms_35.pdf,auto,MSMark Scheme 3 (v5),https://pastpapers.co/caie/a-level/physics-9702/2024-oct-nov/9702_w24_qp_12.pdf
https://pastpapers.co/caie/a-level/physics-9702/2024-oct-nov/9702_w24_ms_36.pdf,,9702_w24_ms_36.pdf,auto,MSMark Scheme 3 (v6),https://pastpapers.co/caie/a-level/physics-9702/2024-oct-nov/9702_w24_qp_12.pdf
https://pastpapers.co/caie/a-level/physics-9702/2024-oct-nov/9702_w24_ms_41.pdf,,9702_w24_ms_41.pdf,auto,MSMark Scheme 4 (v1),https://pastpapers.co/caie/a-level/physics-9702/2024-oct-nov/9702_w24_qp_12.pdf
https://pastpapers.co/caie/a-level/physics-9702/2024-oct-nov/9702_w24_ms_42.pdf,,9702_w24_ms_42.pdf,auto,MSMark Scheme 4 (v2),https://pastpapers.co/caie/a-level/physics-9702/2024-oct-nov/9702_w24_qp_12.pdf
https://pastpapers.co/caie/a-level/physics-9702/2024-oct-nov/9702_w24_ms_43.pdf,,9702_w24_ms_43.pdf,auto,MSMark Scheme 4 (v3),https://pastpapers.co/caie/a-level/physics-9702/2024-oct-nov/9702_w24_qp_12.pdf
https://pastpapers.co/caie/a-level/physics-9702/2024-oct-nov/9702_w24_ms_51.pdf,,9702_w24_ms_51.pdf,auto,MSMark Scheme 5 (v1),https://pastpapers.co/caie/a-level/physics-9702/2024-oct-nov/9702_w24_qp_12.pdf
https://pastpapers.co/caie/a-level/physics-9702/2024-oct-nov/9702_w24_ms_52.pdf,,9702_w24_ms_52.pdf,auto,MSMark Scheme 5 (v2),https://pastpapers.co/caie/a-level/physics-9702/2024-oct-nov/9702_w24_qp_12.pdf
https://pastpapers.co/caie/a-level/physics-9702/2024-oct-nov/9702_w24_ms_53.pdf,,9702_w24_ms_53.pdf,auto,MSMark Scheme 5 (v3),https://pastpapers.co/caie/a-level/physics-9702/2024-oct-nov/9702_w24_qp_12.pdf
https://pastpapers.co/caie/a-level/physics-9702/2024-oct-nov/9702_w24_ci_31.pdf,,9702_w24_ci_31.pdf,auto,CIConfidential Instructions 3 (v1),https://pastpapers.co/caie/a-level/physics-9702/2024-oct-nov/9702_w24_qp_12.pdf
https://pastpapers.co/caie/a-level/physics-9702/2024-oct-nov/9702_w24_ci_33.pdf,,9702_w24_ci_33.pdf,auto,CIConfidential Instructions 3 (v3),https://pastpapers.co/caie/a-level/physics-9702/2024-oct-nov/9702_w24_qp_12.pdf
https://pastpapers.co/caie/a-level/physics-9702/2024-oct-nov/9702_w24_ci_34.pdf,,9702_w24_ci_34.pdf,auto,CIConfidential Instructions 3 (v4),https://pastpapers.co/caie/a-level/physics-9702/2024-oct-nov/9702_w24_qp_12.pdf
https://pastpapers.co/caie/a-level/physics-9702/2024-oct-nov/9702_w24_ci_35.pdf,,9702_w24_ci_35.pdf,auto,CIConfidential Instructions 3 (v5),https://pastpapers.co/caie/a-level/physics-9702/2024-oct-nov/9702_w24_qp_12.pdf
https://pastpapers.co/caie/a-level/physics-9702/2024-oct-nov/9702_w24_ci_36.pdf,,9702_w24_ci_36.pdf,auto,CIConfidential Instructions 3 (v6),https://pastpapers.co/caie/a-level/physics-9702/2024-oct-nov/9702_w24_qp_12.pdf
https://pastpapers.co/caie/a-level/physics-9702/2024-oct-nov/9702_w24_gt.pdf,,9702_w24_gt.pdf,auto,GTGrade Thresholds,https://pastpapers.co/caie/a-level/physics-9702/2024-oct-nov/9702_w24_qp_12.pdf
https://pastpapers.co/api/file/caie/a-level/physics-9702/2025-march/9702_m25_qp_12.pdf,,9702_m25_qp_12.pdf,auto,,https://pastpapers.co/caie/a-level/physics-9702/2025-march/9702_m25_qp_12.pdf
https://pastpapers.co/api/file/caie/a-level/physics-9702/2025-march/9702_m25_qp_12.pdf?download=1,,9702_m25_qp_12.pdf,auto,Download,https://pastpapers.co/caie/a-level/physics-9702/2025-march/9702_m25_qp_12.pdf
https://pastpapers.co/caie/a-level/physics-9702/2025-march/9702_m25_qp_22.pdf,,9702_m25_qp_22.pdf,auto,QPQuestion Paper 2 (v2),https://pastpapers.co/caie/a-level/physics-9702/2025-march/9702_m25_qp_12.pdf
https://pastpapers.co/caie/a-level/physics-9702/2025-march/9702_m25_qp_33.pdf,,9702_m25_qp_33.pdf,auto,QPQuestion Paper 3 (v3),https://pastpapers.co/caie/a-level/physics-9702/2025-march/9702_m25_qp_12.pdf
https://pastpapers.co/caie/a-level/physics-9702/2025-march/9702_m25_qp_42.pdf,,9702_m25_qp_42.pdf,auto,QPQuestion Paper 4 (v2),https://pastpapers.co/caie/a-level/physics-9702/2025-march/9702_m25_qp_12.pdf
https://pastpapers.co/caie/a-level/physics-9702/2025-march/9702_m25_qp_52.pdf,,9702_m25_qp_52.pdf,auto,QPQuestion Paper 5 (v2),https://pastpapers.co/caie/a-level/physics-9702/2025-march/9702_m25_qp_12.pdf
https://pastpapers.co/caie/a-level/physics-9702/2025-march/9702_m25_ms_12.pdf,,9702_m25_ms_12.pdf,auto,MSMark Scheme 1 (v2),https://pastpapers.co/caie/a-level/physics-9702/2025-march/9702_m25_qp_12.pdf
https://pastpapers.co/caie/a-level/physics-9702/2025-march/9702_m25_ms_22.pdf,,9702_m25_ms_22.pdf,auto,MSMark Scheme 2 (v2),https://pastpapers.co/caie/a-level/physics-9702/2025-march/9702_m25_qp_12.pdf
https://pastpapers.co/caie/a-level/physics-9702/2025-march/9702_m25_ms_33.pdf,,9702_m25_ms_33.pdf,auto,MSMark Scheme 3 (v3),https://pastpapers.co/caie/a-level/physics-9702/2025-march/9702_m25_qp_12.pdf
https://pastpapers.co/caie/a-level/physics-9702/2025-march/9702_m25_ms_42.pdf,,9702_m25_ms_42.pdf,auto,MSMark Scheme 4 (v2),https://pastpapers.co/caie/a-level/physics-9702/2025-march/9702_m25_qp_12.pdf
https://pastpapers.co/caie/a-level/physics-9702/2025-march/9702_m25_ms_52.pdf,,9702_m25_ms_52.pdf,auto,MSMark Scheme 5 (v2),https://pastpapers.co/caie/a-level/physics-9702/2025-march/9702_m25_qp_12.pdf
https://pastpapers.co/caie/a-level/physics-9702/2025-march/9702_m25_ci_33.pdf,,9702_m25_ci_33.pdf,auto,CIConfidential Instructions 3 (v3),https://pastpapers.co/caie/a-level/physics-9702/2025-march/9702_m25_qp_12.pdf
https://pastpapers.co/caie/a-level/physics-9702/2025-march/9702_m25_er.pdf,,9702_m25_er.pdf,auto,ERExaminer Report,https://pastpapers.co/caie/a-level/physics-9702/2025-march/9702_m25_qp_12.pdf
https://pastpapers.co/caie/a-level/physics-9702/2025-march/9702_m25_gt.pdf,,9702_m25_gt.pdf,auto,GTGrade Thresholds,https://pastpapers.co/caie/a-level/physics-9702/2025-march/9702_m25_qp_12.pdf
https://pastpapers.co/api/file/caie/a-level/physics-9702/2025-may-june/9702_s25_qp_12.pdf,,9702_s25_qp_12.pdf,auto,,https://pastpapers.co/caie/a-level/physics-9702/2025-may-june/9702_s25_qp_12.pdf
https://pastpapers.co/api/file/caie/a-level/physics-9702/2025-may-june/9702_s25_qp_12.pdf?download=1,,9702_s25_qp_12.pdf,auto,Download,https://pastpapers.co/caie/a-level/physics-9702/2025-may-june/9702_s25_qp_12.pdf
https://pastpapers.co/caie/a-level/physics-9702/2025-may-june/9702_s25_qp_11.pdf,,9702_s25_qp_11.pdf,auto,QPQuestion Paper 1 (v1),https://pastpapers.co/caie/a-level/physics-9702/2025-may-june/9702_s25_qp_12.pdf
https://pastpapers.co/caie/a-level/physics-9702/2025-may-june/9702_s25_qp_13.pdf,,9702_s25_qp_13.pdf,auto,QPQuestion Paper 1 (v3),https://pastpapers.co/caie/a-level/physics-9702/2025-may-june/9702_s25_qp_12.pdf
https://pastpapers.co/caie/a-level/physics-9702/2025-may-june/9702_s25_qp_14.pdf,,9702_s25_qp_14.pdf,auto,QPQuestion Paper 1 (v4),https://pastpapers.co/caie/a-level/physics-9702/2025-may-june/9702_s25_qp_12.pdf
https://pastpapers.co/caie/a-level/physics-9702/2025-may-june/9702_s25_qp_21.pdf,,9702_s25_qp_21.pdf,auto,QPQuestion Paper 2 (v1),https://pastpapers.co/caie/a-level/physics-9702/2025-may-june/9702_s25_qp_12.pdf
https://pastpapers.co/caie/a-level/physics-9702/2025-may-june/9702_s25_qp_22.pdf,,9702_s25_qp_22.pdf,auto,QPQuestion Paper 2 (v2),https://pastpapers.co/caie/a-level/physics-9702/2025-may-june/9702_s25_qp_12.pdf
https://pastpapers.co/caie/a-level/physics-9702/2025-may-june/9702_s25_qp_23.pdf,,9702_s25_qp_23.pdf,auto,QPQuestion Paper 2 (v3),https://pastpapers.co/caie/a-level/physics-9702/2025-may-june/9702_s25_qp_12.pdf
https://pastpapers.co/caie/a-level/physics-9702/2025-may-june/9702_s25_qp_24.pdf,,9702_s25_qp_24.pdf,auto,QPQuestion Paper 2 (v4),https://pastpapers.co/caie/a-level/physics-9702/2025-may-june/9702_s25_qp_12.pdf
https://pastpapers.co/caie/a-level/physics-9702/2025-may-june/9702_s25_qp_31.pdf,,9702_s25_qp_31.pdf,auto,QPQuestion Paper 3 (v1),https://pastpapers.co/caie/a-level/physics-9702/2025-may-june/9702_s25_qp_12.pdf
https://pastpapers.co/caie/a-level/physics-9702/2025-may-june/9702_s25_qp_32.pdf,,9702_s25_qp_32.pdf,auto,QPQuestion Paper 3 (v2),https://pastpapers.co/caie/a-level/physics-9702/2025-may-june/9702_s25_qp_12.pdf
https://pastpapers.co/caie/a-level/physics-9702/2025-may-june/9702_s25_qp_33.pdf,,9702_s25_qp_33.pdf,auto,QPQuestion Paper 3 (v3),https://pastpapers.co/caie/a-level/physics-9702/2025-may-june/9702_s25_qp_12.pdf
https://pastpapers.co/caie/a-level/physics-9702/2025-may-june/9702_s25_qp_34.pdf,,9702_s25_qp_34.pdf,auto,QPQuestion Paper 3 (v4),https://pastpapers.co/caie/a-level/physics-9702/2025-may-june/9702_s25_qp_12.pdf
https://pastpapers.co/caie/a-level/physics-9702/2025-may-june/9702_s25_qp_35.pdf,,9702_s25_qp_35.pdf,auto,QPQuestion Paper 3 (v5),https://pastpapers.co/caie/a-level/physics-9702/2025-may-june/9702_s25_qp_12.pdf
https://pastpapers.co/caie/a-level/physics-9702/2025-may-june/9702_s25_qp_37.pdf,,9702_s25_qp_37.pdf,auto,QPQuestion Paper 3 (v7),https://pastpapers.co/caie/a-level/physics-9702/2025-may-june/9702_s25_qp_12.pdf
https://pastpapers.co/caie/a-level/physics-9702/2025-may-june/9702_s25_qp_38.pdf,,9702_s25_qp_38.pdf,auto,QPQuestion Paper 3 (v8),https://pastpapers.co/caie/a-level/physics-9702/2025-may-june/9702_s25_qp_12.pdf
https://pastpapers.co/caie/a-level/physics-9702/2025-may-june/9702_s25_qp_41.pdf,,9702_s25_qp_41.pdf,auto,QPQuestion Paper 4 (v1),https://pastpapers.co/caie/a-level/physics-9702/2025-may-june/9702_s25_qp_12.pdf
https://pastpapers.co/caie/a-level/physics-9702/2025-may-june/9702_s25_qp_42.pdf,,9702_s25_qp_42.pdf,auto,QPQuestion Paper 4 (v2),https://pastpapers.co/caie/a-level/physics-9702/2025-may-june/9702_s25_qp_12.pdf
https://pastpapers.co/caie/a-level/physics-9702/2025-may-june/9702_s25_qp_43.pdf,,9702_s25_qp_43.pdf,auto,QPQuestion Paper 4 (v3),https://pastpapers.co/caie/a-level/physics-9702/2025-may-june/9702_s25_qp_12.pdf
https://pastpapers.co/caie/a-level/physics-9702/2025-may-june/9702_s25_qp_44.pdf,,9702_s25_qp_44.pdf,auto,QPQuestion Paper 4 (v4),https://pastpapers.co/caie/a-level/physics-9702/2025-may-june/9702_s25_qp_12.pdf
https://pastpapers.co/caie/a-level/physics-9702/2025-may-june/9702_s25_qp_51.pdf,,9702_s25_qp_51.pdf,auto,QPQuestion Paper 5 (v1),https://pastpapers.co/caie/a-level/physics-9702/2025-may-june/9702_s25_qp_12.pdf
https://pastpapers.co/caie/a-level/physics-9702/2025-may-june/9702_s25_qp_52.pdf,,9702_s25_qp_52.pdf,auto,QPQuestion Paper 5 (v2),https://pastpapers.co/caie/a-level/physics-9702/2025-may-june/9702_s25_qp_12.pdf
https://pastpapers.co/caie/a-level/physics-9702/2025-may-june/9702_s25_qp_53.pdf,,9702_s25_qp_53.pdf,auto,QPQuestion Paper 5 (v3),https://pastpapers.co/caie/a-level/physics-9702/2025-may-june/9702_s25_qp_12.pdf
https://pastpapers.co/caie/a-level/physics-9702/2025-may-june/9702_s25_qp_54.pdf,,9702_s25_qp_54.pdf,auto,QPQuestion Paper 5 (v4),https://pastpapers.co/caie/a-level/physics-9702/2025-may-june/9702_s25_qp_12.pdf
https://pastpapers.co/caie/a-level/physics-9702/2025-may-june/9702_s25_ms_11.pdf,,9702_s25_ms_11.pdf,auto,MSMark Scheme 1 (v1),https://pastpapers.co/caie/a-level/physics-9702/2025-may-june/9702_s25_qp_12.pdf
https://pastpapers.co/caie/a-level/physics-9702/2025-may-june/9702_s25_ms_12.pdf,,9702_s25_ms_12.pdf,auto,MSMark Scheme 1 (v2),https://pastpapers.co/caie/a-level/physics-9702/2025-may-june/9702_s25_qp_12.pdf
https://pastpapers.co/caie/a-level/physics-9702/2025-may-june/9702_s25_ms_13.pdf,,9702_s25_ms_13.pdf,auto,MSMark Scheme 1 (v3),https://pastpapers.co/caie/a-level/physics-9702/2025-may-june/9702_s25_qp_12.pdf
https://pastpapers.co/caie/a-level/physics-9702/2025-may-june/9702_s25_ms_14.pdf,,9702_s25_ms_14.pdf,auto,MSMark Scheme 1 (v4),https://pastpapers.co/caie/a-level/physics-9702/2025-may-june/9702_s25_qp_12.pdf
https://pastpapers.co/caie/a-level/physics-9702/2025-may-june/9702_s25_ms_21.pdf,,9702_s25_ms_21.pdf,auto,MSMark Scheme 2 (v1),https://pastpapers.co/caie/a-level/physics-9702/2025-may-june/9702_s25_qp_12.pdf
https://pastpapers.co/caie/a-level/physics-9702/2025-may-june/9702_s25_ms_22.pdf,,9702_s25_ms_22.pdf,auto,MSMark Scheme 2 (v2),https://pastpapers.co/caie/a-level/physics-9702/2025-may-june/9702_s25_qp_12.pdf
https://pastpapers.co/caie/a-level/physics-9702/2025-may-june/9702_s25_ms_23.pdf,,9702_s25_ms_23.pdf,auto,MSMark Scheme 2 (v3),https://pastpapers.co/caie/a-level/physics-9702/2025-may-june/9702_s25_qp_12.pdf
https://pastpapers.co/caie/a-level/physics-9702/2025-may-june/9702_s25_ms_24.pdf,,9702_s25_ms_24.pdf,auto,MSMark Scheme 2 (v4),https://pastpapers.co/caie/a-level/physics-9702/2025-may-june/9702_s25_qp_12.pdf
https://pastpapers.co/caie/a-level/physics-9702/2025-may-june/9702_s25_ms_31.pdf,,9702_s25_ms_31.pdf,auto,MSMark Scheme 3 (v1),https://pastpapers.co/caie/a-level/physics-9702/2025-may-june/9702_s25_qp_12.pdf
https://pastpapers.co/caie/a-level/physics-9702/2025-may-june/9702_s25_ms_32.pdf,,9702_s25_ms_32.pdf,auto,MSMark Scheme 3 (v2),https://pastpapers.co/caie/a-level/physics-9702/2025-may-june/9702_s25_qp_12.pdf
https://pastpapers.co/caie/a-level/physics-9702/2025-may-june/9702_s25_ms_33.pdf,,9702_s25_ms_33.pdf,auto,MSMark Scheme 3 (v3),https://pastpapers.co/caie/a-level/physics-9702/2025-may-june/9702_s25_qp_12.pdf
https://pastpapers.co/caie/a-level/physics-9702/2025-may-june/9702_s25_ms_34.pdf,,9702_s25_ms_34.pdf,auto,MSMark Scheme 3 (v4),https://pastpapers.co/caie/a-level/physics-9702/2025-may-june/9702_s25_qp_12.pdf
https://pastpapers.co/caie/a-level/physics-9702/2025-may-june/9702_s25_ms_35.pdf,,9702_s25_ms_35.pdf,auto,MSMark Scheme 3 (v5),https://pastpapers.co/caie/a-level/physics-9702/2025-may-june/9702_s25_qp_12.pdf
https://pastpapers.co/caie/a-level/physics-9702/2025-may-june/9702_s25_ms_37.pdf,,9702_s25_ms_37.pdf,auto,MSMark Scheme 3 (v7),https://pastpapers.co/caie/a-level/physics-9702/2025-may-june/9702_s25_qp_12.pdf
https://pastpapers.co/caie/a-level/physics-9702/2025-may-june/9702_s25_ms_38.pdf,,9702_s25_ms_38.pdf,auto,MSMark Scheme 3 (v8),https://pastpapers.co/caie/a-level/physics-9702/2025-may-june/9702_s25_qp_12.pdf
https://pastpapers.co/caie/a-level/physics-9702/2025-may-june/9702_s25_ms_41.pdf,,9702_s25_ms_41.pdf,auto,MSMark Scheme 4 (v1),https://pastpapers.co/caie/a-level/physics-9702/2025-may-june/9702_s25_qp_12.pdf
https://pastpapers.co/caie/a-level/physics-9702/2025-may-june/9702_s25_ms_42.pdf,,9702_s25_ms_42.pdf,auto,MSMark Scheme 4 (v2),https://pastpapers.co/caie/a-level/physics-9702/2025-may-june/9702_s25_qp_12.pdf
https://pastpapers.co/caie/a-level/physics-9702/2025-may-june/9702_s25_ms_43.pdf,,9702_s25_ms_43.pdf,auto,MSMark Scheme 4 (v3),https://pastpapers.co/caie/a-level/physics-9702/2025-may-june/9702_s25_qp_12.pdf
https://pastpapers.co/caie/a-level/physics-9702/2025-may-june/9702_s25_ms_44.pdf,,9702_s25_ms_44.pdf,auto,MSMark Scheme 4 (v4),https://pastpapers.co/caie/a-level/physics-9702/2025-may-june/9702_s25_qp_12.pdf
https://pastpapers.co/caie/a-level/physics-9702/2025-may-june/9702_s25_ms_51.pdf,,9702_s25_ms_51.pdf,auto,MSMark Scheme 5 (v1),https://pastpapers.co/caie/a-level/physics-9702/2025-may-june/9702_s25_qp_12.pdf
https://pastpapers.co/caie/a-level/physics-9702/2025-may-june/9702_s25_ms_52.pdf,,9702_s25_ms_52.pdf,auto,MSMark Scheme 5 (v2),https://pastpapers.co/caie/a-level/physics-9702/2025-may-june/9702_s25_qp_12.pdf
https://pastpapers.co/caie/a-level/physics-9702/2025-may-june/9702_s25_ms_53.pdf,,9702_s25_ms_53.pdf,auto,MSMark Scheme 5 (v3),https://pastpapers.co/caie/a-level/physics-9702/2025-may-june/9702_s25_qp_12.pdf
https://pastpapers.co/caie/a-level/physics-9702/2025-may-june/9702_s25_ms_54.pdf,,9702_s25_ms_54.pdf,auto,MSMark Scheme 5 (v4),https://pastpapers.co/caie/a-level/physics-9702/2025-may-june/9702_s25_qp_12.pdf
https://pastpapers.co/caie/a-level/physics-9702/2025-may-june/9702_s25_ci_31.pdf,,9702_s25_ci_31.pdf,auto,CIConfidential Instructions 3 (v1),https://pastpapers.co/caie/a-level/physics-9702/2025-may-june/9702_s25_qp_12.pdf
https://pastpapers.co/caie/a-level/physics-9702/2025-may-june/9702_s25_ci_32.pdf,,9702_s25_ci_32.pdf,auto,CIConfidential Instructions 3 (v2),https://pastpapers.co/caie/a-level/physics-9702/2025-may-june/9702_s25_qp_12.pdf
https://pastpapers.co/caie/a-level/physics-9702/2025-may-june/9702_s25_ci_33.pdf,,9702_s25_ci_33.pdf,auto,CIConfidential Instructions 3 (v3),https://pastpapers.co/caie/a-level/physics-9702/2025-may-june/9702_s25_qp_12.pdf
https://pastpapers.co/caie/a-level/physics-9702/2025-may-june/9702_s25_ci_34.pdf,,9702_s25_ci_34.pdf,auto,CIConfidential Instructions 3 (v4),https://pastpapers.co/caie/a-level/physics-9702/2025-may-june/9702_s25_qp_12.pdf
https://pastpapers.co/caie/a-level/physics-9702/2025-may-june/9702_s25_ci_35.pdf,,9702_s25_ci_35.pdf,auto,CIConfidential Instructions 3 (v5),https://pastpapers.co/caie/a-level/physics-9702/2025-may-june/9702_s25_qp_12.pdf
https://pastpapers.co/caie/a-level/physics-9702/2025-may-june/9702_s25_ci_37.pdf,,9702_s25_ci_37.pdf,auto,CIConfidential Instructions 3 (v7),https://pastpapers.co/caie/a-level/physics-9702/2025-may-june/9702_s25_qp_12.pdf
https://pastpapers.co/caie/a-level/physics-9702/2025-may-june/9702_s25_ci_38.pdf,,9702_s25_ci_38.pdf,auto,CIConfidential Instructions 3 (v8),https://pastpapers.co/caie/a-level/physics-9702/2025-may-june/9702_s25_qp_12.pdf
https://pastpapers.co/caie/a-level/physics-9702/2025-may-june/9702_s25_gt.pdf,,9702_s25_gt.pdf,auto,GTGrade Thresholds,https://pastpapers.co/caie/a-level/physics-9702/2025-may-june/9702_s25_qp_12.pdf
https://pastpapers.co/api/file/caie/a-level/physics-9702/2025-oct-nov/9702_w25_qp_12.pdf,,9702_w25_qp_12.pdf,auto,,https://pastpapers.co/caie/a-level/physics-9702/2025-oct-nov/9702_w25_qp_12.pdf
https://pastpapers.co/api/file/caie/a-level/physics-9702/2025-oct-nov/9702_w25_qp_12.pdf?download=1,,9702_w25_qp_12.pdf,auto,Download,https://pastpapers.co/caie/a-level/physics-9702/2025-oct-nov/9702_w25_qp_12.pdf
https://pastpapers.co/caie/a-level/physics-9702/2025-oct-nov/9702_w25_qp_11.pdf,,9702_w25_qp_11.pdf,auto,QPQuestion Paper 1 (v1),https://pastpapers.co/caie/a-level/physics-9702/2025-oct-nov/9702_w25_qp_12.pdf
https://pastpapers.co/caie/a-level/physics-9702/2025-oct-nov/9702_w25_qp_13.pdf,,9702_w25_qp_13.pdf,auto,QPQuestion Paper 1 (v3),https://pastpapers.co/caie/a-level/physics-9702/2025-oct-nov/9702_w25_qp_12.pdf
https://pastpapers.co/caie/a-level/physics-9702/2025-oct-nov/9702_w25_qp_14.pdf,,9702_w25_qp_14.pdf,auto,QPQuestion Paper 1 (v4),https://pastpapers.co/caie/a-level/physics-9702/2025-oct-nov/9702_w25_qp_12.pdf
https://pastpapers.co/caie/a-level/physics-9702/2025-oct-nov/9702_w25_qp_21.pdf,,9702_w25_qp_21.pdf,auto,QPQuestion Paper 2 (v1),https://pastpapers.co/caie/a-level/physics-9702/2025-oct-nov/9702_w25_qp_12.pdf
https://pastpapers.co/caie/a-level/physics-9702/2025-oct-nov/9702_w25_qp_22.pdf,,9702_w25_qp_22.pdf,auto,QPQuestion Paper 2 (v2),https://pastpapers.co/caie/a-level/physics-9702/2025-oct-nov/9702_w25_qp_12.pdf
https://pastpapers.co/caie/a-level/physics-9702/2025-oct-nov/9702_w25_qp_23.pdf,,9702_w25_qp_23.pdf,auto,QPQuestion Paper 2 (v3),https://pastpapers.co/caie/a-level/physics-9702/2025-oct-nov/9702_w25_qp_12.pdf
https://pastpapers.co/caie/a-level/physics-9702/2025-oct-nov/9702_w25_qp_24.pdf,,9702_w25_qp_24.pdf,auto,QPQuestion Paper 2 (v4),https://pastpapers.co/caie/a-level/physics-9702/2025-oct-nov/9702_w25_qp_12.pdf
https://pastpapers.co/caie/a-level/physics-9702/2025-oct-nov/9702_w25_qp_31.pdf,,9702_w25_qp_31.pdf,auto,QPQuestion Paper 3 (v1),https://pastpapers.co/caie/a-level/physics-9702/2025-oct-nov/9702_w25_qp_12.pdf
https://pastpapers.co/caie/a-level/physics-9702/2025-oct-nov/9702_w25_qp_33.pdf,,9702_w25_qp_33.pdf,auto,QPQuestion Paper 3 (v3),https://pastpapers.co/caie/a-level/physics-9702/2025-oct-nov/9702_w25_qp_12.pdf
https://pastpapers.co/caie/a-level/physics-9702/2025-oct-nov/9702_w25_qp_34.pdf,,9702_w25_qp_34.pdf,auto,QPQuestion Paper 3 (v4),https://pastpapers.co/caie/a-level/physics-9702/2025-oct-nov/9702_w25_qp_12.pdf
https://pastpapers.co/caie/a-level/physics-9702/2025-oct-nov/9702_w25_qp_35.pdf,,9702_w25_qp_35.pdf,auto,QPQuestion Paper 3 (v5),https://pastpapers.co/caie/a-level/physics-9702/2025-oct-nov/9702_w25_qp_12.pdf
https://pastpapers.co/caie/a-level/physics-9702/2025-oct-nov/9702_w25_qp_36.pdf,,9702_w25_qp_36.pdf,auto,QPQuestion Paper 3 (v6),https://pastpapers.co/caie/a-level/physics-9702/2025-oct-nov/9702_w25_qp_12.pdf
https://pastpapers.co/caie/a-level/physics-9702/2025-oct-nov/9702_w25_qp_37.pdf,,9702_w25_qp_37.pdf,auto,QPQuestion Paper 3 (v7),https://pastpapers.co/caie/a-level/physics-9702/2025-oct-nov/9702_w25_qp_12.pdf
https://pastpapers.co/caie/a-level/physics-9702/2025-oct-nov/9702_w25_qp_38.pdf,,9702_w25_qp_38.pdf,auto,QPQuestion Paper 3 (v8),https://pastpapers.co/caie/a-level/physics-9702/2025-oct-nov/9702_w25_qp_12.pdf
https://pastpapers.co/caie/a-level/physics-9702/2025-oct-nov/9702_w25_qp_41.pdf,,9702_w25_qp_41.pdf,auto,QPQuestion Paper 4 (v1),https://pastpapers.co/caie/a-level/physics-9702/2025-oct-nov/9702_w25_qp_12.pdf
https://pastpapers.co/caie/a-level/physics-9702/2025-oct-nov/9702_w25_qp_42.pdf,,9702_w25_qp_42.pdf,auto,QPQuestion Paper 4 (v2),https://pastpapers.co/caie/a-level/physics-9702/2025-oct-nov/9702_w25_qp_12.pdf
https://pastpapers.co/caie/a-level/physics-9702/2025-oct-nov/9702_w25_qp_43.pdf,,9702_w25_qp_43.pdf,auto,QPQuestion Paper 4 (v3),https://pastpapers.co/caie/a-level/physics-9702/2025-oct-nov/9702_w25_qp_12.pdf
https://pastpapers.co/caie/a-level/physics-9702/2025-oct-nov/9702_w25_qp_44.pdf,,9702_w25_qp_44.pdf,auto,QPQuestion Paper 4 (v4),https://pastpapers.co/caie/a-level/physics-9702/2025-oct-nov/9702_w25_qp_12.pdf
https://pastpapers.co/caie/a-level/physics-9702/2025-oct-nov/9702_w25_qp_51.pdf,,9702_w25_qp_51.pdf,auto,QPQuestion Paper 5 (v1),https://pastpapers.co/caie/a-level/physics-9702/2025-oct-nov/9702_w25_qp_12.pdf
https://pastpapers.co/caie/a-level/physics-9702/2025-oct-nov/9702_w25_qp_52.pdf,,9702_w25_qp_52.pdf,auto,QPQuestion Paper 5 (v2),https://pastpapers.co/caie/a-level/physics-9702/2025-oct-nov/9702_w25_qp_12.pdf
https://pastpapers.co/caie/a-level/physics-9702/2025-oct-nov/9702_w25_qp_53.pdf,,9702_w25_qp_53.pdf,auto,QPQuestion Paper 5 (v3),https://pastpapers.co/caie/a-level/physics-9702/2025-oct-nov/9702_w25_qp_12.pdf
https://pastpapers.co/caie/a-level/physics-9702/2025-oct-nov/9702_w25_qp_54.pdf,,9702_w25_qp_54.pdf,auto,QPQuestion Paper 5 (v4),https://pastpapers.co/caie/a-level/physics-9702/2025-oct-nov/9702_w25_qp_12.pdf
https://pastpapers.co/caie/a-level/physics-9702/2025-oct-nov/9702_w25_ms_11.pdf,,9702_w25_ms_11.pdf,auto,MSMark Scheme 1 (v1),https://pastpapers.co/caie/a-level/physics-9702/2025-oct-nov/9702_w25_qp_12.pdf
https://pastpapers.co/caie/a-level/physics-9702/2025-oct-nov/9702_w25_ms_12.pdf,,9702_w25_ms_12.pdf,auto,MSMark Scheme 1 (v2),https://pastpapers.co/caie/a-level/physics-9702/2025-oct-nov/9702_w25_qp_12.pdf
https://pastpapers.co/caie/a-level/physics-9702/2025-oct-nov/9702_w25_ms_13.pdf,,9702_w25_ms_13.pdf,auto,MSMark Scheme 1 (v3),https://pastpapers.co/caie/a-level/physics-9702/2025-oct-nov/9702_w25_qp_12.pdf
https://pastpapers.co/caie/a-level/physics-9702/2025-oct-nov/9702_w25_ms_14.pdf,,9702_w25_ms_14.pdf,auto,MSMark Scheme 1 (v4),https://pastpapers.co/caie/a-level/physics-9702/2025-oct-nov/9702_w25_qp_12.pdf
https://pastpapers.co/caie/a-level/physics-9702/2025-oct-nov/9702_w25_ms_21.pdf,,9702_w25_ms_21.pdf,auto,MSMark Scheme 2 (v1),https://pastpapers.co/caie/a-level/physics-9702/2025-oct-nov/9702_w25_qp_12.pdf
https://pastpapers.co/caie/a-level/physics-9702/2025-oct-nov/9702_w25_ms_22.pdf,,9702_w25_ms_22.pdf,auto,MSMark Scheme 2 (v2),https://pastpapers.co/caie/a-level/physics-9702/2025-oct-nov/9702_w25_qp_12.pdf
https://pastpapers.co/caie/a-level/physics-9702/2025-oct-nov/9702_w25_ms_23.pdf,,9702_w25_ms_23.pdf,auto,MSMark Scheme 2 (v3),https://pastpapers.co/caie/a-level/physics-9702/2025-oct-nov/9702_w25_qp_12.pdf
https://pastpapers.co/caie/a-level/physics-9702/2025-oct-nov/9702_w25_ms_24.pdf,,9702_w25_ms_24.pdf,auto,MSMark Scheme 2 (v4),https://pastpapers.co/caie/a-level/physics-9702/2025-oct-nov/9702_w25_qp_12.pdf
https://pastpapers.co/caie/a-level/physics-9702/2025-oct-nov/9702_w25_ms_31.pdf,,9702_w25_ms_31.pdf,auto,MSMark Scheme 3 (v1),https://pastpapers.co/caie/a-level/physics-9702/2025-oct-nov/9702_w25_qp_12.pdf
https://pastpapers.co/caie/a-level/physics-9702/2025-oct-nov/9702_w25_ms_33.pdf,,9702_w25_ms_33.pdf,auto,MSMark Scheme 3 (v3),https://pastpapers.co/caie/a-level/physics-9702/2025-oct-nov/9702_w25_qp_12.pdf
https://pastpapers.co/caie/a-level/physics-9702/2025-oct-nov/9702_w25_ms_34.pdf,,9702_w25_ms_34.pdf,auto,MSMark Scheme 3 (v4),https://pastpapers.co/caie/a-level/physics-9702/2025-oct-nov/9702_w25_qp_12.pdf
https://pastpapers.co/caie/a-level/physics-9702/2025-oct-nov/9702_w25_ms_35.pdf,,9702_w25_ms_35.pdf,auto,MSMark Scheme 3 (v5),https://pastpapers.co/caie/a-level/physics-9702/2025-oct-nov/9702_w25_qp_12.pdf
https://pastpapers.co/caie/a-level/physics-9702/2025-oct-nov/9702_w25_ms_36.pdf,,9702_w25_ms_36.pdf,auto,MSMark Scheme 3 (v6),https://pastpapers.co/caie/a-level/physics-9702/2025-oct-nov/9702_w25_qp_12.pdf
https://pastpapers.co/caie/a-level/physics-9702/2025-oct-nov/9702_w25_ms_37.pdf,,9702_w25_ms_37.pdf,auto,MSMark Scheme 3 (v7),https://pastpapers.co/caie/a-level/physics-9702/2025-oct-nov/9702_w25_qp_12.pdf
https://pastpapers.co/caie/a-level/physics-9702/2025-oct-nov/9702_w25_ms_38.pdf,,9702_w25_ms_38.pdf,auto,MSMark Scheme 3 (v8),https://pastpapers.co/caie/a-level/physics-9702/2025-oct-nov/9702_w25_qp_12.pdf
https://pastpapers.co/caie/a-level/physics-9702/2025-oct-nov/9702_w25_ms_41.pdf,,9702_w25_ms_41.pdf,auto,MSMark Scheme 4 (v1),https://pastpapers.co/caie/a-level/physics-9702/2025-oct-nov/9702_w25_qp_12.pdf
https://pastpapers.co/caie/a-level/physics-9702/2025-oct-nov/9702_w25_ms_42.pdf,,9702_w25_ms_42.pdf,auto,MSMark Scheme 4 (v2),https://pastpapers.co/caie/a-level/physics-9702/2025-oct-nov/9702_w25_qp_12.pdf
https://pastpapers.co/caie/a-level/physics-9702/2025-oct-nov/9702_w25_ms_43.pdf,,9702_w25_ms_43.pdf,auto,MSMark Scheme 4 (v3),https://pastpapers.co/caie/a-level/physics-9702/2025-oct-nov/9702_w25_qp_12.pdf
https://pastpapers.co/caie/a-level/physics-9702/2025-oct-nov/9702_w25_ms_44.pdf,,9702_w25_ms_44.pdf,auto,MSMark Scheme 4 (v4),https://pastpapers.co/caie/a-level/physics-9702/2025-oct-nov/9702_w25_qp_12.pdf
https://pastpapers.co/caie/a-level/physics-9702/2025-oct-nov/9702_w25_ms_51.pdf,,9702_w25_ms_51.pdf,auto,MSMark Scheme 5 (v1),https://pastpapers.co/caie/a-level/physics-9702/2025-oct-nov/9702_w25_qp_12.pdf
https://pastpapers.co/caie/a-level/physics-9702/2025-oct-nov/9702_w25_ms_52.pdf,,9702_w25_ms_52.pdf,auto,MSMark Scheme 5 (v2),https://pastpapers.co/caie/a-level/physics-9702/2025-oct-nov/9702_w25_qp_12.pdf
https://pastpapers.co/caie/a-level/physics-9702/2025-oct-nov/9702_w25_ms_53.pdf,,9702_w25_ms_53.pdf,auto,MSMark Scheme 5 (v3),https://pastpapers.co/caie/a-level/physics-9702/2025-oct-nov/9702_w25_qp_12.pdf
https://pastpapers.co/caie/a-level/physics-9702/2025-oct-nov/9702_w25_ms_54.pdf,,9702_w25_ms_54.pdf,auto,MSMark Scheme 5 (v4),https://pastpapers.co/caie/a-level/physics-9702/2025-oct-nov/9702_w25_qp_12.pdf
https://pastpapers.co/caie/a-level/physics-9702/2025-oct-nov/9702_w25_ci_31.pdf,,9702_w25_ci_31.pdf,auto,CIConfidential Instructions 3 (v1),https://pastpapers.co/caie/a-level/physics-9702/2025-oct-nov/9702_w25_qp_12.pdf
https://pastpapers.co/caie/a-level/physics-9702/2025-oct-nov/9702_w25_ci_33.pdf,,9702_w25_ci_33.pdf,auto,CIConfidential Instructions 3 (v3),https://pastpapers.co/caie/a-level/physics-9702/2025-oct-nov/9702_w25_qp_12.pdf
https://pastpapers.co/caie/a-level/physics-9702/2025-oct-nov/9702_w25_ci_34.pdf,,9702_w25_ci_34.pdf,auto,CIConfidential Instructions 3 (v4),https://pastpapers.co/caie/a-level/physics-9702/2025-oct-nov/9702_w25_qp_12.pdf
https://pastpapers.co/caie/a-level/physics-9702/2025-oct-nov/9702_w25_ci_35.pdf,,9702_w25_ci_35.pdf,auto,CIConfidential Instructions 3 (v5),https://pastpapers.co/caie/a-level/physics-9702/2025-oct-nov/9702_w25_qp_12.pdf
https://pastpapers.co/caie/a-level/physics-9702/2025-oct-nov/9702_w25_ci_36.pdf,,9702_w25_ci_36.pdf,auto,CIConfidential Instructions 3 (v6),https://pastpapers.co/caie/a-level/physics-9702/2025-oct-nov/9702_w25_qp_12.pdf
https://pastpapers.co/caie/a-level/physics-9702/2025-oct-nov/9702_w25_ci_37.pdf,,9702_w25_ci_37.pdf,auto,CIConfidential Instructions 3 (v7),https://pastpapers.co/caie/a-level/physics-9702/2025-oct-nov/9702_w25_qp_12.pdf
https://pastpapers.co/caie/a-level/physics-9702/2025-oct-nov/9702_w25_ci_38.pdf,,9702_w25_ci_38.pdf,auto,CIConfidential Instructions 3 (v8),https://pastpapers.co/caie/a-level/physics-9702/2025-oct-nov/9702_w25_qp_12.pdf
https://pastpapers.co/caie/a-level/physics-9702/2025-oct-nov/9702_w25_gt.pdf,,9702_w25_gt.pdf,auto,GTGrade Thresholds,https://pastpapers.co/caie/a-level/physics-9702/2025-oct-nov/9702_w25_qp_12.pdf
