url,folder,filename,target_path,mode,alt_urls,note,source_page
https://pastpapers.co/caie/a-level/english-9093/2020-march/9093_m20_er.pdf,Question Banks/Cambridge Curricula/Cambridge AS and A Level/English 1st (9093)/Examiner Reports/2020,9093_m20_er.pdf,,http,,ERExaminer Report,https://pastpapers.co/caie/a-level/english-9093/2020-march/9093_m20_qp_12.pdf
https://pastpapers.co/caie/a-level/english-9093/2021-march/9093_m21_er.pdf,Question Banks/Cambridge Curricula/Cambridge AS and A Level/English 1st (9093)/Examiner Reports/2021,9093_m21_er.pdf,,http,,ERExaminer Report,https://pastpapers.co/caie/a-level/english-9093/2021-march/9093_m21_qp_12.pdf
https://dynamicpapers.com/wp-content/uploads/2015/09/0460_m22_er.pdf,Question Banks/Cambridge Curricula/IGCSE/Geography (0460)/Examiner Reports/2022,0460_m22_er.pdf,,http,,absent from pastpapers.co; subject+series+component checked in text before fetch,
https://pastpapers.co/caie/a-level/english-9093/2023-march/9093_m23_er.pdf,Question Banks/Cambridge Curricula/Cambridge AS and A Level/English 1st (9093)/Examiner Reports/2023,9093_m23_er.pdf,,http,,ERExaminer Report,https://pastpapers.co/caie/a-level/english-9093/2023-march/9093_m23_qp_12.pdf
https://pastpapers.co/caie/a-level/english-9093/2025-march/9093_m25_er.pdf,Question Banks/Cambridge Curricula/Cambridge AS and A Level/English 1st (9093)/Examiner Reports/2025,9093_m25_er.pdf,,http,,ERExaminer Report,https://pastpapers.co/caie/a-level/english-9093/2025-march/9093_m25_qp_12.pdf
https://dynamicpapers.com/wp-content/uploads/2015/09/0460_m22_gt.pdf,Question Banks/Cambridge Curricula/IGCSE/Geography (0460)/Grade Thresholds/2022,0460_m22_gt.pdf,,http,,absent from pastpapers.co; subject+series+component checked in text before fetch,
https://pastpapers.co/caie/a-level/english-9093/2021-may-june/9093_s21_er.pdf,Question Banks/Cambridge Curricula/Cambridge AS and A Level/English 1st (9093)/Examiner Reports/2021,9093_s21_er.pdf,,http,,ERExaminer Report,https://pastpapers.co/caie/a-level/english-9093/2021-may-june/9093_s21_qp_12.pdf
https://pastpapers.co/caie/a-level/english-9093/2022-may-june/9093_s22_er.pdf,Question Banks/Cambridge Curricula/Cambridge AS and A Level/English 1st (9093)/Examiner Reports/2022,9093_s22_er.pdf,,http,,ERExaminer Report,https://pastpapers.co/caie/a-level/english-9093/2022-may-june/9093_s22_qp_12.pdf
https://dynamicpapers.com/wp-content/uploads/2015/09/0460_m22_in_12.pdf,Question Banks/Cambridge Curricula/IGCSE/Geography (0460)/2022/March (Variant 2),0460_m22_in_12.pdf,,http,,absent from pastpapers.co; subject+series+component checked in text before fetch,
https://pastpapers.co/caie/a-level/english-9093/2023-may-june/9093_s23_er.pdf,Question Banks/Cambridge Curricula/Cambridge AS and A Level/English 1st (9093)/Examiner Reports/2023,9093_s23_er.pdf,,http,,ERExaminer Report,https://pastpapers.co/caie/a-level/english-9093/2023-may-june/9093_s23_qp_12.pdf
https://pastpapers.co/caie/a-level/english-9093/2020-oct-nov/9093_w20_er.pdf,Question Banks/Cambridge Curricula/Cambridge AS and A Level/English 1st (9093)/Examiner Reports/2020,9093_w20_er.pdf,,http,,ERExaminer Report,https://pastpapers.co/caie/a-level/english-9093/2020-oct-nov/9093_w20_qp_12.pdf
https://dynamicpapers.com/wp-content/uploads/2015/09/0460_m22_in_22.pdf,Question Banks/Cambridge Curricula/IGCSE/Geography (0460)/2022/March (Variant 2),0460_m22_in_22.pdf,,http,,absent from pastpapers.co; subject+series+component checked in text before fetch,
https://pastpapers.co/caie/a-level/english-9093/2021-oct-nov/9093_w21_er.pdf,Question Banks/Cambridge Curricula/Cambridge AS and A Level/English 1st (9093)/Examiner Reports/2021,9093_w21_er.pdf,,http,,ERExaminer Report,https://pastpapers.co/caie/a-level/english-9093/2021-oct-nov/9093_w21_qp_12.pdf
https://pastpapers.co/caie/a-level/english-9093/2022-oct-nov/9093_w22_er.pdf,Question Banks/Cambridge Curricula/Cambridge AS and A Level/English 1st (9093)/Examiner Reports/2022,9093_w22_er.pdf,,http,,ERExaminer Report,https://pastpapers.co/caie/a-level/english-9093/2022-oct-nov/9093_w22_qp_12.pdf
https://dynamicpapers.com/wp-content/uploads/2015/09/0460_m22_in_42.pdf,Question Banks/Cambridge Curricula/IGCSE/Geography (0460)/2022/March (Variant 2),0460_m22_in_42.pdf,,http,,absent from pastpapers.co; subject+series+component checked in text before fetch,
https://pastpapers.co/caie/igcse/geography-0460/2020-march/0460_m20_er.pdf,Question Banks/Cambridge Curricula/IGCSE/Geography (0460)/Examiner Reports/2020,0460_m20_er.pdf,,http,,ERExaminer Report,https://pastpapers.co/caie/igcse/geography-0460/2020-march/0460_m20_qp_12.pdf
https://pastpapers.co/caie/igcse/geography-0460/2021-march/0460_m21_er.pdf,Question Banks/Cambridge Curricula/IGCSE/Geography (0460)/Examiner Reports/2021,0460_m21_er.pdf,,http,,ERExaminer Report,https://pastpapers.co/caie/igcse/geography-0460/2021-march/0460_m21_qp_12.pdf
https://dynamicpapers.com/wp-content/uploads/2015/09/0460_m22_ms_12.pdf,Question Banks/Cambridge Curricula/IGCSE/Geography (0460)/2022/March (Variant 2),0460_m22_ms_12.pdf,,http,,absent from pastpapers.co; subject+series+component checked in text before fetch,
https://pastpapers.co/caie/igcse/geography-0460/2023-march/0460_m23_er.pdf,Question Banks/Cambridge Curricula/IGCSE/Geography (0460)/Examiner Reports/2023,0460_m23_er.pdf,,http,,ERExaminer Report,https://pastpapers.co/caie/igcse/geography-0460/2023-march/0460_m23_qp_12.pdf
https://pastpapers.co/caie/igcse/geography-0460/2025-march/0460_m25_er.pdf,Question Banks/Cambridge Curricula/IGCSE/Geography (0460)/Examiner Reports/2025,0460_m25_er.pdf,,http,,ERExaminer Report,https://pastpapers.co/caie/igcse/geography-0460/2025-march/0460_m25_qp_12.pdf
https://dynamicpapers.com/wp-content/uploads/2015/09/0460_m22_ms_22.pdf,Question Banks/Cambridge Curricula/IGCSE/Geography (0460)/2022/March (Variant 2),0460_m22_ms_22.pdf,,http,,absent from pastpapers.co; subject+series+component checked in text before fetch,
https://pastpapers.co/caie/igcse/geography-0460/2021-may-june/0460_s21_er.pdf,Question Banks/Cambridge Curricula/IGCSE/Geography (0460)/Examiner Reports/2021,0460_s21_er.pdf,,http,,ERExaminer Report,https://pastpapers.co/caie/igcse/geography-0460/2021-may-june/0460_s21_qp_12.pdf
https://pastpapers.co/caie/igcse/geography-0460/2022-may-june/0460_s22_er.pdf,Question Banks/Cambridge Curricula/IGCSE/Geography (0460)/Examiner Reports/2022,0460_s22_er.pdf,,http,,ERExaminer Report,https://pastpapers.co/caie/igcse/geography-0460/2022-may-june/0460_s22_qp_12.pdf
https://dynamicpapers.com/wp-content/uploads/2015/09/0460_m22_ms_42.pdf,Question Banks/Cambridge Curricula/IGCSE/Geography (0460)/2022/March (Variant 2),0460_m22_ms_42.pdf,,http,,absent from pastpapers.co; subject+series+component checked in text before fetch,
https://pastpapers.co/caie/igcse/geography-0460/2023-may-june/0460_s23_er.pdf,Question Banks/Cambridge Curricula/IGCSE/Geography (0460)/Examiner Reports/2023,0460_s23_er.pdf,,http,,ERExaminer Report,https://pastpapers.co/caie/igcse/geography-0460/2023-may-june/0460_s23_qp_12.pdf
https://pastpapers.co/caie/igcse/geography-0460/2025-may-june/0460_s25_er.pdf,Question Banks/Cambridge Curricula/IGCSE/Geography (0460)/Examiner Reports/2025,0460_s25_er.pdf,,http,,ERExaminer Report,https://pastpapers.co/caie/igcse/geography-0460/2025-may-june/0460_s25_qp_12.pdf
https://dynamicpapers.com/wp-content/uploads/2015/09/0460_m22_qp_12.pdf,Question Banks/Cambridge Curricula/IGCSE/Geography (0460)/2022/March (Variant 2),0460_m22_qp_12.pdf,,http,,absent from pastpapers.co; subject+series+component checked in text before fetch,
https://pastpapers.co/caie/igcse/geography-0460/2020-oct-nov/0460_w20_er.pdf,Question Banks/Cambridge Curricula/IGCSE/Geography (0460)/Examiner Reports/2020,0460_w20_er.pdf,,http,,ERExaminer Report,https://pastpapers.co/caie/igcse/geography-0460/2020-oct-nov/0460_w20_qp_12.pdf
https://pastpapers.co/caie/igcse/geography-0460/2021-oct-nov/0460_w21_er.pdf,Question Banks/Cambridge Curricula/IGCSE/Geography (0460)/Examiner Reports/2021,0460_w21_er.pdf,,http,,ERExaminer Report,https://pastpapers.co/caie/igcse/geography-0460/2021-oct-nov/0460_w21_qp_12.pdf
https://dynamicpapers.com/wp-content/uploads/2015/09/0460_m22_qp_22.pdf,Question Banks/Cambridge Curricula/IGCSE/Geography (0460)/2022/March (Variant 2),0460_m22_qp_22.pdf,,http,,absent from pastpapers.co; subject+series+component checked in text before fetch,
https://pastpapers.co/caie/igcse/geography-0460/2022-oct-nov/0460_w22_er.pdf,Question Banks/Cambridge Curricula/IGCSE/Geography (0460)/Examiner Reports/2022,0460_w22_er.pdf,,http,,ERExaminer Report,https://pastpapers.co/caie/igcse/geography-0460/2022-oct-nov/0460_w22_qp_12.pdf
https://pastpapers.co/caie/igcse/geography-0460/2020-march/0460_m20_ms_12.pdf,Question Banks/Cambridge Curricula/IGCSE/Geography (0460)/2020/March (Variant 2),0460_m20_ms_12.pdf,,http,,MSMark Scheme 1 (v2),https://pastpapers.co/caie/igcse/geography-0460/2020-march/0460_m20_qp_12.pdf
https://dynamicpapers.com/wp-content/uploads/2015/09/0460_m22_qp_42.pdf,Question Banks/Cambridge Curricula/IGCSE/Geography (0460)/2022/March (Variant 2),0460_m22_qp_42.pdf,,http,,absent from pastpapers.co; subject+series+component checked in text before fetch,
https://pastpapers.co/caie/igcse/geography-0460/2020-march/0460_m20_ms_22.pdf,Question Banks/Cambridge Curricula/IGCSE/Geography (0460)/2020/March (Variant 2),0460_m20_ms_22.pdf,,http,,MSMark Scheme 2 (v2),https://pastpapers.co/caie/igcse/geography-0460/2020-march/0460_m20_qp_12.pdf
https://pastpapers.co/caie/igcse/geography-0460/2020-march/0460_m20_ms_42.pdf,Question Banks/Cambridge Curricula/IGCSE/Geography (0460)/2020/March (Variant 2),0460_m20_ms_42.pdf,,http,,MSMark Scheme 4 (v2),https://pastpapers.co/caie/igcse/geography-0460/2020-march/0460_m20_qp_12.pdf
https://dynamicpapers.com/wp-content/uploads/2015/09/0460_m24_er.pdf,Question Banks/Cambridge Curricula/IGCSE/Geography (0460)/Examiner Reports/2024,0460_m24_er.pdf,,http,,absent from pastpapers.co; subject+series+component checked in text before fetch,
https://pastpapers.co/caie/igcse/geography-0460/2021-march/0460_m21_ms_12.pdf,Question Banks/Cambridge Curricula/IGCSE/Geography (0460)/2021/March (Variant 2),0460_m21_ms_12.pdf,,http,,MSMark Scheme 1 (v2),https://pastpapers.co/caie/igcse/geography-0460/2021-march/0460_m21_qp_12.pdf
https://pastpapers.co/caie/igcse/geography-0460/2021-march/0460_m21_ms_22.pdf,Question Banks/Cambridge Curricula/IGCSE/Geography (0460)/2021/March (Variant 2),0460_m21_ms_22.pdf,,http,,MSMark Scheme 2 (v2),https://pastpapers.co/caie/igcse/geography-0460/2021-march/0460_m21_qp_12.pdf
https://dynamicpapers.com/wp-content/uploads/2015/09/0460_s24_er.pdf,Question Banks/Cambridge Curricula/IGCSE/Geography (0460)/Examiner Reports/2024,0460_s24_er.pdf,,http,,absent from pastpapers.co; subject+series+component checked in text before fetch,
https://pastpapers.co/caie/igcse/geography-0460/2021-march/0460_m21_ms_42.pdf,Question Banks/Cambridge Curricula/IGCSE/Geography (0460)/2021/March (Variant 2),0460_m21_ms_42.pdf,,http,,MSMark Scheme 4 (v2),https://pastpapers.co/caie/igcse/geography-0460/2021-march/0460_m21_qp_12.pdf
https://pastpapers.co/caie/igcse/geography-0460/2023-march/0460_m23_ms_12.pdf,Question Banks/Cambridge Curricula/IGCSE/Geography (0460)/2023/March (Variant 2),0460_m23_ms_12.pdf,,http,,MSMark Scheme 1 (v2),https://pastpapers.co/caie/igcse/geography-0460/2023-march/0460_m23_qp_12.pdf
https://dynamicpapers.com/wp-content/uploads/2015/09/0460_w23_er.pdf,Question Banks/Cambridge Curricula/IGCSE/Geography (0460)/Examiner Reports/2023,0460_w23_er.pdf,,http,,absent from pastpapers.co; subject+series+component checked in text before fetch,
https://pastpapers.co/caie/igcse/geography-0460/2023-march/0460_m23_ms_22.pdf,Question Banks/Cambridge Curricula/IGCSE/Geography (0460)/2023/March (Variant 2),0460_m23_ms_22.pdf,,http,,MSMark Scheme 2 (v2),https://pastpapers.co/caie/igcse/geography-0460/2023-march/0460_m23_qp_12.pdf
https://pastpapers.co/caie/igcse/geography-0460/2023-march/0460_m23_ms_42.pdf,Question Banks/Cambridge Curricula/IGCSE/Geography (0460)/2023/March (Variant 2),0460_m23_ms_42.pdf,,http,,MSMark Scheme 4 (v2),https://pastpapers.co/caie/igcse/geography-0460/2023-march/0460_m23_qp_12.pdf
https://dynamicpapers.com/wp-content/uploads/2015/09/0460_w24_er.pdf,Question Banks/Cambridge Curricula/IGCSE/Geography (0460)/Examiner Reports/2024,0460_w24_er.pdf,,http,,absent from pastpapers.co; subject+series+component checked in text before fetch,
https://pastpapers.co/caie/igcse/geography-0460/2024-march/0460_m24_ms_12.pdf,Question Banks/Cambridge Curricula/IGCSE/Geography (0460)/2024/March (Variant 2),0460_m24_ms_12.pdf,,http,,MSMark Scheme 1 (v2),https://pastpapers.co/caie/igcse/geography-0460/2024-march/0460_m24_qp_12.pdf
https://pastpapers.co/caie/igcse/geography-0460/2024-march/0460_m24_ms_22.pdf,Question Banks/Cambridge Curricula/IGCSE/Geography (0460)/2024/March (Variant 2),0460_m24_ms_22.pdf,,http,,MSMark Scheme 2 (v2),https://pastpapers.co/caie/igcse/geography-0460/2024-march/0460_m24_qp_12.pdf
https://dynamicpapers.com/wp-content/uploads/2015/09/0460_w25_er.pdf,Question Banks/Cambridge Curricula/IGCSE/Geography (0460)/Examiner Reports/2025,0460_w25_er.pdf,,http,,absent from pastpapers.co; subject+series+component checked in text before fetch,
https://pastpapers.co/caie/igcse/geography-0460/2024-march/0460_m24_ms_42.pdf,Question Banks/Cambridge Curricula/IGCSE/Geography (0460)/2024/March (Variant 2),0460_m24_ms_42.pdf,,http,,MSMark Scheme 4 (v2),https://pastpapers.co/caie/igcse/geography-0460/2024-march/0460_m24_qp_12.pdf
https://pastpapers.co/caie/igcse/geography-0460/2025-march/0460_m25_ms_12.pdf,Question Banks/Cambridge Curricula/IGCSE/Geography (0460)/2025/March (Variant 2),0460_m25_ms_12.pdf,,http,,MSMark Scheme 1 (v2),https://pastpapers.co/caie/igcse/geography-0460/2025-march/0460_m25_qp_12.pdf
https://dynamicpapers.com/wp-content/uploads/2015/09/9702_w20_gt.pdf,Question Banks/Cambridge Curricula/Cambridge AS and A Level/Physics (9702)/Grade Thresholds/2020,9702_w20_gt.pdf,,http,,Oct-Nov 2020 papers 2-5 absent from pastpapers.co; subject+series+component checked in text before fetch,
https://pastpapers.co/caie/igcse/geography-0460/2025-march/0460_m25_ms_22.pdf,Question Banks/Cambridge Curricula/IGCSE/Geography (0460)/2025/March (Variant 2),0460_m25_ms_22.pdf,,http,,MSMark Scheme 2 (v2),https://pastpapers.co/caie/igcse/geography-0460/2025-march/0460_m25_qp_12.pdf
https://pastpapers.co/caie/igcse/geography-0460/2025-march/0460_m25_ms_42.pdf,Question Banks/Cambridge Curricula/IGCSE/Geography (0460)/2025/March (Variant 2),0460_m25_ms_42.pdf,,http,,MSMark Scheme 4 (v2),https://pastpapers.co/caie/igcse/geography-0460/2025-march/0460_m25_qp_12.pdf
https://dynamicpapers.com/wp-content/uploads/2015/09/9702_w20_ms_21.pdf,Question Banks/Cambridge Curricula/Cambridge AS and A Level/Physics (9702)/AS Level/2020/Oct-Nov (Variant 1),9702_w20_ms_21.pdf,,http,,Oct-Nov 2020 papers 2-5 absent from pastpapers.co; subject+series+component checked in text before fetch,
https://pastpapers.co/caie/igcse/geography-0460/2020-may-june/0460_s20_ms_11.pdf,Question Banks/Cambridge Curricula/IGCSE/Geography (0460)/2020/May-June (Variant 1),0460_s20_ms_11.pdf,,http,,MSMark Scheme 1 (v1),https://pastpapers.co/caie/igcse/geography-0460/2020-may-june/0460_s20_qp_12.pdf
https://pastpapers.co/caie/igcse/geography-0460/2020-may-june/0460_s20_ms_12.pdf,Question Banks/Cambridge Curricula/IGCSE/Geography (0460)/2020/May-June (Variant 2),0460_s20_ms_12.pdf,,http,,MSMark Scheme 1 (v2),https://pastpapers.co/caie/igcse/geography-0460/2020-may-june/0460_s20_qp_12.pdf
https://dynamicpapers.com/wp-content/uploads/2015/09/9702_w20_ms_22.pdf,Question Banks/Cambridge Curricula/Cambridge AS and A Level/Physics (9702)/AS Level/2020/Oct-Nov (Variant 2),9702_w20_ms_22.pdf,,http,,Oct-Nov 2020 papers 2-5 absent from pastpapers.co; subject+series+component checked in text before fetch,
https://pastpapers.co/caie/igcse/geography-0460/2020-may-june/0460_s20_ms_13.pdf,Question Banks/Cambridge Curricula/IGCSE/Geography (0460)/2020/May-June (Variant 3),0460_s20_ms_13.pdf,,http,,MSMark Scheme 1 (v3),https://pastpapers.co/caie/igcse/geography-0460/2020-may-june/0460_s20_qp_12.pdf
https://pastpapers.co/caie/igcse/geography-0460/2020-may-june/0460_s20_ms_21.pdf,Question Banks/Cambridge Curricula/IGCSE/Geography (0460)/2020/May-June (Variant 1),0460_s20_ms_21.pdf,,http,,MSMark Scheme 2 (v1),https://pastpapers.co/caie/igcse/geography-0460/2020-may-june/0460_s20_qp_12.pdf
https://dynamicpapers.com/wp-content/uploads/2015/09/9702_w20_ms_23.pdf,Question Banks/Cambridge Curricula/Cambridge AS and A Level/Physics (9702)/AS Level/2020/Oct-Nov (Variant 3),9702_w20_ms_23.pdf,,http,,Oct-Nov 2020 papers 2-5 absent from pastpapers.co; subject+series+component checked in text before fetch,
https://pastpapers.co/caie/igcse/geography-0460/2020-may-june/0460_s20_ms_22.pdf,Question Banks/Cambridge Curricula/IGCSE/Geography (0460)/2020/May-June (Variant 2),0460_s20_ms_22.pdf,,http,,MSMark Scheme 2 (v2),https://pastpapers.co/caie/igcse/geography-0460/2020-may-june/0460_s20_qp_12.pdf
https://pastpapers.co/caie/igcse/geography-0460/2020-may-june/0460_s20_ms_23.pdf,Question Banks/Cambridge Curricula/IGCSE/Geography (0460)/2020/May-June (Variant 3),0460_s20_ms_23.pdf,,http,,MSMark Scheme 2 (v3),https://pastpapers.co/caie/igcse/geography-0460/2020-may-june/0460_s20_qp_12.pdf
https://dynamicpapers.com/wp-content/uploads/2015/09/9702_w20_ms_31.pdf,Question Banks/Cambridge Curricula/Cambridge AS and A Level/Physics (9702)/AS Level/2020/Oct-Nov (Variant 1),9702_w20_ms_31.pdf,,http,,Oct-Nov 2020 papers 2-5 absent from pastpapers.co; subject+series+component checked in text before fetch,
https://pastpapers.co/caie/igcse/geography-0460/2020-may-june/0460_s20_ms_41.pdf,Question Banks/Cambridge Curricula/IGCSE/Geography (0460)/2020/May-June (Variant 1),0460_s20_ms_41.pdf,,http,,MSMark Scheme 4 (v1),https://pastpapers.co/caie/igcse/geography-0460/2020-may-june/0460_s20_qp_12.pdf
https://pastpapers.co/caie/igcse/geography-0460/2020-may-june/0460_s20_ms_42.pdf,Question Banks/Cambridge Curricula/IGCSE/Geography (0460)/2020/May-June (Variant 2),0460_s20_ms_42.pdf,,http,,MSMark Scheme 4 (v2),https://pastpapers.co/caie/igcse/geography-0460/2020-may-june/0460_s20_qp_12.pdf
https://dynamicpapers.com/wp-content/uploads/2015/09/9702_w20_ms_33.pdf,Question Banks/Cambridge Curricula/Cambridge AS and A Level/Physics (9702)/AS Level/2020/Oct-Nov (Variant 3),9702_w20_ms_33.pdf,,http,,Oct-Nov 2020 papers 2-5 absent from pastpapers.co; subject+series+component checked in text before fetch,
https://pastpapers.co/caie/igcse/geography-0460/2020-may-june/0460_s20_ms_43.pdf,Question Banks/Cambridge Curricula/IGCSE/Geography (0460)/2020/May-June (Variant 3),0460_s20_ms_43.pdf,,http,,MSMark Scheme 4 (v3),https://pastpapers.co/caie/igcse/geography-0460/2020-may-june/0460_s20_qp_12.pdf
https://pastpapers.co/caie/igcse/geography-0460/2021-may-june/0460_s21_ms_11.pdf,Question Banks/Cambridge Curricula/IGCSE/Geography (0460)/2021/May-June (Variant 1),0460_s21_ms_11.pdf,,http,,MSMark Scheme 1 (v1),https://pastpapers.co/caie/igcse/geography-0460/2021-may-june/0460_s21_qp_12.pdf
https://dynamicpapers.com/wp-content/uploads/2015/09/9702_w20_ms_41.pdf,Question Banks/Cambridge Curricula/Cambridge AS and A Level/Physics (9702)/A Level/2020/Oct-Nov (Variant 1),9702_w20_ms_41.pdf,,http,,Oct-Nov 2020 papers 2-5 absent from pastpapers.co; subject+series+component checked in text before fetch,
https://pastpapers.co/caie/igcse/geography-0460/2021-may-june/0460_s21_ms_12.pdf,Question Banks/Cambridge Curricula/IGCSE/Geography (0460)/2021/May-June (Variant 2),0460_s21_ms_12.pdf,,http,,MSMark Scheme 1 (v2),https://pastpapers.co/caie/igcse/geography-0460/2021-may-june/0460_s21_qp_12.pdf
https://pastpapers.co/caie/igcse/geography-0460/2021-may-june/0460_s21_ms_13.pdf,Question Banks/Cambridge Curricula/IGCSE/Geography (0460)/2021/May-June (Variant 3),0460_s21_ms_13.pdf,,http,,MSMark Scheme 1 (v3),https://pastpapers.co/caie/igcse/geography-0460/2021-may-june/0460_s21_qp_12.pdf
https://dynamicpapers.com/wp-content/uploads/2015/09/9702_w20_ms_42.pdf,Question Banks/Cambridge Curricula/Cambridge AS and A Level/Physics (9702)/A Level/2020/Oct-Nov (Variant 2),9702_w20_ms_42.pdf,,http,,Oct-Nov 2020 papers 2-5 absent from pastpapers.co; subject+series+component checked in text before fetch,
https://pastpapers.co/caie/igcse/geography-0460/2021-may-june/0460_s21_ms_21.pdf,Question Banks/Cambridge Curricula/IGCSE/Geography (0460)/2021/May-June (Variant 1),0460_s21_ms_21.pdf,,http,,MSMark Scheme 2 (v1),https://pastpapers.co/caie/igcse/geography-0460/2021-may-june/0460_s21_qp_12.pdf
https://pastpapers.co/caie/igcse/geography-0460/2021-may-june/0460_s21_ms_22.pdf,Question Banks/Cambridge Curricula/IGCSE/Geography (0460)/2021/May-June (Variant 2),0460_s21_ms_22.pdf,,http,,MSMark Scheme 2 (v2),https://pastpapers.co/caie/igcse/geography-0460/2021-may-june/0460_s21_qp_12.pdf
https://dynamicpapers.com/wp-content/uploads/2015/09/9702_w20_ms_43.pdf,Question Banks/Cambridge Curricula/Cambridge AS and A Level/Physics (9702)/A Level/2020/Oct-Nov (Variant 3),9702_w20_ms_43.pdf,,http,,Oct-Nov 2020 papers 2-5 absent from pastpapers.co; subject+series+component checked in text before fetch,
https://pastpapers.co/caie/igcse/geography-0460/2021-may-june/0460_s21_ms_23.pdf,Question Banks/Cambridge Curricula/IGCSE/Geography (0460)/2021/May-June (Variant 3),0460_s21_ms_23.pdf,,http,,MSMark Scheme 2 (v3),https://pastpapers.co/caie/igcse/geography-0460/2021-may-june/0460_s21_qp_12.pdf
https://pastpapers.co/caie/igcse/geography-0460/2021-may-june/0460_s21_ms_41.pdf,Question Banks/Cambridge Curricula/IGCSE/Geography (0460)/2021/May-June (Variant 1),0460_s21_ms_41.pdf,,http,,MSMark Scheme 4 (v1),https://pastpapers.co/caie/igcse/geography-0460/2021-may-june/0460_s21_qp_12.pdf
https://dynamicpapers.com/wp-content/uploads/2015/09/9702_w20_ms_51.pdf,Question Banks/Cambridge Curricula/Cambridge AS and A Level/Physics (9702)/A Level/2020/Oct-Nov (Variant 1),9702_w20_ms_51.pdf,,http,,Oct-Nov 2020 papers 2-5 absent from pastpapers.co; subject+series+component checked in text before fetch,
https://pastpapers.co/caie/igcse/geography-0460/2021-may-june/0460_s21_ms_42.pdf,Question Banks/Cambridge Curricula/IGCSE/Geography (0460)/2021/May-June (Variant 2),0460_s21_ms_42.pdf,,http,,MSMark Scheme 4 (v2),https://pastpapers.co/caie/igcse/geography-0460/2021-may-june/0460_s21_qp_12.pdf
https://pastpapers.co/caie/igcse/geography-0460/2021-may-june/0460_s21_ms_43.pdf,Question Banks/Cambridge Curricula/IGCSE/Geography (0460)/2021/May-June (Variant 3),0460_s21_ms_43.pdf,,http,,MSMark Scheme 4 (v3),https://pastpapers.co/caie/igcse/geography-0460/2021-may-june/0460_s21_qp_12.pdf
https://dynamicpapers.com/wp-content/uploads/2015/09/9702_w20_ms_52.pdf,Question Banks/Cambridge Curricula/Cambridge AS and A Level/Physics (9702)/A Level/2020/Oct-Nov (Variant 2),9702_w20_ms_52.pdf,,http,,Oct-Nov 2020 papers 2-5 absent from pastpapers.co; subject+series+component checked in text before fetch,
https://pastpapers.co/caie/igcse/geography-0460/2022-may-june/0460_s22_ms_11.pdf,Question Banks/Cambridge Curricula/IGCSE/Geography (0460)/2022/May-June (Variant 1),0460_s22_ms_11.pdf,,http,,MSMark Scheme 1 (v1),https://pastpapers.co/caie/igcse/geography-0460/2022-may-june/0460_s22_qp_12.pdf
https://pastpapers.co/caie/igcse/geography-0460/2022-may-june/0460_s22_ms_12.pdf,Question Banks/Cambridge Curricula/IGCSE/Geography (0460)/2022/May-June (Variant 2),0460_s22_ms_12.pdf,,http,,MSMark Scheme 1 (v2),https://pastpapers.co/caie/igcse/geography-0460/2022-may-june/0460_s22_qp_12.pdf
https://dynamicpapers.com/wp-content/uploads/2015/09/9702_w20_ms_53.pdf,Question Banks/Cambridge Curricula/Cambridge AS and A Level/Physics (9702)/A Level/2020/Oct-Nov (Variant 3),9702_w20_ms_53.pdf,,http,,Oct-Nov 2020 papers 2-5 absent from pastpapers.co; subject+series+component checked in text before fetch,
https://pastpapers.co/caie/igcse/geography-0460/2022-may-june/0460_s22_ms_13.pdf,Question Banks/Cambridge Curricula/IGCSE/Geography (0460)/2022/May-June (Variant 3),0460_s22_ms_13.pdf,,http,,MSMark Scheme 1 (v3),https://pastpapers.co/caie/igcse/geography-0460/2022-may-june/0460_s22_qp_12.pdf
https://pastpapers.co/caie/igcse/geography-0460/2022-may-june/0460_s22_ms_21.pdf,Question Banks/Cambridge Curricula/IGCSE/Geography (0460)/2022/May-June (Variant 1),0460_s22_ms_21.pdf,,http,,MSMark Scheme 2 (v1),https://pastpapers.co/caie/igcse/geography-0460/2022-may-june/0460_s22_qp_12.pdf
https://dynamicpapers.com/wp-content/uploads/2015/09/9702_w20_qp_21.pdf,Question Banks/Cambridge Curricula/Cambridge AS and A Level/Physics (9702)/AS Level/2020/Oct-Nov (Variant 1),9702_w20_qp_21.pdf,,http,,Oct-Nov 2020 papers 2-5 absent from pastpapers.co; subject+series+component checked in text before fetch,
https://pastpapers.co/caie/igcse/geography-0460/2022-may-june/0460_s22_ms_22.pdf,Question Banks/Cambridge Curricula/IGCSE/Geography (0460)/2022/May-June (Variant 2),0460_s22_ms_22.pdf,,http,,MSMark Scheme 2 (v2),https://pastpapers.co/caie/igcse/geography-0460/2022-may-june/0460_s22_qp_12.pdf
https://pastpapers.co/caie/igcse/geography-0460/2022-may-june/0460_s22_ms_23.pdf,Question Banks/Cambridge Curricula/IGCSE/Geography (0460)/2022/May-June (Variant 3),0460_s22_ms_23.pdf,,http,,MSMark Scheme 2 (v3),https://pastpapers.co/caie/igcse/geography-0460/2022-may-june/0460_s22_qp_12.pdf
https://dynamicpapers.com/wp-content/uploads/2015/09/9702_w20_qp_22.pdf,Question Banks/Cambridge Curricula/Cambridge AS and A Level/Physics (9702)/AS Level/2020/Oct-Nov (Variant 2),9702_w20_qp_22.pdf,,http,,Oct-Nov 2020 papers 2-5 absent from pastpapers.co; subject+series+component checked in text before fetch,
https://pastpapers.co/caie/igcse/geography-0460/2022-may-june/0460_s22_ms_41.pdf,Question Banks/Cambridge Curricula/IGCSE/Geography (0460)/2022/May-June (Variant 1),0460_s22_ms_41.pdf,,http,,MSMark Scheme 4 (v1),https://pastpapers.co/caie/igcse/geography-0460/2022-may-june/0460_s22_qp_12.pdf
https://pastpapers.co/caie/igcse/geography-0460/2022-may-june/0460_s22_ms_42.pdf,Question Banks/Cambridge Curricula/IGCSE/Geography (0460)/2022/May-June (Variant 2),0460_s22_ms_42.pdf,,http,,MSMark Scheme 4 (v2),https://pastpapers.co/caie/igcse/geography-0460/2022-may-june/0460_s22_qp_12.pdf
https://dynamicpapers.com/wp-content/uploads/2015/09/9702_w20_qp_23.pdf,Question Banks/Cambridge Curricula/Cambridge AS and A Level/Physics (9702)/AS Level/2020/Oct-Nov (Variant 3),9702_w20_qp_23.pdf,,http,,Oct-Nov 2020 papers 2-5 absent from pastpapers.co; subject+series+component checked in text before fetch,
https://pastpapers.co/caie/igcse/geography-0460/2022-may-june/0460_s22_ms_43.pdf,Question Banks/Cambridge Curricula/IGCSE/Geography (0460)/2022/May-June (Variant 3),0460_s22_ms_43.pdf,,http,,MSMark Scheme 4 (v3),https://pastpapers.co/caie/igcse/geography-0460/2022-may-june/0460_s22_qp_12.pdf
https://pastpapers.co/caie/igcse/geography-0460/2023-may-june/0460_s23_ms_11.pdf,Question Banks/Cambridge Curricula/IGCSE/Geography (0460)/2023/May-June (Variant 1),0460_s23_ms_11.pdf,,http,,MSMark Scheme 1 (v1),https://pastpapers.co/caie/igcse/geography-0460/2023-may-june/0460_s23_qp_12.pdf
https://dynamicpapers.com/wp-content/uploads/2015/09/9702_w20_qp_31.pdf,Question Banks/Cambridge Curricula/Cambridge AS and A Level/Physics (9702)/AS Level/2020/Oct-Nov (Variant 1),9702_w20_qp_31.pdf,,http,,Oct-Nov 2020 papers 2-5 absent from pastpapers.co; subject+series+component checked in text before fetch,
https://pastpapers.co/caie/igcse/geography-0460/2023-may-june/0460_s23_ms_12.pdf,Question Banks/Cambridge Curricula/IGCSE/Geography (0460)/2023/May-June (Variant 2),0460_s23_ms_12.pdf,,http,,MSMark Scheme 1 (v2),https://pastpapers.co/caie/igcse/geography-0460/2023-may-june/0460_s23_qp_12.pdf
https://pastpapers.co/caie/igcse/geography-0460/2023-may-june/0460_s23_ms_13.pdf,Question Banks/Cambridge Curricula/IGCSE/Geography (0460)/2023/May-June (Variant 3),0460_s23_ms_13.pdf,,http,,MSMark Scheme 1 (v3),https://pastpapers.co/caie/igcse/geography-0460/2023-may-june/0460_s23_qp_12.pdf
https://dynamicpapers.com/wp-content/uploads/2015/09/9702_w20_qp_33.pdf,Question Banks/Cambridge Curricula/Cambridge AS and A Level/Physics (9702)/AS Level/2020/Oct-Nov (Variant 3),9702_w20_qp_33.pdf,,http,,Oct-Nov 2020 papers 2-5 absent from pastpapers.co; subject+series+component checked in text before fetch,
https://pastpapers.co/caie/igcse/geography-0460/2023-may-june/0460_s23_ms_21.pdf,Question Banks/Cambridge Curricula/IGCSE/Geography (0460)/2023/May-June (Variant 1),0460_s23_ms_21.pdf,,http,,MSMark Scheme 2 (v1),https://pastpapers.co/caie/igcse/geography-0460/2023-may-june/0460_s23_qp_12.pdf
https://pastpapers.co/caie/igcse/geography-0460/2023-may-june/0460_s23_ms_22.pdf,Question Banks/Cambridge Curricula/IGCSE/Geography (0460)/2023/May-June (Variant 2),0460_s23_ms_22.pdf,,http,,MSMark Scheme 2 (v2),https://pastpapers.co/caie/igcse/geography-0460/2023-may-june/0460_s23_qp_12.pdf
https://dynamicpapers.com/wp-content/uploads/2015/09/9702_w20_qp_41.pdf,Question Banks/Cambridge Curricula/Cambridge AS and A Level/Physics (9702)/A Level/2020/Oct-Nov (Variant 1),9702_w20_qp_41.pdf,,http,,Oct-Nov 2020 papers 2-5 absent from pastpapers.co; subject+series+component checked in text before fetch,
https://pastpapers.co/caie/igcse/geography-0460/2023-may-june/0460_s23_ms_23.pdf,Question Banks/Cambridge Curricula/IGCSE/Geography (0460)/2023/May-June (Variant 3),0460_s23_ms_23.pdf,,http,,MSMark Scheme 2 (v3),https://pastpapers.co/caie/igcse/geography-0460/2023-may-june/0460_s23_qp_12.pdf
https://pastpapers.co/caie/igcse/geography-0460/2023-may-june/0460_s23_ms_41.pdf,Question Banks/Cambridge Curricula/IGCSE/Geography (0460)/2023/May-June (Variant 1),0460_s23_ms_41.pdf,,http,,MSMark Scheme 4 (v1),https://pastpapers.co/caie/igcse/geography-0460/2023-may-june/0460_s23_qp_12.pdf
https://dynamicpapers.com/wp-content/uploads/2015/09/9702_w20_qp_42.pdf,Question Banks/Cambridge Curricula/Cambridge AS and A Level/Physics (9702)/A Level/2020/Oct-Nov (Variant 2),9702_w20_qp_42.pdf,,http,,Oct-Nov 2020 papers 2-5 absent from pastpapers.co; subject+series+component checked in text before fetch,
https://pastpapers.co/caie/igcse/geography-0460/2023-may-june/0460_s23_ms_42.pdf,Question Banks/Cambridge Curricula/IGCSE/Geography (0460)/2023/May-June (Variant 2),0460_s23_ms_42.pdf,,http,,MSMark Scheme 4 (v2),https://pastpapers.co/caie/igcse/geography-0460/2023-may-june/0460_s23_qp_12.pdf
https://pastpapers.co/caie/igcse/geography-0460/2023-may-june/0460_s23_ms_43.pdf,Question Banks/Cambridge Curricula/IGCSE/Geography (0460)/2023/May-June (Variant 3),0460_s23_ms_43.pdf,,http,,MSMark Scheme 4 (v3),https://pastpapers.co/caie/igcse/geography-0460/2023-may-june/0460_s23_qp_12.pdf
https://dynamicpapers.com/wp-content/uploads/2015/09/9702_w20_qp_43.pdf,Question Banks/Cambridge Curricula/Cambridge AS and A Level/Physics (9702)/A Level/2020/Oct-Nov (Variant 3),9702_w20_qp_43.pdf,,http,,Oct-Nov 2020 papers 2-5 absent from pastpapers.co; subject+series+component checked in text before fetch,
https://pastpapers.co/caie/igcse/geography-0460/2024-may-june/0460_s24_ms_11.pdf,Question Banks/Cambridge Curricula/IGCSE/Geography (0460)/2024/May-June (Variant 1),0460_s24_ms_11.pdf,,http,,MSMark Scheme 1 (v1),https://pastpapers.co/caie/igcse/geography-0460/2024-may-june/0460_s24_qp_12.pdf
https://pastpapers.co/caie/igcse/geography-0460/2024-may-june/0460_s24_ms_12.pdf,Question Banks/Cambridge Curricula/IGCSE/Geography (0460)/2024/May-June (Variant 2),0460_s24_ms_12.pdf,,http,,MSMark Scheme 1 (v2),https://pastpapers.co/caie/igcse/geography-0460/2024-may-june/0460_s24_qp_12.pdf
https://dynamicpapers.com/wp-content/uploads/2015/09/9702_w20_qp_51.pdf,Question Banks/Cambridge Curricula/Cambridge AS and A Level/Physics (9702)/A Level/2020/Oct-Nov (Variant 1),9702_w20_qp_51.pdf,,http,,Oct-Nov 2020 papers 2-5 absent from pastpapers.co; subject+series+component checked in text before fetch,
https://pastpapers.co/caie/igcse/geography-0460/2024-may-june/0460_s24_ms_13.pdf,Question Banks/Cambridge Curricula/IGCSE/Geography (0460)/2024/May-June (Variant 3),0460_s24_ms_13.pdf,,http,,MSMark Scheme 1 (v3),https://pastpapers.co/caie/igcse/geography-0460/2024-may-june/0460_s24_qp_12.pdf
https://pastpapers.co/caie/igcse/geography-0460/2024-may-june/0460_s24_ms_21.pdf,Question Banks/Cambridge Curricula/IGCSE/Geography (0460)/2024/May-June (Variant 1),0460_s24_ms_21.pdf,,http,,MSMark Scheme 2 (v1),https://pastpapers.co/caie/igcse/geography-0460/2024-may-june/0460_s24_qp_12.pdf
https://dynamicpapers.com/wp-content/uploads/2015/09/9702_w20_qp_52.pdf,Question Banks/Cambridge Curricula/Cambridge AS and A Level/Physics (9702)/A Level/2020/Oct-Nov (Variant 2),9702_w20_qp_52.pdf,,http,,Oct-Nov 2020 papers 2-5 absent from pastpapers.co; subject+series+component checked in text before fetch,
https://pastpapers.co/caie/igcse/geography-0460/2024-may-june/0460_s24_ms_22.pdf,Question Banks/Cambridge Curricula/IGCSE/Geography (0460)/2024/May-June (Variant 2),0460_s24_ms_22.pdf,,http,,MSMark Scheme 2 (v2),https://pastpapers.co/caie/igcse/geography-0460/2024-may-june/0460_s24_qp_12.pdf
https://pastpapers.co/caie/igcse/geography-0460/2024-may-june/0460_s24_ms_23.pdf,Question Banks/Cambridge Curricula/IGCSE/Geography (0460)/2024/May-June (Variant 3),0460_s24_ms_23.pdf,,http,,MSMark Scheme 2 (v3),https://pastpapers.co/caie/igcse/geography-0460/2024-may-june/0460_s24_qp_12.pdf
https://dynamicpapers.com/wp-content/uploads/2015/09/9702_w20_qp_53.pdf,Question Banks/Cambridge Curricula/Cambridge AS and A Level/Physics (9702)/A Level/2020/Oct-Nov (Variant 3),9702_w20_qp_53.pdf,,http,,Oct-Nov 2020 papers 2-5 absent from pastpapers.co; subject+series+component checked in text before fetch,
https://pastpapers.co/caie/igcse/geography-0460/2024-may-june/0460_s24_ms_41.pdf,Question Banks/Cambridge Curricula/IGCSE/Geography (0460)/2024/May-June (Variant 1),0460_s24_ms_41.pdf,,http,,MSMark Scheme 4 (v1),https://pastpapers.co/caie/igcse/geography-0460/2024-may-june/0460_s24_qp_12.pdf
https://pastpapers.co/caie/igcse/geography-0460/2024-may-june/0460_s24_ms_42.pdf,Question Banks/Cambridge Curricula/IGCSE/Geography (0460)/2024/May-June (Variant 2),0460_s24_ms_42.pdf,,http,,MSMark Scheme 4 (v2),https://pastpapers.co/caie/igcse/geography-0460/2024-may-june/0460_s24_qp_12.pdf
https://pastpapers.co/caie/igcse/geography-0460/2024-may-june/0460_s24_ms_43.pdf,Question Banks/Cambridge Curricula/IGCSE/Geography (0460)/2024/May-June (Variant 3),0460_s24_ms_43.pdf,,http,,MSMark Scheme 4 (v3),https://pastpapers.co/caie/igcse/geography-0460/2024-may-june/0460_s24_qp_12.pdf
https://pastpapers.co/caie/igcse/geography-0460/2025-may-june/0460_s25_ms_11.pdf,Question Banks/Cambridge Curricula/IGCSE/Geography (0460)/2025/May-June (Variant 1),0460_s25_ms_11.pdf,,http,,MSMark Scheme 1 (v1),https://pastpapers.co/caie/igcse/geography-0460/2025-may-june/0460_s25_qp_12.pdf
https://pastpapers.co/caie/igcse/geography-0460/2025-may-june/0460_s25_ms_12.pdf,Question Banks/Cambridge Curricula/IGCSE/Geography (0460)/2025/May-June (Variant 2),0460_s25_ms_12.pdf,,http,,MSMark Scheme 1 (v2),https://pastpapers.co/caie/igcse/geography-0460/2025-may-june/0460_s25_qp_12.pdf
https://pastpapers.co/caie/igcse/geography-0460/2025-may-june/0460_s25_ms_13.pdf,Question Banks/Cambridge Curricula/IGCSE/Geography (0460)/2025/May-June (Variant 3),0460_s25_ms_13.pdf,,http,,MSMark Scheme 1 (v3),https://pastpapers.co/caie/igcse/geography-0460/2025-may-june/0460_s25_qp_12.pdf
https://pastpapers.co/caie/igcse/geography-0460/2025-may-june/0460_s25_ms_21.pdf,Question Banks/Cambridge Curricula/IGCSE/Geography (0460)/2025/May-June (Variant 1),0460_s25_ms_21.pdf,,http,,MSMark Scheme 2 (v1),https://pastpapers.co/caie/igcse/geography-0460/2025-may-june/0460_s25_qp_12.pdf
https://pastpapers.co/caie/igcse/geography-0460/2025-may-june/0460_s25_ms_22.pdf,Question Banks/Cambridge Curricula/IGCSE/Geography (0460)/2025/May-June (Variant 2),0460_s25_ms_22.pdf,,http,,MSMark Scheme 2 (v2),https://pastpapers.co/caie/igcse/geography-0460/2025-may-june/0460_s25_qp_12.pdf
https://pastpapers.co/caie/igcse/geography-0460/2025-may-june/0460_s25_ms_23.pdf,Question Banks/Cambridge Curricula/IGCSE/Geography (0460)/2025/May-June (Variant 3),0460_s25_ms_23.pdf,,http,,MSMark Scheme 2 (v3),https://pastpapers.co/caie/igcse/geography-0460/2025-may-june/0460_s25_qp_12.pdf
https://pastpapers.co/caie/igcse/geography-0460/2025-may-june/0460_s25_ms_41.pdf,Question Banks/Cambridge Curricula/IGCSE/Geography (0460)/2025/May-June (Variant 1),0460_s25_ms_41.pdf,,http,,MSMark Scheme 4 (v1),https://pastpapers.co/caie/igcse/geography-0460/2025-may-june/0460_s25_qp_12.pdf
https://pastpapers.co/caie/igcse/geography-0460/2025-may-june/0460_s25_ms_42.pdf,Question Banks/Cambridge Curricula/IGCSE/Geography (0460)/2025/May-June (Variant 2),0460_s25_ms_42.pdf,,http,,MSMark Scheme 4 (v2),https://pastpapers.co/caie/igcse/geography-0460/2025-may-june/0460_s25_qp_12.pdf
https://pastpapers.co/caie/igcse/geography-0460/2025-may-june/0460_s25_ms_43.pdf,Question Banks/Cambridge Curricula/IGCSE/Geography (0460)/2025/May-June (Variant 3),0460_s25_ms_43.pdf,,http,,MSMark Scheme 4 (v3),https://pastpapers.co/caie/igcse/geography-0460/2025-may-june/0460_s25_qp_12.pdf
https://pastpapers.co/caie/igcse/geography-0460/2020-oct-nov/0460_w20_ms_11.pdf,Question Banks/Cambridge Curricula/IGCSE/Geography (0460)/2020/Oct-Nov (Variant 1),0460_w20_ms_11.pdf,,http,,MSMark Scheme 1 (v1),https://pastpapers.co/caie/igcse/geography-0460/2020-oct-nov/0460_w20_qp_12.pdf
https://pastpapers.co/caie/igcse/geography-0460/2020-oct-nov/0460_w20_ms_12.pdf,Question Banks/Cambridge Curricula/IGCSE/Geography (0460)/2020/Oct-Nov (Variant 2),0460_w20_ms_12.pdf,,http,,MSMark Scheme 1 (v2),https://pastpapers.co/caie/igcse/geography-0460/2020-oct-nov/0460_w20_qp_12.pdf
https://pastpapers.co/caie/igcse/geography-0460/2020-oct-nov/0460_w20_ms_13.pdf,Question Banks/Cambridge Curricula/IGCSE/Geography (0460)/2020/Oct-Nov (Variant 3),0460_w20_ms_13.pdf,,http,,MSMark Scheme 1 (v3),https://pastpapers.co/caie/igcse/geography-0460/2020-oct-nov/0460_w20_qp_12.pdf
https://pastpapers.co/caie/igcse/geography-0460/2020-oct-nov/0460_w20_ms_21.pdf,Question Banks/Cambridge Curricula/IGCSE/Geography (0460)/2020/Oct-Nov (Variant 1),0460_w20_ms_21.pdf,,http,,MSMark Scheme 2 (v1),https://pastpapers.co/caie/igcse/geography-0460/2020-oct-nov/0460_w20_qp_12.pdf
https://pastpapers.co/caie/igcse/geography-0460/2020-oct-nov/0460_w20_ms_22.pdf,Question Banks/Cambridge Curricula/IGCSE/Geography (0460)/2020/Oct-Nov (Variant 2),0460_w20_ms_22.pdf,,http,,MSMark Scheme 2 (v2),https://pastpapers.co/caie/igcse/geography-0460/2020-oct-nov/0460_w20_qp_12.pdf
https://pastpapers.co/caie/igcse/geography-0460/2020-oct-nov/0460_w20_ms_23.pdf,Question Banks/Cambridge Curricula/IGCSE/Geography (0460)/2020/Oct-Nov (Variant 3),0460_w20_ms_23.pdf,,http,,MSMark Scheme 2 (v3),https://pastpapers.co/caie/igcse/geography-0460/2020-oct-nov/0460_w20_qp_12.pdf
https://pastpapers.co/caie/igcse/geography-0460/2020-oct-nov/0460_w20_ms_41.pdf,Question Banks/Cambridge Curricula/IGCSE/Geography (0460)/2020/Oct-Nov (Variant 1),0460_w20_ms_41.pdf,,http,,MSMark Scheme 4 (v1),https://pastpapers.co/caie/igcse/geography-0460/2020-oct-nov/0460_w20_qp_12.pdf
https://pastpapers.co/caie/igcse/geography-0460/2020-oct-nov/0460_w20_ms_42.pdf,Question Banks/Cambridge Curricula/IGCSE/Geography (0460)/2020/Oct-Nov (Variant 2),0460_w20_ms_42.pdf,,http,,MSMark Scheme 4 (v2),https://pastpapers.co/caie/igcse/geography-0460/2020-oct-nov/0460_w20_qp_12.pdf
https://pastpapers.co/caie/igcse/geography-0460/2020-oct-nov/0460_w20_ms_43.pdf,Question Banks/Cambridge Curricula/IGCSE/Geography (0460)/2020/Oct-Nov (Variant 3),0460_w20_ms_43.pdf,,http,,MSMark Scheme 4 (v3),https://pastpapers.co/caie/igcse/geography-0460/2020-oct-nov/0460_w20_qp_12.pdf
https://pastpapers.co/caie/igcse/geography-0460/2021-oct-nov/0460_w21_ms_11.pdf,Question Banks/Cambridge Curricula/IGCSE/Geography (0460)/2021/Oct-Nov (Variant 1),0460_w21_ms_11.pdf,,http,,MSMark Scheme 1 (v1),https://pastpapers.co/caie/igcse/geography-0460/2021-oct-nov/0460_w21_qp_12.pdf
https://pastpapers.co/caie/igcse/geography-0460/2021-oct-nov/0460_w21_ms_12.pdf,Question Banks/Cambridge Curricula/IGCSE/Geography (0460)/2021/Oct-Nov (Variant 2),0460_w21_ms_12.pdf,,http,,MSMark Scheme 1 (v2),https://pastpapers.co/caie/igcse/geography-0460/2021-oct-nov/0460_w21_qp_12.pdf
https://pastpapers.co/caie/igcse/geography-0460/2021-oct-nov/0460_w21_ms_13.pdf,Question Banks/Cambridge Curricula/IGCSE/Geography (0460)/2021/Oct-Nov (Variant 3),0460_w21_ms_13.pdf,,http,,MSMark Scheme 1 (v3),https://pastpapers.co/caie/igcse/geography-0460/2021-oct-nov/0460_w21_qp_12.pdf
https://pastpapers.co/caie/igcse/geography-0460/2021-oct-nov/0460_w21_ms_21.pdf,Question Banks/Cambridge Curricula/IGCSE/Geography (0460)/2021/Oct-Nov (Variant 1),0460_w21_ms_21.pdf,,http,,MSMark Scheme 2 (v1),https://pastpapers.co/caie/igcse/geography-0460/2021-oct-nov/0460_w21_qp_12.pdf
https://pastpapers.co/caie/igcse/geography-0460/2021-oct-nov/0460_w21_ms_22.pdf,Question Banks/Cambridge Curricula/IGCSE/Geography (0460)/2021/Oct-Nov (Variant 2),0460_w21_ms_22.pdf,,http,,MSMark Scheme 2 (v2),https://pastpapers.co/caie/igcse/geography-0460/2021-oct-nov/0460_w21_qp_12.pdf
https://pastpapers.co/caie/igcse/geography-0460/2021-oct-nov/0460_w21_ms_23.pdf,Question Banks/Cambridge Curricula/IGCSE/Geography (0460)/2021/Oct-Nov (Variant 3),0460_w21_ms_23.pdf,,http,,MSMark Scheme 2 (v3),https://pastpapers.co/caie/igcse/geography-0460/2021-oct-nov/0460_w21_qp_12.pdf
https://pastpapers.co/caie/igcse/geography-0460/2021-oct-nov/0460_w21_ms_41.pdf,Question Banks/Cambridge Curricula/IGCSE/Geography (0460)/2021/Oct-Nov (Variant 1),0460_w21_ms_41.pdf,,http,,MSMark Scheme 4 (v1),https://pastpapers.co/caie/igcse/geography-0460/2021-oct-nov/0460_w21_qp_12.pdf
https://pastpapers.co/caie/igcse/geography-0460/2021-oct-nov/0460_w21_ms_42.pdf,Question Banks/Cambridge Curricula/IGCSE/Geography (0460)/2021/Oct-Nov (Variant 2),0460_w21_ms_42.pdf,,http,,MSMark Scheme 4 (v2),https://pastpapers.co/caie/igcse/geography-0460/2021-oct-nov/0460_w21_qp_12.pdf
https://pastpapers.co/caie/igcse/geography-0460/2021-oct-nov/0460_w21_ms_43.pdf,Question Banks/Cambridge Curricula/IGCSE/Geography (0460)/2021/Oct-Nov (Variant 3),0460_w21_ms_43.pdf,,http,,MSMark Scheme 4 (v3),https://pastpapers.co/caie/igcse/geography-0460/2021-oct-nov/0460_w21_qp_12.pdf
https://pastpapers.co/caie/igcse/geography-0460/2022-oct-nov/0460_w22_ms_11.pdf,Question Banks/Cambridge Curricula/IGCSE/Geography (0460)/2022/Oct-Nov (Variant 1),0460_w22_ms_11.pdf,,http,,MSMark Scheme 1 (v1),https://pastpapers.co/caie/igcse/geography-0460/2022-oct-nov/0460_w22_qp_12.pdf
https://pastpapers.co/caie/igcse/geography-0460/2022-oct-nov/0460_w22_ms_12.pdf,Question Banks/Cambridge Curricula/IGCSE/Geography (0460)/2022/Oct-Nov (Variant 2),0460_w22_ms_12.pdf,,http,,MSMark Scheme 1 (v2),https://pastpapers.co/caie/igcse/geography-0460/2022-oct-nov/0460_w22_qp_12.pdf
https://pastpapers.co/caie/igcse/geography-0460/2022-oct-nov/0460_w22_ms_13.pdf,Question Banks/Cambridge Curricula/IGCSE/Geography (0460)/2022/Oct-Nov (Variant 3),0460_w22_ms_13.pdf,,http,,MSMark Scheme 1 (v3),https://pastpapers.co/caie/igcse/geography-0460/2022-oct-nov/0460_w22_qp_12.pdf
https://pastpapers.co/caie/igcse/geography-0460/2022-oct-nov/0460_w22_ms_21.pdf,Question Banks/Cambridge Curricula/IGCSE/Geography (0460)/2022/Oct-Nov (Variant 1),0460_w22_ms_21.pdf,,http,,MSMark Scheme 2 (v1),https://pastpapers.co/caie/igcse/geography-0460/2022-oct-nov/0460_w22_qp_12.pdf
https://pastpapers.co/caie/igcse/geography-0460/2022-oct-nov/0460_w22_ms_22.pdf,Question Banks/Cambridge Curricula/IGCSE/Geography (0460)/2022/Oct-Nov (Variant 2),0460_w22_ms_22.pdf,,http,,MSMark Scheme 2 (v2),https://pastpapers.co/caie/igcse/geography-0460/2022-oct-nov/0460_w22_qp_12.pdf
https://pastpapers.co/caie/igcse/geography-0460/2022-oct-nov/0460_w22_ms_23.pdf,Question Banks/Cambridge Curricula/IGCSE/Geography (0460)/2022/Oct-Nov (Variant 3),0460_w22_ms_23.pdf,,http,,MSMark Scheme 2 (v3),https://pastpapers.co/caie/igcse/geography-0460/2022-oct-nov/0460_w22_qp_12.pdf
https://pastpapers.co/caie/igcse/geography-0460/2022-oct-nov/0460_w22_ms_41.pdf,Question Banks/Cambridge Curricula/IGCSE/Geography (0460)/2022/Oct-Nov (Variant 1),0460_w22_ms_41.pdf,,http,,MSMark Scheme 4 (v1),https://pastpapers.co/caie/igcse/geography-0460/2022-oct-nov/0460_w22_qp_12.pdf
https://pastpapers.co/caie/igcse/geography-0460/2022-oct-nov/0460_w22_ms_42.pdf,Question Banks/Cambridge Curricula/IGCSE/Geography (0460)/2022/Oct-Nov (Variant 2),0460_w22_ms_42.pdf,,http,,MSMark Scheme 4 (v2),https://pastpapers.co/caie/igcse/geography-0460/2022-oct-nov/0460_w22_qp_12.pdf
https://pastpapers.co/caie/igcse/geography-0460/2022-oct-nov/0460_w22_ms_43.pdf,Question Banks/Cambridge Curricula/IGCSE/Geography (0460)/2022/Oct-Nov (Variant 3),0460_w22_ms_43.pdf,,http,,MSMark Scheme 4 (v3),https://pastpapers.co/caie/igcse/geography-0460/2022-oct-nov/0460_w22_qp_12.pdf
https://pastpapers.co/caie/igcse/geography-0460/2023-oct-nov/0460_w23_ms_11.pdf,Question Banks/Cambridge Curricula/IGCSE/Geography (0460)/2023/Oct-Nov (Variant 1),0460_w23_ms_11.pdf,,http,,MSMark Scheme 1 (v1),https://pastpapers.co/caie/igcse/geography-0460/2023-oct-nov/0460_w23_qp_12.pdf
https://pastpapers.co/caie/igcse/geography-0460/2023-oct-nov/0460_w23_ms_12.pdf,Question Banks/Cambridge Curricula/IGCSE/Geography (0460)/2023/Oct-Nov (Variant 2),0460_w23_ms_12.pdf,,http,,MSMark Scheme 1 (v2),https://pastpapers.co/caie/igcse/geography-0460/2023-oct-nov/0460_w23_qp_12.pdf
https://pastpapers.co/caie/igcse/geography-0460/2023-oct-nov/0460_w23_ms_13.pdf,Question Banks/Cambridge Curricula/IGCSE/Geography (0460)/2023/Oct-Nov (Variant 3),0460_w23_ms_13.pdf,,http,,MSMark Scheme 1 (v3),https://pastpapers.co/caie/igcse/geography-0460/2023-oct-nov/0460_w23_qp_12.pdf
https://pastpapers.co/caie/igcse/geography-0460/2023-oct-nov/0460_w23_ms_21.pdf,Question Banks/Cambridge Curricula/IGCSE/Geography (0460)/2023/Oct-Nov (Variant 1),0460_w23_ms_21.pdf,,http,,MSMark Scheme 2 (v1),https://pastpapers.co/caie/igcse/geography-0460/2023-oct-nov/0460_w23_qp_12.pdf
https://pastpapers.co/caie/igcse/geography-0460/2023-oct-nov/0460_w23_ms_22.pdf,Question Banks/Cambridge Curricula/IGCSE/Geography (0460)/2023/Oct-Nov (Variant 2),0460_w23_ms_22.pdf,,http,,MSMark Scheme 2 (v2),https://pastpapers.co/caie/igcse/geography-0460/2023-oct-nov/0460_w23_qp_12.pdf
https://pastpapers.co/caie/igcse/geography-0460/2023-oct-nov/0460_w23_ms_23.pdf,Question Banks/Cambridge Curricula/IGCSE/Geography (0460)/2023/Oct-Nov (Variant 3),0460_w23_ms_23.pdf,,http,,MSMark Scheme 2 (v3),https://pastpapers.co/caie/igcse/geography-0460/2023-oct-nov/0460_w23_qp_12.pdf
https://pastpapers.co/caie/igcse/geography-0460/2023-oct-nov/0460_w23_ms_41.pdf,Question Banks/Cambridge Curricula/IGCSE/Geography (0460)/2023/Oct-Nov (Variant 1),0460_w23_ms_41.pdf,,http,,MSMark Scheme 4 (v1),https://pastpapers.co/caie/igcse/geography-0460/2023-oct-nov/0460_w23_qp_12.pdf
https://pastpapers.co/caie/igcse/geography-0460/2023-oct-nov/0460_w23_ms_42.pdf,Question Banks/Cambridge Curricula/IGCSE/Geography (0460)/2023/Oct-Nov (Variant 2),0460_w23_ms_42.pdf,,http,,MSMark Scheme 4 (v2),https://pastpapers.co/caie/igcse/geography-0460/2023-oct-nov/0460_w23_qp_12.pdf
https://pastpapers.co/caie/igcse/geography-0460/2023-oct-nov/0460_w23_ms_43.pdf,Question Banks/Cambridge Curricula/IGCSE/Geography (0460)/2023/Oct-Nov (Variant 3),0460_w23_ms_43.pdf,,http,,MSMark Scheme 4 (v3),https://pastpapers.co/caie/igcse/geography-0460/2023-oct-nov/0460_w23_qp_12.pdf
https://pastpapers.co/caie/igcse/geography-0460/2024-oct-nov/0460_w24_ms_11.pdf,Question Banks/Cambridge Curricula/IGCSE/Geography (0460)/2024/Oct-Nov (Variant 1),0460_w24_ms_11.pdf,,http,,MSMark Scheme 1 (v1),https://pastpapers.co/caie/igcse/geography-0460/2024-oct-nov/0460_w24_qp_12.pdf
https://pastpapers.co/caie/igcse/geography-0460/2024-oct-nov/0460_w24_ms_12.pdf,Question Banks/Cambridge Curricula/IGCSE/Geography (0460)/2024/Oct-Nov (Variant 2),0460_w24_ms_12.pdf,,http,,MSMark Scheme 1 (v2),https://pastpapers.co/caie/igcse/geography-0460/2024-oct-nov/0460_w24_qp_12.pdf
https://pastpapers.co/caie/igcse/geography-0460/2024-oct-nov/0460_w24_ms_13.pdf,Question Banks/Cambridge Curricula/IGCSE/Geography (0460)/2024/Oct-Nov (Variant 3),0460_w24_ms_13.pdf,,http,,MSMark Scheme 1 (v3),https://pastpapers.co/caie/igcse/geography-0460/2024-oct-nov/0460_w24_qp_12.pdf
https://pastpapers.co/caie/igcse/geography-0460/2024-oct-nov/0460_w24_ms_21.pdf,Question Banks/Cambridge Curricula/IGCSE/Geography (0460)/2024/Oct-Nov (Variant 1),0460_w24_ms_21.pdf,,http,,MSMark Scheme 2 (v1),https://pastpapers.co/caie/igcse/geography-0460/2024-oct-nov/0460_w24_qp_12.pdf
https://pastpapers.co/caie/igcse/geography-0460/2024-oct-nov/0460_w24_ms_22.pdf,Question Banks/Cambridge Curricula/IGCSE/Geography (0460)/2024/Oct-Nov (Variant 2),0460_w24_ms_22.pdf,,http,,MSMark Scheme 2 (v2),https://pastpapers.co/caie/igcse/geography-0460/2024-oct-nov/0460_w24_qp_12.pdf
https://pastpapers.co/caie/igcse/geography-0460/2024-oct-nov/0460_w24_ms_23.pdf,Question Banks/Cambridge Curricula/IGCSE/Geography (0460)/2024/Oct-Nov (Variant 3),0460_w24_ms_23.pdf,,http,,MSMark Scheme 2 (v3),https://pastpapers.co/caie/igcse/geography-0460/2024-oct-nov/0460_w24_qp_12.pdf
https://pastpapers.co/caie/igcse/geography-0460/2024-oct-nov/0460_w24_ms_41.pdf,Question Banks/Cambridge Curricula/IGCSE/Geography (0460)/2024/Oct-Nov (Variant 1),0460_w24_ms_41.pdf,,http,,MSMark Scheme 4 (v1),https://pastpapers.co/caie/igcse/geography-0460/2024-oct-nov/0460_w24_qp_12.pdf
https://pastpapers.co/caie/igcse/geography-0460/2024-oct-nov/0460_w24_ms_42.pdf,Question Banks/Cambridge Curricula/IGCSE/Geography (0460)/2024/Oct-Nov (Variant 2),0460_w24_ms_42.pdf,,http,,MSMark Scheme 4 (v2),https://pastpapers.co/caie/igcse/geography-0460/2024-oct-nov/0460_w24_qp_12.pdf
https://pastpapers.co/caie/igcse/geography-0460/2024-oct-nov/0460_w24_ms_43.pdf,Question Banks/Cambridge Curricula/IGCSE/Geography (0460)/2024/Oct-Nov (Variant 3),0460_w24_ms_43.pdf,,http,,MSMark Scheme 4 (v3),https://pastpapers.co/caie/igcse/geography-0460/2024-oct-nov/0460_w24_qp_12.pdf
https://pastpapers.co/caie/igcse/geography-0460/2025-oct-nov/0460_w25_ms_11.pdf,Question Banks/Cambridge Curricula/IGCSE/Geography (0460)/2025/Oct-Nov (Variant 1),0460_w25_ms_11.pdf,,http,,MSMark Scheme 1 (v1),https://pastpapers.co/caie/igcse/geography-0460/2025-oct-nov/0460_w25_qp_12.pdf
https://pastpapers.co/caie/igcse/geography-0460/2025-oct-nov/0460_w25_ms_12.pdf,Question Banks/Cambridge Curricula/IGCSE/Geography (0460)/2025/Oct-Nov (Variant 2),0460_w25_ms_12.pdf,,http,,MSMark Scheme 1 (v2),https://pastpapers.co/caie/igcse/geography-0460/2025-oct-nov/0460_w25_qp_12.pdf
https://pastpapers.co/caie/igcse/geography-0460/2025-oct-nov/0460_w25_ms_13.pdf,Question Banks/Cambridge Curricula/IGCSE/Geography (0460)/2025/Oct-Nov (Variant 3),0460_w25_ms_13.pdf,,http,,MSMark Scheme 1 (v3),https://pastpapers.co/caie/igcse/geography-0460/2025-oct-nov/0460_w25_qp_12.pdf
https://pastpapers.co/caie/igcse/geography-0460/2025-oct-nov/0460_w25_ms_21.pdf,Question Banks/Cambridge Curricula/IGCSE/Geography (0460)/2025/Oct-Nov (Variant 1),0460_w25_ms_21.pdf,,http,,MSMark Scheme 2 (v1),https://pastpapers.co/caie/igcse/geography-0460/2025-oct-nov/0460_w25_qp_12.pdf
https://pastpapers.co/caie/igcse/geography-0460/2025-oct-nov/0460_w25_ms_22.pdf,Question Banks/Cambridge Curricula/IGCSE/Geography (0460)/2025/Oct-Nov (Variant 2),0460_w25_ms_22.pdf,,http,,MSMark Scheme 2 (v2),https://pastpapers.co/caie/igcse/geography-0460/2025-oct-nov/0460_w25_qp_12.pdf
https://pastpapers.co/caie/igcse/geography-0460/2025-oct-nov/0460_w25_ms_23.pdf,Question Banks/Cambridge Curricula/IGCSE/Geography (0460)/2025/Oct-Nov (Variant 3),0460_w25_ms_23.pdf,,http,,MSMark Scheme 2 (v3),https://pastpapers.co/caie/igcse/geography-0460/2025-oct-nov/0460_w25_qp_12.pdf
https://pastpapers.co/caie/igcse/geography-0460/2025-oct-nov/0460_w25_ms_41.pdf,Question Banks/Cambridge Curricula/IGCSE/Geography (0460)/2025/Oct-Nov (Variant 1),0460_w25_ms_41.pdf,,http,,MSMark Scheme 4 (v1),https://pastpapers.co/caie/igcse/geography-0460/2025-oct-nov/0460_w25_qp_12.pdf
https://pastpapers.co/caie/igcse/geography-0460/2025-oct-nov/0460_w25_ms_42.pdf,Question Banks/Cambridge Curricula/IGCSE/Geography (0460)/2025/Oct-Nov (Variant 2),0460_w25_ms_42.pdf,,http,,MSMark Scheme 4 (v2),https://pastpapers.co/caie/igcse/geography-0460/2025-oct-nov/0460_w25_qp_12.pdf
https://pastpapers.co/caie/igcse/geography-0460/2025-oct-nov/0460_w25_ms_43.pdf,Question Banks/Cambridge Curricula/IGCSE/Geography (0460)/2025/Oct-Nov (Variant 3),0460_w25_ms_43.pdf,,http,,MSMark Scheme 4 (v3),https://pastpapers.co/caie/igcse/geography-0460/2025-oct-nov/0460_w25_qp_12.pdf
https://pastpapers.co/api/file/caie/igcse/geography-0460/2020-march/0460_m20_qp_12.pdf,Question Banks/Cambridge Curricula/IGCSE/Geography (0460)/2020/March (Variant 2),0460_m20_qp_12.pdf,,http,https://pastpapers.co/api/file/caie/igcse/geography-0460/2020-march/0460_m20_qp_12.pdf?download=1,,https://pastpapers.co/caie/igcse/geography-0460/2020-march/0460_m20_qp_12.pdf
https://pastpapers.co/caie/igcse/geography-0460/2020-march/0460_m20_qp_22.pdf,Question Banks/Cambridge Curricula/IGCSE/Geography (0460)/2020/March (Variant 2),0460_m20_qp_22.pdf,,http,,QPQuestion Paper 2 (v2),https://pastpapers.co/caie/igcse/geography-0460/2020-march/0460_m20_qp_12.pdf
https://pastpapers.co/caie/igcse/geography-0460/2020-march/0460_m20_qp_42.pdf,Question Banks/Cambridge Curricula/IGCSE/Geography (0460)/2020/March (Variant 2),0460_m20_qp_42.pdf,,http,,QPQuestion Paper 4 (v2),https://pastpapers.co/caie/igcse/geography-0460/2020-march/0460_m20_qp_12.pdf
https://pastpapers.co/api/file/caie/igcse/geography-0460/2021-march/0460_m21_qp_12.pdf,Question Banks/Cambridge Curricula/IGCSE/Geography (0460)/2021/March (Variant 2),0460_m21_qp_12.pdf,,http,https://pastpapers.co/api/file/caie/igcse/geography-0460/2021-march/0460_m21_qp_12.pdf?download=1,,https://pastpapers.co/caie/igcse/geography-0460/2021-march/0460_m21_qp_12.pdf
https://pastpapers.co/caie/igcse/geography-0460/2021-march/0460_m21_qp_22.pdf,Question Banks/Cambridge Curricula/IGCSE/Geography (0460)/2021/March (Variant 2),0460_m21_qp_22.pdf,,http,,QPQuestion Paper 2 (v2),https://pastpapers.co/caie/igcse/geography-0460/2021-march/0460_m21_qp_12.pdf
https://pastpapers.co/caie/igcse/geography-0460/2021-march/0460_m21_qp_42.pdf,Question Banks/Cambridge Curricula/IGCSE/Geography (0460)/2021/March (Variant 2),0460_m21_qp_42.pdf,,http,,QPQuestion Paper 4 (v2),https://pastpapers.co/caie/igcse/geography-0460/2021-march/0460_m21_qp_12.pdf
https://pastpapers.co/api/file/caie/igcse/geography-0460/2023-march/0460_m23_qp_12.pdf,Question Banks/Cambridge Curricula/IGCSE/Geography (0460)/2023/March (Variant 2),0460_m23_qp_12.pdf,,http,https://pastpapers.co/api/file/caie/igcse/geography-0460/2023-march/0460_m23_qp_12.pdf?download=1,,https://pastpapers.co/caie/igcse/geography-0460/2023-march/0460_m23_qp_12.pdf
https://pastpapers.co/caie/igcse/geography-0460/2023-march/0460_m23_qp_22.pdf,Question Banks/Cambridge Curricula/IGCSE/Geography (0460)/2023/March (Variant 2),0460_m23_qp_22.pdf,,http,,QPQuestion Paper 2 (v2),https://pastpapers.co/caie/igcse/geography-0460/2023-march/0460_m23_qp_12.pdf
https://pastpapers.co/caie/igcse/geography-0460/2023-march/0460_m23_qp_42.pdf,Question Banks/Cambridge Curricula/IGCSE/Geography (0460)/2023/March (Variant 2),0460_m23_qp_42.pdf,,http,,QPQuestion Paper 4 (v2),https://pastpapers.co/caie/igcse/geography-0460/2023-march/0460_m23_qp_12.pdf
https://pastpapers.co/api/file/caie/igcse/geography-0460/2024-march/0460_m24_qp_12.pdf,Question Banks/Cambridge Curricula/IGCSE/Geography (0460)/2024/March (Variant 2),0460_m24_qp_12.pdf,,http,https://pastpapers.co/api/file/caie/igcse/geography-0460/2024-march/0460_m24_qp_12.pdf?download=1,,https://pastpapers.co/caie/igcse/geography-0460/2024-march/0460_m24_qp_12.pdf
https://pastpapers.co/caie/igcse/geography-0460/2024-march/0460_m24_qp_22.pdf,Question Banks/Cambridge Curricula/IGCSE/Geography (0460)/2024/March (Variant 2),0460_m24_qp_22.pdf,,http,,QPQuestion Paper 2 (v2),https://pastpapers.co/caie/igcse/geography-0460/2024-march/0460_m24_qp_12.pdf
https://pastpapers.co/caie/igcse/geography-0460/2024-march/0460_m24_qp_42.pdf,Question Banks/Cambridge Curricula/IGCSE/Geography (0460)/2024/March (Variant 2),0460_m24_qp_42.pdf,,http,,QPQuestion Paper 4 (v2),https://pastpapers.co/caie/igcse/geography-0460/2024-march/0460_m24_qp_12.pdf
https://pastpapers.co/api/file/caie/igcse/geography-0460/2025-march/0460_m25_qp_12.pdf,Question Banks/Cambridge Curricula/IGCSE/Geography (0460)/2025/March (Variant 2),0460_m25_qp_12.pdf,,http,https://pastpapers.co/api/file/caie/igcse/geography-0460/2025-march/0460_m25_qp_12.pdf?download=1,,https://pastpapers.co/caie/igcse/geography-0460/2025-march/0460_m25_qp_12.pdf
https://pastpapers.co/caie/igcse/geography-0460/2025-march/0460_m25_qp_22.pdf,Question Banks/Cambridge Curricula/IGCSE/Geography (0460)/2025/March (Variant 2),0460_m25_qp_22.pdf,,http,,QPQuestion Paper 2 (v2),https://pastpapers.co/caie/igcse/geography-0460/2025-march/0460_m25_qp_12.pdf
https://pastpapers.co/caie/igcse/geography-0460/2025-march/0460_m25_qp_42.pdf,Question Banks/Cambridge Curricula/IGCSE/Geography (0460)/2025/March (Variant 2),0460_m25_qp_42.pdf,,http,,QPQuestion Paper 4 (v2),https://pastpapers.co/caie/igcse/geography-0460/2025-march/0460_m25_qp_12.pdf
https://pastpapers.co/caie/igcse/geography-0460/2020-may-june/0460_s20_qp_11.pdf,Question Banks/Cambridge Curricula/IGCSE/Geography (0460)/2020/May-June (Variant 1),0460_s20_qp_11.pdf,,http,,QPQuestion Paper 1 (v1),https://pastpapers.co/caie/igcse/geography-0460/2020-may-june/0460_s20_qp_12.pdf
https://pastpapers.co/api/file/caie/igcse/geography-0460/2020-may-june/0460_s20_qp_12.pdf,Question Banks/Cambridge Curricula/IGCSE/Geography (0460)/2020/May-June (Variant 2),0460_s20_qp_12.pdf,,http,https://pastpapers.co/api/file/caie/igcse/geography-0460/2020-may-june/0460_s20_qp_12.pdf?download=1,,https://pastpapers.co/caie/igcse/geography-0460/2020-may-june/0460_s20_qp_12.pdf
https://pastpapers.co/caie/igcse/geography-0460/2020-may-june/0460_s20_qp_13.pdf,Question Banks/Cambridge Curricula/IGCSE/Geography (0460)/2020/May-June (Variant 3),0460_s20_qp_13.pdf,,http,,QPQuestion Paper 1 (v3),https://pastpapers.co/caie/igcse/geography-0460/2020-may-june/0460_s20_qp_12.pdf
https://pastpapers.co/caie/igcse/geography-0460/2020-may-june/0460_s20_qp_21.pdf,Question Banks/Cambridge Curricula/IGCSE/Geography (0460)/2020/May-June (Variant 1),0460_s20_qp_21.pdf,,http,,QPQuestion Paper 2 (v1),https://pastpapers.co/caie/igcse/geography-0460/2020-may-june/0460_s20_qp_12.pdf
https://pastpapers.co/caie/igcse/geography-0460/2020-may-june/0460_s20_qp_22.pdf,Question Banks/Cambridge Curricula/IGCSE/Geography (0460)/2020/May-June (Variant 2),0460_s20_qp_22.pdf,,http,,QPQuestion Paper 2 (v2),https://pastpapers.co/caie/igcse/geography-0460/2020-may-june/0460_s20_qp_12.pdf
https://pastpapers.co/caie/igcse/geography-0460/2020-may-june/0460_s20_qp_23.pdf,Question Banks/Cambridge Curricula/IGCSE/Geography (0460)/2020/May-June (Variant 3),0460_s20_qp_23.pdf,,http,,QPQuestion Paper 2 (v3),https://pastpapers.co/caie/igcse/geography-0460/2020-may-june/0460_s20_qp_12.pdf
https://pastpapers.co/caie/igcse/geography-0460/2020-may-june/0460_s20_qp_41.pdf,Question Banks/Cambridge Curricula/IGCSE/Geography (0460)/2020/May-June (Variant 1),0460_s20_qp_41.pdf,,http,,QPQuestion Paper 4 (v1),https://pastpapers.co/caie/igcse/geography-0460/2020-may-june/0460_s20_qp_12.pdf
https://pastpapers.co/caie/igcse/geography-0460/2020-may-june/0460_s20_qp_42.pdf,Question Banks/Cambridge Curricula/IGCSE/Geography (0460)/2020/May-June (Variant 2),0460_s20_qp_42.pdf,,http,,QPQuestion Paper 4 (v2),https://pastpapers.co/caie/igcse/geography-0460/2020-may-june/0460_s20_qp_12.pdf
https://pastpapers.co/caie/igcse/geography-0460/2020-may-june/0460_s20_qp_43.pdf,Question Banks/Cambridge Curricula/IGCSE/Geography (0460)/2020/May-June (Variant 3),0460_s20_qp_43.pdf,,http,,QPQuestion Paper 4 (v3),https://pastpapers.co/caie/igcse/geography-0460/2020-may-june/0460_s20_qp_12.pdf
https://pastpapers.co/caie/igcse/geography-0460/2021-may-june/0460_s21_qp_11.pdf,Question Banks/Cambridge Curricula/IGCSE/Geography (0460)/2021/May-June (Variant 1),0460_s21_qp_11.pdf,,http,,QPQuestion Paper 1 (v1),https://pastpapers.co/caie/igcse/geography-0460/2021-may-june/0460_s21_qp_12.pdf
https://pastpapers.co/api/file/caie/igcse/geography-0460/2021-may-june/0460_s21_qp_12.pdf,Question Banks/Cambridge Curricula/IGCSE/Geography (0460)/2021/May-June (Variant 2),0460_s21_qp_12.pdf,,http,https://pastpapers.co/api/file/caie/igcse/geography-0460/2021-may-june/0460_s21_qp_12.pdf?download=1,,https://pastpapers.co/caie/igcse/geography-0460/2021-may-june/0460_s21_qp_12.pdf
https://pastpapers.co/caie/igcse/geography-0460/2021-may-june/0460_s21_qp_13.pdf,Question Banks/Cambridge Curricula/IGCSE/Geography (0460)/2021/May-June (Variant 3),0460_s21_qp_13.pdf,,http,,QPQuestion Paper 1 (v3),https://pastpapers.co/caie/igcse/geography-0460/2021-may-june/0460_s21_qp_12.pdf
https://pastpapers.co/caie/igcse/geography-0460/2021-may-june/0460_s21_qp_21.pdf,Question Banks/Cambridge Curricula/IGCSE/Geography (0460)/2021/May-June (Variant 1),0460_s21_qp_21.pdf,,http,,QPQuestion Paper 2 (v1),https://pastpapers.co/caie/igcse/geography-0460/2021-may-june/0460_s21_qp_12.pdf
https://pastpapers.co/caie/igcse/geography-0460/2021-may-june/0460_s21_qp_22.pdf,Question Banks/Cambridge Curricula/IGCSE/Geography (0460)/2021/May-June (Variant 2),0460_s21_qp_22.pdf,,http,,QPQuestion Paper 2 (v2),https://pastpapers.co/caie/igcse/geography-0460/2021-may-june/0460_s21_qp_12.pdf
https://pastpapers.co/caie/igcse/geography-0460/2021-may-june/0460_s21_qp_23.pdf,Question Banks/Cambridge Curricula/IGCSE/Geography (0460)/2021/May-June (Variant 3),0460_s21_qp_23.pdf,,http,,QPQuestion Paper 2 (v3),https://pastpapers.co/caie/igcse/geography-0460/2021-may-june/0460_s21_qp_12.pdf
https://pastpapers.co/caie/igcse/geography-0460/2021-may-june/0460_s21_qp_41.pdf,Question Banks/Cambridge Curricula/IGCSE/Geography (0460)/2021/May-June (Variant 1),0460_s21_qp_41.pdf,,http,,QPQuestion Paper 4 (v1),https://pastpapers.co/caie/igcse/geography-0460/2021-may-june/0460_s21_qp_12.pdf
https://pastpapers.co/caie/igcse/geography-0460/2021-may-june/0460_s21_qp_42.pdf,Question Banks/Cambridge Curricula/IGCSE/Geography (0460)/2021/May-June (Variant 2),0460_s21_qp_42.pdf,,http,,QPQuestion Paper 4 (v2),https://pastpapers.co/caie/igcse/geography-0460/2021-may-june/0460_s21_qp_12.pdf
https://pastpapers.co/caie/igcse/geography-0460/2021-may-june/0460_s21_qp_43.pdf,Question Banks/Cambridge Curricula/IGCSE/Geography (0460)/2021/May-June (Variant 3),0460_s21_qp_43.pdf,,http,,QPQuestion Paper 4 (v3),https://pastpapers.co/caie/igcse/geography-0460/2021-may-june/0460_s21_qp_12.pdf
https://pastpapers.co/caie/igcse/geography-0460/2022-may-june/0460_s22_qp_11.pdf,Question Banks/Cambridge Curricula/IGCSE/Geography (0460)/2022/May-June (Variant 1),0460_s22_qp_11.pdf,,http,,QPQuestion Paper 1 (v1),https://pastpapers.co/caie/igcse/geography-0460/2022-may-june/0460_s22_qp_12.pdf
https://pastpapers.co/api/file/caie/igcse/geography-0460/2022-may-june/0460_s22_qp_12.pdf,Question Banks/Cambridge Curricula/IGCSE/Geography (0460)/2022/May-June (Variant 2),0460_s22_qp_12.pdf,,http,https://pastpapers.co/api/file/caie/igcse/geography-0460/2022-may-june/0460_s22_qp_12.pdf?download=1,,https://pastpapers.co/caie/igcse/geography-0460/2022-may-june/0460_s22_qp_12.pdf
https://pastpapers.co/caie/igcse/geography-0460/2022-may-june/0460_s22_qp_13.pdf,Question Banks/Cambridge Curricula/IGCSE/Geography (0460)/2022/May-June (Variant 3),0460_s22_qp_13.pdf,,http,,QPQuestion Paper 1 (v3),https://pastpapers.co/caie/igcse/geography-0460/2022-may-june/0460_s22_qp_12.pdf
https://pastpapers.co/caie/igcse/geography-0460/2022-may-june/0460_s22_qp_21.pdf,Question Banks/Cambridge Curricula/IGCSE/Geography (0460)/2022/May-June (Variant 1),0460_s22_qp_21.pdf,,http,,QPQuestion Paper 2 (v1),https://pastpapers.co/caie/igcse/geography-0460/2022-may-june/0460_s22_qp_12.pdf
https://pastpapers.co/caie/igcse/geography-0460/2022-may-june/0460_s22_qp_22.pdf,Question Banks/Cambridge Curricula/IGCSE/Geography (0460)/2022/May-June (Variant 2),0460_s22_qp_22.pdf,,http,,QPQuestion Paper 2 (v2),https://pastpapers.co/caie/igcse/geography-0460/2022-may-june/0460_s22_qp_12.pdf
https://pastpapers.co/caie/igcse/geography-0460/2022-may-june/0460_s22_qp_23.pdf,Question Banks/Cambridge Curricula/IGCSE/Geography (0460)/2022/May-June (Variant 3),0460_s22_qp_23.pdf,,http,,QPQuestion Paper 2 (v3),https://pastpapers.co/caie/igcse/geography-0460/2022-may-june/0460_s22_qp_12.pdf
https://pastpapers.co/caie/igcse/geography-0460/2022-may-june/0460_s22_qp_41.pdf,Question Banks/Cambridge Curricula/IGCSE/Geography (0460)/2022/May-June (Variant 1),0460_s22_qp_41.pdf,,http,,QPQuestion Paper 4 (v1),https://pastpapers.co/caie/igcse/geography-0460/2022-may-june/0460_s22_qp_12.pdf
https://pastpapers.co/caie/igcse/geography-0460/2022-may-june/0460_s22_qp_42.pdf,Question Banks/Cambridge Curricula/IGCSE/Geography (0460)/2022/May-June (Variant 2),0460_s22_qp_42.pdf,,http,,QPQuestion Paper 4 (v2),https://pastpapers.co/caie/igcse/geography-0460/2022-may-june/0460_s22_qp_12.pdf
https://pastpapers.co/caie/igcse/geography-0460/2022-may-june/0460_s22_qp_43.pdf,Question Banks/Cambridge Curricula/IGCSE/Geography (0460)/2022/May-June (Variant 3),0460_s22_qp_43.pdf,,http,,QPQuestion Paper 4 (v3),https://pastpapers.co/caie/igcse/geography-0460/2022-may-june/0460_s22_qp_12.pdf
https://pastpapers.co/caie/igcse/geography-0460/2023-may-june/0460_s23_qp_11.pdf,Question Banks/Cambridge Curricula/IGCSE/Geography (0460)/2023/May-June (Variant 1),0460_s23_qp_11.pdf,,http,,QPQuestion Paper 1 (v1),https://pastpapers.co/caie/igcse/geography-0460/2023-may-june/0460_s23_qp_12.pdf
https://pastpapers.co/api/file/caie/igcse/geography-0460/2023-may-june/0460_s23_qp_12.pdf,Question Banks/Cambridge Curricula/IGCSE/Geography (0460)/2023/May-June (Variant 2),0460_s23_qp_12.pdf,,http,https://pastpapers.co/api/file/caie/igcse/geography-0460/2023-may-june/0460_s23_qp_12.pdf?download=1,,https://pastpapers.co/caie/igcse/geography-0460/2023-may-june/0460_s23_qp_12.pdf
https://pastpapers.co/caie/igcse/geography-0460/2023-may-june/0460_s23_qp_13.pdf,Question Banks/Cambridge Curricula/IGCSE/Geography (0460)/2023/May-June (Variant 3),0460_s23_qp_13.pdf,,http,,QPQuestion Paper 1 (v3),https://pastpapers.co/caie/igcse/geography-0460/2023-may-june/0460_s23_qp_12.pdf
https://pastpapers.co/caie/igcse/geography-0460/2023-may-june/0460_s23_qp_21.pdf,Question Banks/Cambridge Curricula/IGCSE/Geography (0460)/2023/May-June (Variant 1),0460_s23_qp_21.pdf,,http,,QPQuestion Paper 2 (v1),https://pastpapers.co/caie/igcse/geography-0460/2023-may-june/0460_s23_qp_12.pdf
https://pastpapers.co/caie/igcse/geography-0460/2023-may-june/0460_s23_qp_22.pdf,Question Banks/Cambridge Curricula/IGCSE/Geography (0460)/2023/May-June (Variant 2),0460_s23_qp_22.pdf,,http,,QPQuestion Paper 2 (v2),https://pastpapers.co/caie/igcse/geography-0460/2023-may-june/0460_s23_qp_12.pdf
https://pastpapers.co/caie/igcse/geography-0460/2023-may-june/0460_s23_qp_23.pdf,Question Banks/Cambridge Curricula/IGCSE/Geography (0460)/2023/May-June (Variant 3),0460_s23_qp_23.pdf,,http,,QPQuestion Paper 2 (v3),https://pastpapers.co/caie/igcse/geography-0460/2023-may-june/0460_s23_qp_12.pdf
https://pastpapers.co/caie/igcse/geography-0460/2023-may-june/0460_s23_qp_41.pdf,Question Banks/Cambridge Curricula/IGCSE/Geography (0460)/2023/May-June (Variant 1),0460_s23_qp_41.pdf,,http,,QPQuestion Paper 4 (v1),https://pastpapers.co/caie/igcse/geography-0460/2023-may-june/0460_s23_qp_12.pdf
https://pastpapers.co/caie/igcse/geography-0460/2023-may-june/0460_s23_qp_42.pdf,Question Banks/Cambridge Curricula/IGCSE/Geography (0460)/2023/May-June (Variant 2),0460_s23_qp_42.pdf,,http,,QPQuestion Paper 4 (v2),https://pastpapers.co/caie/igcse/geography-0460/2023-may-june/0460_s23_qp_12.pdf
https://pastpapers.co/caie/igcse/geography-0460/2023-may-june/0460_s23_qp_43.pdf,Question Banks/Cambridge Curricula/IGCSE/Geography (0460)/2023/May-June (Variant 3),0460_s23_qp_43.pdf,,http,,QPQuestion Paper 4 (v3),https://pastpapers.co/caie/igcse/geography-0460/2023-may-june/0460_s23_qp_12.pdf
https://pastpapers.co/caie/igcse/geography-0460/2024-may-june/0460_s24_qp_11.pdf,Question Banks/Cambridge Curricula/IGCSE/Geography (0460)/2024/May-June (Variant 1),0460_s24_qp_11.pdf,,http,,QPQuestion Paper 1 (v1),https://pastpapers.co/caie/igcse/geography-0460/2024-may-june/0460_s24_qp_12.pdf
https://pastpapers.co/api/file/caie/igcse/geography-0460/2024-may-june/0460_s24_qp_12.pdf,Question Banks/Cambridge Curricula/IGCSE/Geography (0460)/2024/May-June (Variant 2),0460_s24_qp_12.pdf,,http,https://pastpapers.co/api/file/caie/igcse/geography-0460/2024-may-june/0460_s24_qp_12.pdf?download=1,,https://pastpapers.co/caie/igcse/geography-0460/2024-may-june/0460_s24_qp_12.pdf
https://pastpapers.co/caie/igcse/geography-0460/2024-may-june/0460_s24_qp_13.pdf,Question Banks/Cambridge Curricula/IGCSE/Geography (0460)/2024/May-June (Variant 3),0460_s24_qp_13.pdf,,http,,QPQuestion Paper 1 (v3),https://pastpapers.co/caie/igcse/geography-0460/2024-may-june/0460_s24_qp_12.pdf
https://pastpapers.co/caie/igcse/geography-0460/2024-may-june/0460_s24_qp_21.pdf,Question Banks/Cambridge Curricula/IGCSE/Geography (0460)/2024/May-June (Variant 1),0460_s24_qp_21.pdf,,http,,QPQuestion Paper 2 (v1),https://pastpapers.co/caie/igcse/geography-0460/2024-may-june/0460_s24_qp_12.pdf
https://pastpapers.co/caie/igcse/geography-0460/2024-may-june/0460_s24_qp_22.pdf,Question Banks/Cambridge Curricula/IGCSE/Geography (0460)/2024/May-June (Variant 2),0460_s24_qp_22.pdf,,http,,QPQuestion Paper 2 (v2),https://pastpapers.co/caie/igcse/geography-0460/2024-may-june/0460_s24_qp_12.pdf
https://pastpapers.co/caie/igcse/geography-0460/2024-may-june/0460_s24_qp_23.pdf,Question Banks/Cambridge Curricula/IGCSE/Geography (0460)/2024/May-June (Variant 3),0460_s24_qp_23.pdf,,http,,QPQuestion Paper 2 (v3),https://pastpapers.co/caie/igcse/geography-0460/2024-may-june/0460_s24_qp_12.pdf
https://pastpapers.co/caie/igcse/geography-0460/2024-may-june/0460_s24_qp_41.pdf,Question Banks/Cambridge Curricula/IGCSE/Geography (0460)/2024/May-June (Variant 1),0460_s24_qp_41.pdf,,http,,QPQuestion Paper 4 (v1),https://pastpapers.co/caie/igcse/geography-0460/2024-may-june/0460_s24_qp_12.pdf
https://pastpapers.co/caie/igcse/geography-0460/2024-may-june/0460_s24_qp_42.pdf,Question Banks/Cambridge Curricula/IGCSE/Geography (0460)/2024/May-June (Variant 2),0460_s24_qp_42.pdf,,http,,QPQuestion Paper 4 (v2),https://pastpapers.co/caie/igcse/geography-0460/2024-may-june/0460_s24_qp_12.pdf
https://pastpapers.co/caie/igcse/geography-0460/2024-may-june/0460_s24_qp_43.pdf,Question Banks/Cambridge Curricula/IGCSE/Geography (0460)/2024/May-June (Variant 3),0460_s24_qp_43.pdf,,http,,QPQuestion Paper 4 (v3),https://pastpapers.co/caie/igcse/geography-0460/2024-may-june/0460_s24_qp_12.pdf
https://pastpapers.co/caie/igcse/geography-0460/2025-may-june/0460_s25_qp_11.pdf,Question Banks/Cambridge Curricula/IGCSE/Geography (0460)/2025/May-June (Variant 1),0460_s25_qp_11.pdf,,http,,QPQuestion Paper 1 (v1),https://pastpapers.co/caie/igcse/geography-0460/2025-may-june/0460_s25_qp_12.pdf
https://pastpapers.co/api/file/caie/igcse/geography-0460/2025-may-june/0460_s25_qp_12.pdf,Question Banks/Cambridge Curricula/IGCSE/Geography (0460)/2025/May-June (Variant 2),0460_s25_qp_12.pdf,,http,https://pastpapers.co/api/file/caie/igcse/geography-0460/2025-may-june/0460_s25_qp_12.pdf?download=1,,https://pastpapers.co/caie/igcse/geography-0460/2025-may-june/0460_s25_qp_12.pdf
https://pastpapers.co/caie/igcse/geography-0460/2025-may-june/0460_s25_qp_13.pdf,Question Banks/Cambridge Curricula/IGCSE/Geography (0460)/2025/May-June (Variant 3),0460_s25_qp_13.pdf,,http,,QPQuestion Paper 1 (v3),https://pastpapers.co/caie/igcse/geography-0460/2025-may-june/0460_s25_qp_12.pdf
https://pastpapers.co/caie/igcse/geography-0460/2025-may-june/0460_s25_qp_21.pdf,Question Banks/Cambridge Curricula/IGCSE/Geography (0460)/2025/May-June (Variant 1),0460_s25_qp_21.pdf,,http,,QPQuestion Paper 2 (v1),https://pastpapers.co/caie/igcse/geography-0460/2025-may-june/0460_s25_qp_12.pdf
https://pastpapers.co/caie/igcse/geography-0460/2025-may-june/0460_s25_qp_22.pdf,Question Banks/Cambridge Curricula/IGCSE/Geography (0460)/2025/May-June (Variant 2),0460_s25_qp_22.pdf,,http,,QPQuestion Paper 2 (v2),https://pastpapers.co/caie/igcse/geography-0460/2025-may-june/0460_s25_qp_12.pdf
https://pastpapers.co/caie/igcse/geography-0460/2025-may-june/0460_s25_qp_23.pdf,Question Banks/Cambridge Curricula/IGCSE/Geography (0460)/2025/May-June (Variant 3),0460_s25_qp_23.pdf,,http,,QPQuestion Paper 2 (v3),https://pastpapers.co/caie/igcse/geography-0460/2025-may-june/0460_s25_qp_12.pdf
https://pastpapers.co/caie/igcse/geography-0460/2025-may-june/0460_s25_qp_41.pdf,Question Banks/Cambridge Curricula/IGCSE/Geography (0460)/2025/May-June (Variant 1),0460_s25_qp_41.pdf,,http,,QPQuestion Paper 4 (v1),https://pastpapers.co/caie/igcse/geography-0460/2025-may-june/0460_s25_qp_12.pdf
https://pastpapers.co/caie/igcse/geography-0460/2025-may-june/0460_s25_qp_42.pdf,Question Banks/Cambridge Curricula/IGCSE/Geography (0460)/2025/May-June (Variant 2),0460_s25_qp_42.pdf,,http,,QPQuestion Paper 4 (v2),https://pastpapers.co/caie/igcse/geography-0460/2025-may-june/0460_s25_qp_12.pdf
https://pastpapers.co/caie/igcse/geography-0460/2025-may-june/0460_s25_qp_43.pdf,Question Banks/Cambridge Curricula/IGCSE/Geography (0460)/2025/May-June (Variant 3),0460_s25_qp_43.pdf,,http,,QPQuestion Paper 4 (v3),https://pastpapers.co/caie/igcse/geography-0460/2025-may-june/0460_s25_qp_12.pdf
https://pastpapers.co/caie/igcse/geography-0460/2020-oct-nov/0460_w20_qp_11.pdf,Question Banks/Cambridge Curricula/IGCSE/Geography (0460)/2020/Oct-Nov (Variant 1),0460_w20_qp_11.pdf,,http,,QPQuestion Paper 1 (v1),https://pastpapers.co/caie/igcse/geography-0460/2020-oct-nov/0460_w20_qp_12.pdf
https://pastpapers.co/api/file/caie/igcse/geography-0460/2020-oct-nov/0460_w20_qp_12.pdf,Question Banks/Cambridge Curricula/IGCSE/Geography (0460)/2020/Oct-Nov (Variant 2),0460_w20_qp_12.pdf,,http,https://pastpapers.co/api/file/caie/igcse/geography-0460/2020-oct-nov/0460_w20_qp_12.pdf?download=1,,https://pastpapers.co/caie/igcse/geography-0460/2020-oct-nov/0460_w20_qp_12.pdf
https://pastpapers.co/caie/igcse/geography-0460/2020-oct-nov/0460_w20_qp_13.pdf,Question Banks/Cambridge Curricula/IGCSE/Geography (0460)/2020/Oct-Nov (Variant 3),0460_w20_qp_13.pdf,,http,,QPQuestion Paper 1 (v3),https://pastpapers.co/caie/igcse/geography-0460/2020-oct-nov/0460_w20_qp_12.pdf
https://pastpapers.co/caie/igcse/geography-0460/2020-oct-nov/0460_w20_qp_21.pdf,Question Banks/Cambridge Curricula/IGCSE/Geography (0460)/2020/Oct-Nov (Variant 1),0460_w20_qp_21.pdf,,http,,QPQuestion Paper 2 (v1),https://pastpapers.co/caie/igcse/geography-0460/2020-oct-nov/0460_w20_qp_12.pdf
https://pastpapers.co/caie/igcse/geography-0460/2020-oct-nov/0460_w20_qp_22.pdf,Question Banks/Cambridge Curricula/IGCSE/Geography (0460)/2020/Oct-Nov (Variant 2),0460_w20_qp_22.pdf,,http,,QPQuestion Paper 2 (v2),https://pastpapers.co/caie/igcse/geography-0460/2020-oct-nov/0460_w20_qp_12.pdf
https://pastpapers.co/caie/igcse/geography-0460/2020-oct-nov/0460_w20_qp_23.pdf,Question Banks/Cambridge Curricula/IGCSE/Geography (0460)/2020/Oct-Nov (Variant 3),0460_w20_qp_23.pdf,,http,,QPQuestion Paper 2 (v3),https://pastpapers.co/caie/igcse/geography-0460/2020-oct-nov/0460_w20_qp_12.pdf
https://pastpapers.co/caie/igcse/geography-0460/2020-oct-nov/0460_w20_qp_41.pdf,Question Banks/Cambridge Curricula/IGCSE/Geography (0460)/2020/Oct-Nov (Variant 1),0460_w20_qp_41.pdf,,http,,QPQuestion Paper 4 (v1),https://pastpapers.co/caie/igcse/geography-0460/2020-oct-nov/0460_w20_qp_12.pdf
https://pastpapers.co/caie/igcse/geography-0460/2020-oct-nov/0460_w20_qp_42.pdf,Question Banks/Cambridge Curricula/IGCSE/Geography (0460)/2020/Oct-Nov (Variant 2),0460_w20_qp_42.pdf,,http,,QPQuestion Paper 4 (v2),https://pastpapers.co/caie/igcse/geography-0460/2020-oct-nov/0460_w20_qp_12.pdf
https://pastpapers.co/caie/igcse/geography-0460/2020-oct-nov/0460_w20_qp_43.pdf,Question Banks/Cambridge Curricula/IGCSE/Geography (0460)/2020/Oct-Nov (Variant 3),0460_w20_qp_43.pdf,,http,,QPQuestion Paper 4 (v3),https://pastpapers.co/caie/igcse/geography-0460/2020-oct-nov/0460_w20_qp_12.pdf
https://pastpapers.co/caie/igcse/geography-0460/2021-oct-nov/0460_w21_qp_11.pdf,Question Banks/Cambridge Curricula/IGCSE/Geography (0460)/2021/Oct-Nov (Variant 1),0460_w21_qp_11.pdf,,http,,QPQuestion Paper 1 (v1),https://pastpapers.co/caie/igcse/geography-0460/2021-oct-nov/0460_w21_qp_12.pdf
https://pastpapers.co/api/file/caie/igcse/geography-0460/2021-oct-nov/0460_w21_qp_12.pdf,Question Banks/Cambridge Curricula/IGCSE/Geography (0460)/2021/Oct-Nov (Variant 2),0460_w21_qp_12.pdf,,http,https://pastpapers.co/api/file/caie/igcse/geography-0460/2021-oct-nov/0460_w21_qp_12.pdf?download=1,,https://pastpapers.co/caie/igcse/geography-0460/2021-oct-nov/0460_w21_qp_12.pdf
https://pastpapers.co/caie/igcse/geography-0460/2021-oct-nov/0460_w21_qp_13.pdf,Question Banks/Cambridge Curricula/IGCSE/Geography (0460)/2021/Oct-Nov (Variant 3),0460_w21_qp_13.pdf,,http,,QPQuestion Paper 1 (v3),https://pastpapers.co/caie/igcse/geography-0460/2021-oct-nov/0460_w21_qp_12.pdf
https://pastpapers.co/caie/igcse/geography-0460/2021-oct-nov/0460_w21_qp_21.pdf,Question Banks/Cambridge Curricula/IGCSE/Geography (0460)/2021/Oct-Nov (Variant 1),0460_w21_qp_21.pdf,,http,,QPQuestion Paper 2 (v1),https://pastpapers.co/caie/igcse/geography-0460/2021-oct-nov/0460_w21_qp_12.pdf
https://pastpapers.co/caie/igcse/geography-0460/2021-oct-nov/0460_w21_qp_22.pdf,Question Banks/Cambridge Curricula/IGCSE/Geography (0460)/2021/Oct-Nov (Variant 2),0460_w21_qp_22.pdf,,http,,QPQuestion Paper 2 (v2),https://pastpapers.co/caie/igcse/geography-0460/2021-oct-nov/0460_w21_qp_12.pdf
https://pastpapers.co/caie/igcse/geography-0460/2021-oct-nov/0460_w21_qp_23.pdf,Question Banks/Cambridge Curricula/IGCSE/Geography (0460)/2021/Oct-Nov (Variant 3),0460_w21_qp_23.pdf,,http,,QPQuestion Paper 2 (v3),https://pastpapers.co/caie/igcse/geography-0460/2021-oct-nov/0460_w21_qp_12.pdf
https://pastpapers.co/caie/igcse/geography-0460/2021-oct-nov/0460_w21_qp_41.pdf,Question Banks/Cambridge Curricula/IGCSE/Geography (0460)/2021/Oct-Nov (Variant 1),0460_w21_qp_41.pdf,,http,,QPQuestion Paper 4 (v1),https://pastpapers.co/caie/igcse/geography-0460/2021-oct-nov/0460_w21_qp_12.pdf
https://pastpapers.co/caie/igcse/geography-0460/2021-oct-nov/0460_w21_qp_42.pdf,Question Banks/Cambridge Curricula/IGCSE/Geography (0460)/2021/Oct-Nov (Variant 2),0460_w21_qp_42.pdf,,http,,QPQuestion Paper 4 (v2),https://pastpapers.co/caie/igcse/geography-0460/2021-oct-nov/0460_w21_qp_12.pdf
https://pastpapers.co/caie/igcse/geography-0460/2021-oct-nov/0460_w21_qp_43.pdf,Question Banks/Cambridge Curricula/IGCSE/Geography (0460)/2021/Oct-Nov (Variant 3),0460_w21_qp_43.pdf,,http,,QPQuestion Paper 4 (v3),https://pastpapers.co/caie/igcse/geography-0460/2021-oct-nov/0460_w21_qp_12.pdf
https://pastpapers.co/caie/igcse/geography-0460/2022-oct-nov/0460_w22_qp_11.pdf,Question Banks/Cambridge Curricula/IGCSE/Geography (0460)/2022/Oct-Nov (Variant 1),0460_w22_qp_11.pdf,,http,,QPQuestion Paper 1 (v1),https://pastpapers.co/caie/igcse/geography-0460/2022-oct-nov/0460_w22_qp_12.pdf
https://pastpapers.co/api/file/caie/igcse/geography-0460/2022-oct-nov/0460_w22_qp_12.pdf,Question Banks/Cambridge Curricula/IGCSE/Geography (0460)/2022/Oct-Nov (Variant 2),0460_w22_qp_12.pdf,,http,https://pastpapers.co/api/file/caie/igcse/geography-0460/2022-oct-nov/0460_w22_qp_12.pdf?download=1,,https://pastpapers.co/caie/igcse/geography-0460/2022-oct-nov/0460_w22_qp_12.pdf
https://pastpapers.co/caie/igcse/geography-0460/2022-oct-nov/0460_w22_qp_13.pdf,Question Banks/Cambridge Curricula/IGCSE/Geography (0460)/2022/Oct-Nov (Variant 3),0460_w22_qp_13.pdf,,http,,QPQuestion Paper 1 (v3),https://pastpapers.co/caie/igcse/geography-0460/2022-oct-nov/0460_w22_qp_12.pdf
https://pastpapers.co/caie/igcse/geography-0460/2022-oct-nov/0460_w22_qp_21.pdf,Question Banks/Cambridge Curricula/IGCSE/Geography (0460)/2022/Oct-Nov (Variant 1),0460_w22_qp_21.pdf,,http,,QPQuestion Paper 2 (v1),https://pastpapers.co/caie/igcse/geography-0460/2022-oct-nov/0460_w22_qp_12.pdf
https://pastpapers.co/caie/igcse/geography-0460/2022-oct-nov/0460_w22_qp_22.pdf,Question Banks/Cambridge Curricula/IGCSE/Geography (0460)/2022/Oct-Nov (Variant 2),0460_w22_qp_22.pdf,,http,,QPQuestion Paper 2 (v2),https://pastpapers.co/caie/igcse/geography-0460/2022-oct-nov/0460_w22_qp_12.pdf
https://pastpapers.co/caie/igcse/geography-0460/2022-oct-nov/0460_w22_qp_23.pdf,Question Banks/Cambridge Curricula/IGCSE/Geography (0460)/2022/Oct-Nov (Variant 3),0460_w22_qp_23.pdf,,http,,QPQuestion Paper 2 (v3),https://pastpapers.co/caie/igcse/geography-0460/2022-oct-nov/0460_w22_qp_12.pdf
https://pastpapers.co/caie/igcse/geography-0460/2022-oct-nov/0460_w22_qp_41.pdf,Question Banks/Cambridge Curricula/IGCSE/Geography (0460)/2022/Oct-Nov (Variant 1),0460_w22_qp_41.pdf,,http,,QPQuestion Paper 4 (v1),https://pastpapers.co/caie/igcse/geography-0460/2022-oct-nov/0460_w22_qp_12.pdf
https://pastpapers.co/caie/igcse/geography-0460/2022-oct-nov/0460_w22_qp_42.pdf,Question Banks/Cambridge Curricula/IGCSE/Geography (0460)/2022/Oct-Nov (Variant 2),0460_w22_qp_42.pdf,,http,,QPQuestion Paper 4 (v2),https://pastpapers.co/caie/igcse/geography-0460/2022-oct-nov/0460_w22_qp_12.pdf
https://pastpapers.co/caie/igcse/geography-0460/2022-oct-nov/0460_w22_qp_43.pdf,Question Banks/Cambridge Curricula/IGCSE/Geography (0460)/2022/Oct-Nov (Variant 3),0460_w22_qp_43.pdf,,http,,QPQuestion Paper 4 (v3),https://pastpapers.co/caie/igcse/geography-0460/2022-oct-nov/0460_w22_qp_12.pdf
https://pastpapers.co/caie/igcse/geography-0460/2023-oct-nov/0460_w23_qp_11.pdf,Question Banks/Cambridge Curricula/IGCSE/Geography (0460)/2023/Oct-Nov (Variant 1),0460_w23_qp_11.pdf,,http,,QPQuestion Paper 1 (v1),https://pastpapers.co/caie/igcse/geography-0460/2023-oct-nov/0460_w23_qp_12.pdf
https://pastpapers.co/api/file/caie/igcse/geography-0460/2023-oct-nov/0460_w23_qp_12.pdf,Question Banks/Cambridge Curricula/IGCSE/Geography (0460)/2023/Oct-Nov (Variant 2),0460_w23_qp_12.pdf,,http,https://pastpapers.co/api/file/caie/igcse/geography-0460/2023-oct-nov/0460_w23_qp_12.pdf?download=1,,https://pastpapers.co/caie/igcse/geography-0460/2023-oct-nov/0460_w23_qp_12.pdf
https://pastpapers.co/caie/igcse/geography-0460/2023-oct-nov/0460_w23_qp_13.pdf,Question Banks/Cambridge Curricula/IGCSE/Geography (0460)/2023/Oct-Nov (Variant 3),0460_w23_qp_13.pdf,,http,,QPQuestion Paper 1 (v3),https://pastpapers.co/caie/igcse/geography-0460/2023-oct-nov/0460_w23_qp_12.pdf
https://pastpapers.co/caie/igcse/geography-0460/2023-oct-nov/0460_w23_qp_21.pdf,Question Banks/Cambridge Curricula/IGCSE/Geography (0460)/2023/Oct-Nov (Variant 1),0460_w23_qp_21.pdf,,http,,QPQuestion Paper 2 (v1),https://pastpapers.co/caie/igcse/geography-0460/2023-oct-nov/0460_w23_qp_12.pdf
https://pastpapers.co/caie/igcse/geography-0460/2023-oct-nov/0460_w23_qp_22.pdf,Question Banks/Cambridge Curricula/IGCSE/Geography (0460)/2023/Oct-Nov (Variant 2),0460_w23_qp_22.pdf,,http,,QPQuestion Paper 2 (v2),https://pastpapers.co/caie/igcse/geography-0460/2023-oct-nov/0460_w23_qp_12.pdf
https://pastpapers.co/caie/igcse/geography-0460/2023-oct-nov/0460_w23_qp_23.pdf,Question Banks/Cambridge Curricula/IGCSE/Geography (0460)/2023/Oct-Nov (Variant 3),0460_w23_qp_23.pdf,,http,,QPQuestion Paper 2 (v3),https://pastpapers.co/caie/igcse/geography-0460/2023-oct-nov/0460_w23_qp_12.pdf
https://pastpapers.co/caie/igcse/geography-0460/2023-oct-nov/0460_w23_qp_41.pdf,Question Banks/Cambridge Curricula/IGCSE/Geography (0460)/2023/Oct-Nov (Variant 1),0460_w23_qp_41.pdf,,http,,QPQuestion Paper 4 (v1),https://pastpapers.co/caie/igcse/geography-0460/2023-oct-nov/0460_w23_qp_12.pdf
https://pastpapers.co/caie/igcse/geography-0460/2023-oct-nov/0460_w23_qp_42.pdf,Question Banks/Cambridge Curricula/IGCSE/Geography (0460)/2023/Oct-Nov (Variant 2),0460_w23_qp_42.pdf,,http,,QPQuestion Paper 4 (v2),https://pastpapers.co/caie/igcse/geography-0460/2023-oct-nov/0460_w23_qp_12.pdf
https://pastpapers.co/caie/igcse/geography-0460/2023-oct-nov/0460_w23_qp_43.pdf,Question Banks/Cambridge Curricula/IGCSE/Geography (0460)/2023/Oct-Nov (Variant 3),0460_w23_qp_43.pdf,,http,,QPQuestion Paper 4 (v3),https://pastpapers.co/caie/igcse/geography-0460/2023-oct-nov/0460_w23_qp_12.pdf
https://pastpapers.co/caie/igcse/geography-0460/2024-oct-nov/0460_w24_qp_11.pdf,Question Banks/Cambridge Curricula/IGCSE/Geography (0460)/2024/Oct-Nov (Variant 1),0460_w24_qp_11.pdf,,http,,QPQuestion Paper 1 (v1),https://pastpapers.co/caie/igcse/geography-0460/2024-oct-nov/0460_w24_qp_12.pdf
https://pastpapers.co/api/file/caie/igcse/geography-0460/2024-oct-nov/0460_w24_qp_12.pdf,Question Banks/Cambridge Curricula/IGCSE/Geography (0460)/2024/Oct-Nov (Variant 2),0460_w24_qp_12.pdf,,http,https://pastpapers.co/api/file/caie/igcse/geography-0460/2024-oct-nov/0460_w24_qp_12.pdf?download=1,,https://pastpapers.co/caie/igcse/geography-0460/2024-oct-nov/0460_w24_qp_12.pdf
https://pastpapers.co/caie/igcse/geography-0460/2024-oct-nov/0460_w24_qp_13.pdf,Question Banks/Cambridge Curricula/IGCSE/Geography (0460)/2024/Oct-Nov (Variant 3),0460_w24_qp_13.pdf,,http,,QPQuestion Paper 1 (v3),https://pastpapers.co/caie/igcse/geography-0460/2024-oct-nov/0460_w24_qp_12.pdf
https://pastpapers.co/caie/igcse/geography-0460/2024-oct-nov/0460_w24_qp_21.pdf,Question Banks/Cambridge Curricula/IGCSE/Geography (0460)/2024/Oct-Nov (Variant 1),0460_w24_qp_21.pdf,,http,,QPQuestion Paper 2 (v1),https://pastpapers.co/caie/igcse/geography-0460/2024-oct-nov/0460_w24_qp_12.pdf
https://pastpapers.co/caie/igcse/geography-0460/2024-oct-nov/0460_w24_qp_22.pdf,Question Banks/Cambridge Curricula/IGCSE/Geography (0460)/2024/Oct-Nov (Variant 2),0460_w24_qp_22.pdf,,http,,QPQuestion Paper 2 (v2),https://pastpapers.co/caie/igcse/geography-0460/2024-oct-nov/0460_w24_qp_12.pdf
https://pastpapers.co/caie/igcse/geography-0460/2024-oct-nov/0460_w24_qp_23.pdf,Question Banks/Cambridge Curricula/IGCSE/Geography (0460)/2024/Oct-Nov (Variant 3),0460_w24_qp_23.pdf,,http,,QPQuestion Paper 2 (v3),https://pastpapers.co/caie/igcse/geography-0460/2024-oct-nov/0460_w24_qp_12.pdf
https://pastpapers.co/caie/igcse/geography-0460/2024-oct-nov/0460_w24_qp_41.pdf,Question Banks/Cambridge Curricula/IGCSE/Geography (0460)/2024/Oct-Nov (Variant 1),0460_w24_qp_41.pdf,,http,,QPQuestion Paper 4 (v1),https://pastpapers.co/caie/igcse/geography-0460/2024-oct-nov/0460_w24_qp_12.pdf
https://pastpapers.co/caie/igcse/geography-0460/2024-oct-nov/0460_w24_qp_42.pdf,Question Banks/Cambridge Curricula/IGCSE/Geography (0460)/2024/Oct-Nov (Variant 2),0460_w24_qp_42.pdf,,http,,QPQuestion Paper 4 (v2),https://pastpapers.co/caie/igcse/geography-0460/2024-oct-nov/0460_w24_qp_12.pdf
https://pastpapers.co/caie/igcse/geography-0460/2024-oct-nov/0460_w24_qp_43.pdf,Question Banks/Cambridge Curricula/IGCSE/Geography (0460)/2024/Oct-Nov (Variant 3),0460_w24_qp_43.pdf,,http,,QPQuestion Paper 4 (v3),https://pastpapers.co/caie/igcse/geography-0460/2024-oct-nov/0460_w24_qp_12.pdf
https://pastpapers.co/caie/igcse/geography-0460/2025-oct-nov/0460_w25_qp_11.pdf,Question Banks/Cambridge Curricula/IGCSE/Geography (0460)/2025/Oct-Nov (Variant 1),0460_w25_qp_11.pdf,,http,,QPQuestion Paper 1 (v1),https://pastpapers.co/caie/igcse/geography-0460/2025-oct-nov/0460_w25_qp_12.pdf
https://pastpapers.co/api/file/caie/igcse/geography-0460/2025-oct-nov/0460_w25_qp_12.pdf,Question Banks/Cambridge Curricula/IGCSE/Geography (0460)/2025/Oct-Nov (Variant 2),0460_w25_qp_12.pdf,,http,https://pastpapers.co/api/file/caie/igcse/geography-0460/2025-oct-nov/0460_w25_qp_12.pdf?download=1,,https://pastpapers.co/caie/igcse/geography-0460/2025-oct-nov/0460_w25_qp_12.pdf
https://pastpapers.co/caie/igcse/geography-0460/2025-oct-nov/0460_w25_qp_13.pdf,Question Banks/Cambridge Curricula/IGCSE/Geography (0460)/2025/Oct-Nov (Variant 3),0460_w25_qp_13.pdf,,http,,QPQuestion Paper 1 (v3),https://pastpapers.co/caie/igcse/geography-0460/2025-oct-nov/0460_w25_qp_12.pdf
https://pastpapers.co/caie/igcse/geography-0460/2025-oct-nov/0460_w25_qp_21.pdf,Question Banks/Cambridge Curricula/IGCSE/Geography (0460)/2025/Oct-Nov (Variant 1),0460_w25_qp_21.pdf,,http,,QPQuestion Paper 2 (v1),https://pastpapers.co/caie/igcse/geography-0460/2025-oct-nov/0460_w25_qp_12.pdf
https://pastpapers.co/caie/igcse/geography-0460/2025-oct-nov/0460_w25_qp_22.pdf,Question Banks/Cambridge Curricula/IGCSE/Geography (0460)/2025/Oct-Nov (Variant 2),0460_w25_qp_22.pdf,,http,,QPQuestion Paper 2 (v2),https://pastpapers.co/caie/igcse/geography-0460/2025-oct-nov/0460_w25_qp_12.pdf
https://pastpapers.co/caie/igcse/geography-0460/2025-oct-nov/0460_w25_qp_23.pdf,Question Banks/Cambridge Curricula/IGCSE/Geography (0460)/2025/Oct-Nov (Variant 3),0460_w25_qp_23.pdf,,http,,QPQuestion Paper 2 (v3),https://pastpapers.co/caie/igcse/geography-0460/2025-oct-nov/0460_w25_qp_12.pdf
https://pastpapers.co/caie/igcse/geography-0460/2025-oct-nov/0460_w25_qp_41.pdf,Question Banks/Cambridge Curricula/IGCSE/Geography (0460)/2025/Oct-Nov (Variant 1),0460_w25_qp_41.pdf,,http,,QPQuestion Paper 4 (v1),https://pastpapers.co/caie/igcse/geography-0460/2025-oct-nov/0460_w25_qp_12.pdf
https://pastpapers.co/caie/igcse/geography-0460/2025-oct-nov/0460_w25_qp_42.pdf,Question Banks/Cambridge Curricula/IGCSE/Geography (0460)/2025/Oct-Nov (Variant 2),0460_w25_qp_42.pdf,,http,,QPQuestion Paper 4 (v2),https://pastpapers.co/caie/igcse/geography-0460/2025-oct-nov/0460_w25_qp_12.pdf
https://pastpapers.co/caie/igcse/geography-0460/2025-oct-nov/0460_w25_qp_43.pdf,Question Banks/Cambridge Curricula/IGCSE/Geography (0460)/2025/Oct-Nov (Variant 3),0460_w25_qp_43.pdf,,http,,QPQuestion Paper 4 (v3),https://pastpapers.co/caie/igcse/geography-0460/2025-oct-nov/0460_w25_qp_12.pdf
https://pastpapers.co/caie/igcse/geography-0460/2020-march/0460_m20_i2_22.pdf,Question Banks/Cambridge Curricula/IGCSE/Geography (0460)/2020/March (Variant 2),0460_m20_i2_22.pdf,,http,,DOC0460_m20_i2_22,https://pastpapers.co/caie/igcse/geography-0460/2020-march/0460_m20_qp_12.pdf
https://pastpapers.co/caie/igcse/geography-0460/2020-march/0460_m20_in_12.pdf,Question Banks/Cambridge Curricula/IGCSE/Geography (0460)/2020/March (Variant 2),0460_m20_in_12.pdf,,http,,INInsert 1 (v2),https://pastpapers.co/caie/igcse/geography-0460/2020-march/0460_m20_qp_12.pdf
https://pastpapers.co/caie/igcse/geography-0460/2020-march/0460_m20_in_22.pdf,Question Banks/Cambridge Curricula/IGCSE/Geography (0460)/2020/March (Variant 2),0460_m20_in_22.pdf,,http,,INInsert 2 (v2),https://pastpapers.co/caie/igcse/geography-0460/2020-march/0460_m20_qp_12.pdf
https://pastpapers.co/caie/igcse/geography-0460/2020-march/0460_m20_in_42.pdf,Question Banks/Cambridge Curricula/IGCSE/Geography (0460)/2020/March (Variant 2),0460_m20_in_42.pdf,,http,,INInsert 4 (v2),https://pastpapers.co/caie/igcse/geography-0460/2020-march/0460_m20_qp_12.pdf
https://pastpapers.co/caie/igcse/geography-0460/2021-march/0460_m21_i2_22.pdf,Question Banks/Cambridge Curricula/IGCSE/Geography (0460)/2021/March (Variant 2),0460_m21_i2_22.pdf,,http,,DOC0460_m21_i2_22,https://pastpapers.co/caie/igcse/geography-0460/2021-march/0460_m21_qp_12.pdf
https://pastpapers.co/caie/igcse/geography-0460/2021-march/0460_m21_in_12.pdf,Question Banks/Cambridge Curricula/IGCSE/Geography (0460)/2021/March (Variant 2),0460_m21_in_12.pdf,,http,,INInsert 1 (v2),https://pastpapers.co/caie/igcse/geography-0460/2021-march/0460_m21_qp_12.pdf
https://pastpapers.co/caie/igcse/geography-0460/2021-march/0460_m21_in_22.pdf,Question Banks/Cambridge Curricula/IGCSE/Geography (0460)/2021/March (Variant 2),0460_m21_in_22.pdf,,http,,INInsert 2 (v2),https://pastpapers.co/caie/igcse/geography-0460/2021-march/0460_m21_qp_12.pdf
https://pastpapers.co/caie/igcse/geography-0460/2021-march/0460_m21_in_42.pdf,Question Banks/Cambridge Curricula/IGCSE/Geography (0460)/2021/March (Variant 2),0460_m21_in_42.pdf,,http,,INInsert 4 (v2),https://pastpapers.co/caie/igcse/geography-0460/2021-march/0460_m21_qp_12.pdf
https://pastpapers.co/caie/igcse/geography-0460/2023-march/0460_m23_i2_22.pdf,Question Banks/Cambridge Curricula/IGCSE/Geography (0460)/2023/March (Variant 2),0460_m23_i2_22.pdf,,http,,DOC0460_m23_i2_22,https://pastpapers.co/caie/igcse/geography-0460/2023-march/0460_m23_qp_12.pdf
https://pastpapers.co/caie/igcse/geography-0460/2023-march/0460_m23_in_12.pdf,Question Banks/Cambridge Curricula/IGCSE/Geography (0460)/2023/March (Variant 2),0460_m23_in_12.pdf,,http,,INInsert 1 (v2),https://pastpapers.co/caie/igcse/geography-0460/2023-march/0460_m23_qp_12.pdf
https://pastpapers.co/caie/igcse/geography-0460/2023-march/0460_m23_in_22.pdf,Question Banks/Cambridge Curricula/IGCSE/Geography (0460)/2023/March (Variant 2),0460_m23_in_22.pdf,,http,,INInsert 2 (v2),https://pastpapers.co/caie/igcse/geography-0460/2023-march/0460_m23_qp_12.pdf
https://pastpapers.co/caie/igcse/geography-0460/2023-march/0460_m23_in_42.pdf,Question Banks/Cambridge Curricula/IGCSE/Geography (0460)/2023/March (Variant 2),0460_m23_in_42.pdf,,http,,INInsert 4 (v2),https://pastpapers.co/caie/igcse/geography-0460/2023-march/0460_m23_qp_12.pdf
https://pastpapers.co/caie/igcse/geography-0460/2024-march/0460_m24_i2_22.pdf,Question Banks/Cambridge Curricula/IGCSE/Geography (0460)/2024/March (Variant 2),0460_m24_i2_22.pdf,,http,,DOC0460_m24_i2_22,https://pastpapers.co/caie/igcse/geography-0460/2024-march/0460_m24_qp_12.pdf
https://pastpapers.co/caie/igcse/geography-0460/2024-march/0460_m24_in_12.pdf,Question Banks/Cambridge Curricula/IGCSE/Geography (0460)/2024/March (Variant 2),0460_m24_in_12.pdf,,http,,INInsert 1 (v2),https://pastpapers.co/caie/igcse/geography-0460/2024-march/0460_m24_qp_12.pdf
https://pastpapers.co/caie/igcse/geography-0460/2024-march/0460_m24_in_22.pdf,Question Banks/Cambridge Curricula/IGCSE/Geography (0460)/2024/March (Variant 2),0460_m24_in_22.pdf,,http,,INInsert 2 (v2),https://pastpapers.co/caie/igcse/geography-0460/2024-march/0460_m24_qp_12.pdf
https://pastpapers.co/caie/igcse/geography-0460/2024-march/0460_m24_in_42.pdf,Question Banks/Cambridge Curricula/IGCSE/Geography (0460)/2024/March (Variant 2),0460_m24_in_42.pdf,,http,,INInsert 4 (v2),https://pastpapers.co/caie/igcse/geography-0460/2024-march/0460_m24_qp_12.pdf
https://pastpapers.co/caie/igcse/geography-0460/2025-march/0460_m25_i2_22.pdf,Question Banks/Cambridge Curricula/IGCSE/Geography (0460)/2025/March (Variant 2),0460_m25_i2_22.pdf,,http,,DOC0460_m25_i2_22,https://pastpapers.co/caie/igcse/geography-0460/2025-march/0460_m25_qp_12.pdf
https://pastpapers.co/caie/igcse/geography-0460/2025-march/0460_m25_in_12.pdf,Question Banks/Cambridge Curricula/IGCSE/Geography (0460)/2025/March (Variant 2),0460_m25_in_12.pdf,,http,,INInsert 1 (v2),https://pastpapers.co/caie/igcse/geography-0460/2025-march/0460_m25_qp_12.pdf
https://pastpapers.co/caie/igcse/geography-0460/2025-march/0460_m25_in_22.pdf,Question Banks/Cambridge Curricula/IGCSE/Geography (0460)/2025/March (Variant 2),0460_m25_in_22.pdf,,http,,INInsert 2 (v2),https://pastpapers.co/caie/igcse/geography-0460/2025-march/0460_m25_qp_12.pdf
https://pastpapers.co/caie/igcse/geography-0460/2025-march/0460_m25_in_42.pdf,Question Banks/Cambridge Curricula/IGCSE/Geography (0460)/2025/March (Variant 2),0460_m25_in_42.pdf,,http,,INInsert 4 (v2),https://pastpapers.co/caie/igcse/geography-0460/2025-march/0460_m25_qp_12.pdf
https://pastpapers.co/caie/igcse/geography-0460/2020-may-june/0460_s20_i2_21.pdf,Question Banks/Cambridge Curricula/IGCSE/Geography (0460)/2020/May-June (Variant 1),0460_s20_i2_21.pdf,,http,,DOC0460_s20_i2_21,https://pastpapers.co/caie/igcse/geography-0460/2020-may-june/0460_s20_qp_12.pdf
https://pastpapers.co/caie/igcse/geography-0460/2020-may-june/0460_s20_i2_22.pdf,Question Banks/Cambridge Curricula/IGCSE/Geography (0460)/2020/May-June (Variant 2),0460_s20_i2_22.pdf,,http,,DOC0460_s20_i2_22,https://pastpapers.co/caie/igcse/geography-0460/2020-may-june/0460_s20_qp_12.pdf
https://pastpapers.co/caie/igcse/geography-0460/2020-may-june/0460_s20_i2_23.pdf,Question Banks/Cambridge Curricula/IGCSE/Geography (0460)/2020/May-June (Variant 3),0460_s20_i2_23.pdf,,http,,DOC0460_s20_i2_23,https://pastpapers.co/caie/igcse/geography-0460/2020-may-june/0460_s20_qp_12.pdf
https://pastpapers.co/caie/igcse/geography-0460/2020-may-june/0460_s20_in_11.pdf,Question Banks/Cambridge Curricula/IGCSE/Geography (0460)/2020/May-June (Variant 1),0460_s20_in_11.pdf,,http,,INInsert 1 (v1),https://pastpapers.co/caie/igcse/geography-0460/2020-may-june/0460_s20_qp_12.pdf
https://pastpapers.co/caie/igcse/geography-0460/2020-may-june/0460_s20_in_12.pdf,Question Banks/Cambridge Curricula/IGCSE/Geography (0460)/2020/May-June (Variant 2),0460_s20_in_12.pdf,,http,,INInsert 1 (v2),https://pastpapers.co/caie/igcse/geography-0460/2020-may-june/0460_s20_qp_12.pdf
https://pastpapers.co/caie/igcse/geography-0460/2020-may-june/0460_s20_in_13.pdf,Question Banks/Cambridge Curricula/IGCSE/Geography (0460)/2020/May-June (Variant 3),0460_s20_in_13.pdf,,http,,INInsert 1 (v3),https://pastpapers.co/caie/igcse/geography-0460/2020-may-june/0460_s20_qp_12.pdf
https://pastpapers.co/caie/igcse/geography-0460/2020-may-june/0460_s20_in_21.pdf,Question Banks/Cambridge Curricula/IGCSE/Geography (0460)/2020/May-June (Variant 1),0460_s20_in_21.pdf,,http,,INInsert 2 (v1),https://pastpapers.co/caie/igcse/geography-0460/2020-may-june/0460_s20_qp_12.pdf
https://pastpapers.co/caie/igcse/geography-0460/2020-may-june/0460_s20_in_22.pdf,Question Banks/Cambridge Curricula/IGCSE/Geography (0460)/2020/May-June (Variant 2),0460_s20_in_22.pdf,,http,,INInsert 2 (v2),https://pastpapers.co/caie/igcse/geography-0460/2020-may-june/0460_s20_qp_12.pdf
https://pastpapers.co/caie/igcse/geography-0460/2020-may-june/0460_s20_in_23.pdf,Question Banks/Cambridge Curricula/IGCSE/Geography (0460)/2020/May-June (Variant 3),0460_s20_in_23.pdf,,http,,INInsert 2 (v3),https://pastpapers.co/caie/igcse/geography-0460/2020-may-june/0460_s20_qp_12.pdf
https://pastpapers.co/caie/igcse/geography-0460/2020-may-june/0460_s20_in_41.pdf,Question Banks/Cambridge Curricula/IGCSE/Geography (0460)/2020/May-June (Variant 1),0460_s20_in_41.pdf,,http,,INInsert 4 (v1),https://pastpapers.co/caie/igcse/geography-0460/2020-may-june/0460_s20_qp_12.pdf
https://pastpapers.co/caie/igcse/geography-0460/2020-may-june/0460_s20_in_42.pdf,Question Banks/Cambridge Curricula/IGCSE/Geography (0460)/2020/May-June (Variant 2),0460_s20_in_42.pdf,,http,,INInsert 4 (v2),https://pastpapers.co/caie/igcse/geography-0460/2020-may-june/0460_s20_qp_12.pdf
https://pastpapers.co/caie/igcse/geography-0460/2020-may-june/0460_s20_in_43.pdf,Question Banks/Cambridge Curricula/IGCSE/Geography (0460)/2020/May-June (Variant 3),0460_s20_in_43.pdf,,http,,INInsert 4 (v3),https://pastpapers.co/caie/igcse/geography-0460/2020-may-june/0460_s20_qp_12.pdf
https://pastpapers.co/caie/igcse/geography-0460/2021-may-june/0460_s21_i2_21.pdf,Question Banks/Cambridge Curricula/IGCSE/Geography (0460)/2021/May-June (Variant 1),0460_s21_i2_21.pdf,,http,,DOC0460_s21_i2_21,https://pastpapers.co/caie/igcse/geography-0460/2021-may-june/0460_s21_qp_12.pdf
https://pastpapers.co/caie/igcse/geography-0460/2021-may-june/0460_s21_i2_22.pdf,Question Banks/Cambridge Curricula/IGCSE/Geography (0460)/2021/May-June (Variant 2),0460_s21_i2_22.pdf,,http,,DOC0460_s21_i2_22,https://pastpapers.co/caie/igcse/geography-0460/2021-may-june/0460_s21_qp_12.pdf
https://pastpapers.co/caie/igcse/geography-0460/2021-may-june/0460_s21_i2_23.pdf,Question Banks/Cambridge Curricula/IGCSE/Geography (0460)/2021/May-June (Variant 3),0460_s21_i2_23.pdf,,http,,DOC0460_s21_i2_23,https://pastpapers.co/caie/igcse/geography-0460/2021-may-june/0460_s21_qp_12.pdf
https://pastpapers.co/caie/igcse/geography-0460/2021-may-june/0460_s21_in_11.pdf,Question Banks/Cambridge Curricula/IGCSE/Geography (0460)/2021/May-June (Variant 1),0460_s21_in_11.pdf,,http,,INInsert 1 (v1),https://pastpapers.co/caie/igcse/geography-0460/2021-may-june/0460_s21_qp_12.pdf
https://pastpapers.co/caie/igcse/geography-0460/2021-may-june/0460_s21_in_12.pdf,Question Banks/Cambridge Curricula/IGCSE/Geography (0460)/2021/May-June (Variant 2),0460_s21_in_12.pdf,,http,,INInsert 1 (v2),https://pastpapers.co/caie/igcse/geography-0460/2021-may-june/0460_s21_qp_12.pdf
https://pastpapers.co/caie/igcse/geography-0460/2021-may-june/0460_s21_in_13.pdf,Question Banks/Cambridge Curricula/IGCSE/Geography (0460)/2021/May-June (Variant 3),0460_s21_in_13.pdf,,http,,INInsert 1 (v3),https://pastpapers.co/caie/igcse/geography-0460/2021-may-june/0460_s21_qp_12.pdf
https://pastpapers.co/caie/igcse/geography-0460/2021-may-june/0460_s21_in_21.pdf,Question Banks/Cambridge Curricula/IGCSE/Geography (0460)/2021/May-June (Variant 1),0460_s21_in_21.pdf,,http,,INInsert 2 (v1),https://pastpapers.co/caie/igcse/geography-0460/2021-may-june/0460_s21_qp_12.pdf
https://pastpapers.co/caie/igcse/geography-0460/2021-may-june/0460_s21_in_22.pdf,Question Banks/Cambridge Curricula/IGCSE/Geography (0460)/2021/May-June (Variant 2),0460_s21_in_22.pdf,,http,,INInsert 2 (v2),https://pastpapers.co/caie/igcse/geography-0460/2021-may-june/0460_s21_qp_12.pdf
https://pastpapers.co/caie/igcse/geography-0460/2021-may-june/0460_s21_in_23.pdf,Question Banks/Cambridge Curricula/IGCSE/Geography (0460)/2021/May-June (Variant 3),0460_s21_in_23.pdf,,http,,INInsert 2 (v3),https://pastpapers.co/caie/igcse/geography-0460/2021-may-june/0460_s21_qp_12.pdf
https://pastpapers.co/caie/igcse/geography-0460/2021-may-june/0460_s21_in_41.pdf,Question Banks/Cambridge Curricula/IGCSE/Geography (0460)/2021/May-June (Variant 1),0460_s21_in_41.pdf,,http,,INInsert 4 (v1),https://pastpapers.co/caie/igcse/geography-0460/2021-may-june/0460_s21_qp_12.pdf
https://pastpapers.co/caie/igcse/geography-0460/2021-may-june/0460_s21_in_42.pdf,Question Banks/Cambridge Curricula/IGCSE/Geography (0460)/2021/May-June (Variant 2),0460_s21_in_42.pdf,,http,,INInsert 4 (v2),https://pastpapers.co/caie/igcse/geography-0460/2021-may-june/0460_s21_qp_12.pdf
https://pastpapers.co/caie/igcse/geography-0460/2021-may-june/0460_s21_in_43.pdf,Question Banks/Cambridge Curricula/IGCSE/Geography (0460)/2021/May-June (Variant 3),0460_s21_in_43.pdf,,http,,INInsert 4 (v3),https://pastpapers.co/caie/igcse/geography-0460/2021-may-june/0460_s21_qp_12.pdf
https://pastpapers.co/caie/igcse/geography-0460/2022-may-june/0460_s22_i2_21.pdf,Question Banks/Cambridge Curricula/IGCSE/Geography (0460)/2022/May-June (Variant 1),0460_s22_i2_21.pdf,,http,,DOC0460_s22_i2_21,https://pastpapers.co/caie/igcse/geography-0460/2022-may-june/0460_s22_qp_12.pdf
https://pastpapers.co/caie/igcse/geography-0460/2022-may-june/0460_s22_i2_22.pdf,Question Banks/Cambridge Curricula/IGCSE/Geography (0460)/2022/May-June (Variant 2),0460_s22_i2_22.pdf,,http,,DOC0460_s22_i2_22,https://pastpapers.co/caie/igcse/geography-0460/2022-may-june/0460_s22_qp_12.pdf
https://pastpapers.co/caie/igcse/geography-0460/2022-may-june/0460_s22_i2_23.pdf,Question Banks/Cambridge Curricula/IGCSE/Geography (0460)/2022/May-June (Variant 3),0460_s22_i2_23.pdf,,http,,DOC0460_s22_i2_23,https://pastpapers.co/caie/igcse/geography-0460/2022-may-june/0460_s22_qp_12.pdf
https://pastpapers.co/caie/igcse/geography-0460/2022-may-june/0460_s22_in_11.pdf,Question Banks/Cambridge Curricula/IGCSE/Geography (0460)/2022/May-June (Variant 1),0460_s22_in_11.pdf,,http,,INInsert 1 (v1),https://pastpapers.co/caie/igcse/geography-0460/2022-may-june/0460_s22_qp_12.pdf
https://pastpapers.co/caie/igcse/geography-0460/2022-may-june/0460_s22_in_12.pdf,Question Banks/Cambridge Curricula/IGCSE/Geography (0460)/2022/May-June (Variant 2),0460_s22_in_12.pdf,,http,,INInsert 1 (v2),https://pastpapers.co/caie/igcse/geography-0460/2022-may-june/0460_s22_qp_12.pdf
https://pastpapers.co/caie/igcse/geography-0460/2022-may-june/0460_s22_in_13.pdf,Question Banks/Cambridge Curricula/IGCSE/Geography (0460)/2022/May-June (Variant 3),0460_s22_in_13.pdf,,http,,INInsert 1 (v3),https://pastpapers.co/caie/igcse/geography-0460/2022-may-june/0460_s22_qp_12.pdf
https://pastpapers.co/caie/igcse/geography-0460/2022-may-june/0460_s22_in_21.pdf,Question Banks/Cambridge Curricula/IGCSE/Geography (0460)/2022/May-June (Variant 1),0460_s22_in_21.pdf,,http,,INInsert 2 (v1),https://pastpapers.co/caie/igcse/geography-0460/2022-may-june/0460_s22_qp_12.pdf
https://pastpapers.co/caie/igcse/geography-0460/2022-may-june/0460_s22_in_22.pdf,Question Banks/Cambridge Curricula/IGCSE/Geography (0460)/2022/May-June (Variant 2),0460_s22_in_22.pdf,,http,,INInsert 2 (v2),https://pastpapers.co/caie/igcse/geography-0460/2022-may-june/0460_s22_qp_12.pdf
https://pastpapers.co/caie/igcse/geography-0460/2022-may-june/0460_s22_in_23.pdf,Question Banks/Cambridge Curricula/IGCSE/Geography (0460)/2022/May-June (Variant 3),0460_s22_in_23.pdf,,http,,INInsert 2 (v3),https://pastpapers.co/caie/igcse/geography-0460/2022-may-june/0460_s22_qp_12.pdf
https://pastpapers.co/caie/igcse/geography-0460/2022-may-june/0460_s22_in_41.pdf,Question Banks/Cambridge Curricula/IGCSE/Geography (0460)/2022/May-June (Variant 1),0460_s22_in_41.pdf,,http,,INInsert 4 (v1),https://pastpapers.co/caie/igcse/geography-0460/2022-may-june/0460_s22_qp_12.pdf
https://pastpapers.co/caie/igcse/geography-0460/2022-may-june/0460_s22_in_42.pdf,Question Banks/Cambridge Curricula/IGCSE/Geography (0460)/2022/May-June (Variant 2),0460_s22_in_42.pdf,,http,,INInsert 4 (v2),https://pastpapers.co/caie/igcse/geography-0460/2022-may-june/0460_s22_qp_12.pdf
https://pastpapers.co/caie/igcse/geography-0460/2022-may-june/0460_s22_in_43.pdf,Question Banks/Cambridge Curricula/IGCSE/Geography (0460)/2022/May-June (Variant 3),0460_s22_in_43.pdf,,http,,INInsert 4 (v3),https://pastpapers.co/caie/igcse/geography-0460/2022-may-june/0460_s22_qp_12.pdf
https://pastpapers.co/caie/igcse/geography-0460/2023-may-june/0460_s23_i2_21.pdf,Question Banks/Cambridge Curricula/IGCSE/Geography (0460)/2023/May-June (Variant 1),0460_s23_i2_21.pdf,,http,,DOC0460_s23_i2_21,https://pastpapers.co/caie/igcse/geography-0460/2023-may-june/0460_s23_qp_12.pdf
https://pastpapers.co/caie/igcse/geography-0460/2023-may-june/0460_s23_i2_22.pdf,Question Banks/Cambridge Curricula/IGCSE/Geography (0460)/2023/May-June (Variant 2),0460_s23_i2_22.pdf,,http,,DOC0460_s23_i2_22,https://pastpapers.co/caie/igcse/geography-0460/2023-may-june/0460_s23_qp_12.pdf
https://pastpapers.co/caie/igcse/geography-0460/2023-may-june/0460_s23_i2_23.pdf,Question Banks/Cambridge Curricula/IGCSE/Geography (0460)/2023/May-June (Variant 3),0460_s23_i2_23.pdf,,http,,DOC0460_s23_i2_23,https://pastpapers.co/caie/igcse/geography-0460/2023-may-june/0460_s23_qp_12.pdf
https://pastpapers.co/caie/igcse/geography-0460/2023-may-june/0460_s23_in_11.pdf,Question Banks/Cambridge Curricula/IGCSE/Geography (0460)/2023/May-June (Variant 1),0460_s23_in_11.pdf,,http,,INInsert 1 (v1),https://pastpapers.co/caie/igcse/geography-0460/2023-may-june/0460_s23_qp_12.pdf
https://pastpapers.co/caie/igcse/geography-0460/2023-may-june/0460_s23_in_12.pdf,Question Banks/Cambridge Curricula/IGCSE/Geography (0460)/2023/May-June (Variant 2),0460_s23_in_12.pdf,,http,,INInsert 1 (v2),https://pastpapers.co/caie/igcse/geography-0460/2023-may-june/0460_s23_qp_12.pdf
https://pastpapers.co/caie/igcse/geography-0460/2023-may-june/0460_s23_in_13.pdf,Question Banks/Cambridge Curricula/IGCSE/Geography (0460)/2023/May-June (Variant 3),0460_s23_in_13.pdf,,http,,INInsert 1 (v3),https://pastpapers.co/caie/igcse/geography-0460/2023-may-june/0460_s23_qp_12.pdf
https://pastpapers.co/caie/igcse/geography-0460/2023-may-june/0460_s23_in_21.pdf,Question Banks/Cambridge Curricula/IGCSE/Geography (0460)/2023/May-June (Variant 1),0460_s23_in_21.pdf,,http,,INInsert 2 (v1),https://pastpapers.co/caie/igcse/geography-0460/2023-may-june/0460_s23_qp_12.pdf
https://pastpapers.co/caie/igcse/geography-0460/2023-may-june/0460_s23_in_22.pdf,Question Banks/Cambridge Curricula/IGCSE/Geography (0460)/2023/May-June (Variant 2),0460_s23_in_22.pdf,,http,,INInsert 2 (v2),https://pastpapers.co/caie/igcse/geography-0460/2023-may-june/0460_s23_qp_12.pdf
https://pastpapers.co/caie/igcse/geography-0460/2023-may-june/0460_s23_in_23.pdf,Question Banks/Cambridge Curricula/IGCSE/Geography (0460)/2023/May-June (Variant 3),0460_s23_in_23.pdf,,http,,INInsert 2 (v3),https://pastpapers.co/caie/igcse/geography-0460/2023-may-june/0460_s23_qp_12.pdf
https://pastpapers.co/caie/igcse/geography-0460/2023-may-june/0460_s23_in_41.pdf,Question Banks/Cambridge Curricula/IGCSE/Geography (0460)/2023/May-June (Variant 1),0460_s23_in_41.pdf,,http,,INInsert 4 (v1),https://pastpapers.co/caie/igcse/geography-0460/2023-may-june/0460_s23_qp_12.pdf
https://pastpapers.co/caie/igcse/geography-0460/2023-may-june/0460_s23_in_42.pdf,Question Banks/Cambridge Curricula/IGCSE/Geography (0460)/2023/May-June (Variant 2),0460_s23_in_42.pdf,,http,,INInsert 4 (v2),https://pastpapers.co/caie/igcse/geography-0460/2023-may-june/0460_s23_qp_12.pdf
https://pastpapers.co/caie/igcse/geography-0460/2023-may-june/0460_s23_in_43.pdf,Question Banks/Cambridge Curricula/IGCSE/Geography (0460)/2023/May-June (Variant 3),0460_s23_in_43.pdf,,http,,INInsert 4 (v3),https://pastpapers.co/caie/igcse/geography-0460/2023-may-june/0460_s23_qp_12.pdf
https://pastpapers.co/caie/igcse/geography-0460/2024-may-june/0460_s24_i2_21.pdf,Question Banks/Cambridge Curricula/IGCSE/Geography (0460)/2024/May-June (Variant 1),0460_s24_i2_21.pdf,,http,,DOC0460_s24_i2_21,https://pastpapers.co/caie/igcse/geography-0460/2024-may-june/0460_s24_qp_12.pdf
https://pastpapers.co/caie/igcse/geography-0460/2024-may-june/0460_s24_i2_22.pdf,Question Banks/Cambridge Curricula/IGCSE/Geography (0460)/2024/May-June (Variant 2),0460_s24_i2_22.pdf,,http,,DOC0460_s24_i2_22,https://pastpapers.co/caie/igcse/geography-0460/2024-may-june/0460_s24_qp_12.pdf
https://pastpapers.co/caie/igcse/geography-0460/2024-may-june/0460_s24_i2_23.pdf,Question Banks/Cambridge Curricula/IGCSE/Geography (0460)/2024/May-June (Variant 3),0460_s24_i2_23.pdf,,http,,DOC0460_s24_i2_23,https://pastpapers.co/caie/igcse/geography-0460/2024-may-june/0460_s24_qp_12.pdf
https://pastpapers.co/caie/igcse/geography-0460/2024-may-june/0460_s24_in_11.pdf,Question Banks/Cambridge Curricula/IGCSE/Geography (0460)/2024/May-June (Variant 1),0460_s24_in_11.pdf,,http,,INInsert 1 (v1),https://pastpapers.co/caie/igcse/geography-0460/2024-may-june/0460_s24_qp_12.pdf
https://pastpapers.co/caie/igcse/geography-0460/2024-may-june/0460_s24_in_12.pdf,Question Banks/Cambridge Curricula/IGCSE/Geography (0460)/2024/May-June (Variant 2),0460_s24_in_12.pdf,,http,,INInsert 1 (v2),https://pastpapers.co/caie/igcse/geography-0460/2024-may-june/0460_s24_qp_12.pdf
https://pastpapers.co/caie/igcse/geography-0460/2024-may-june/0460_s24_in_13.pdf,Question Banks/Cambridge Curricula/IGCSE/Geography (0460)/2024/May-June (Variant 3),0460_s24_in_13.pdf,,http,,INInsert 1 (v3),https://pastpapers.co/caie/igcse/geography-0460/2024-may-june/0460_s24_qp_12.pdf
https://pastpapers.co/caie/igcse/geography-0460/2024-may-june/0460_s24_in_21.pdf,Question Banks/Cambridge Curricula/IGCSE/Geography (0460)/2024/May-June (Variant 1),0460_s24_in_21.pdf,,http,,INInsert 2 (v1),https://pastpapers.co/caie/igcse/geography-0460/2024-may-june/0460_s24_qp_12.pdf
https://pastpapers.co/caie/igcse/geography-0460/2024-may-june/0460_s24_in_22.pdf,Question Banks/Cambridge Curricula/IGCSE/Geography (0460)/2024/May-June (Variant 2),0460_s24_in_22.pdf,,http,,INInsert 2 (v2),https://pastpapers.co/caie/igcse/geography-0460/2024-may-june/0460_s24_qp_12.pdf
https://pastpapers.co/caie/igcse/geography-0460/2024-may-june/0460_s24_in_23.pdf,Question Banks/Cambridge Curricula/IGCSE/Geography (0460)/2024/May-June (Variant 3),0460_s24_in_23.pdf,,http,,INInsert 2 (v3),https://pastpapers.co/caie/igcse/geography-0460/2024-may-june/0460_s24_qp_12.pdf
https://pastpapers.co/caie/igcse/geography-0460/2024-may-june/0460_s24_in_41.pdf,Question Banks/Cambridge Curricula/IGCSE/Geography (0460)/2024/May-June (Variant 1),0460_s24_in_41.pdf,,http,,INInsert 4 (v1),https://pastpapers.co/caie/igcse/geography-0460/2024-may-june/0460_s24_qp_12.pdf
https://pastpapers.co/caie/igcse/geography-0460/2024-may-june/0460_s24_in_42.pdf,Question Banks/Cambridge Curricula/IGCSE/Geography (0460)/2024/May-June (Variant 2),0460_s24_in_42.pdf,,http,,INInsert 4 (v2),https://pastpapers.co/caie/igcse/geography-0460/2024-may-june/0460_s24_qp_12.pdf
https://pastpapers.co/caie/igcse/geography-0460/2024-may-june/0460_s24_in_43.pdf,Question Banks/Cambridge Curricula/IGCSE/Geography (0460)/2024/May-June (Variant 3),0460_s24_in_43.pdf,,http,,INInsert 4 (v3),https://pastpapers.co/caie/igcse/geography-0460/2024-may-june/0460_s24_qp_12.pdf
https://pastpapers.co/caie/igcse/geography-0460/2025-may-june/0460_s25_i2_21.pdf,Question Banks/Cambridge Curricula/IGCSE/Geography (0460)/2025/May-June (Variant 1),0460_s25_i2_21.pdf,,http,,DOC0460_s25_i2_21,https://pastpapers.co/caie/igcse/geography-0460/2025-may-june/0460_s25_qp_12.pdf
https://pastpapers.co/caie/igcse/geography-0460/2025-may-june/0460_s25_i2_22.pdf,Question Banks/Cambridge Curricula/IGCSE/Geography (0460)/2025/May-June (Variant 2),0460_s25_i2_22.pdf,,http,,DOC0460_s25_i2_22,https://pastpapers.co/caie/igcse/geography-0460/2025-may-june/0460_s25_qp_12.pdf
https://pastpapers.co/caie/igcse/geography-0460/2025-may-june/0460_s25_i2_23.pdf,Question Banks/Cambridge Curricula/IGCSE/Geography (0460)/2025/May-June (Variant 3),0460_s25_i2_23.pdf,,http,,DOC0460_s25_i2_23,https://pastpapers.co/caie/igcse/geography-0460/2025-may-june/0460_s25_qp_12.pdf
https://pastpapers.co/caie/igcse/geography-0460/2025-may-june/0460_s25_in_11.pdf,Question Banks/Cambridge Curricula/IGCSE/Geography (0460)/2025/May-June (Variant 1),0460_s25_in_11.pdf,,http,,INInsert 1 (v1),https://pastpapers.co/caie/igcse/geography-0460/2025-may-june/0460_s25_qp_12.pdf
https://pastpapers.co/caie/igcse/geography-0460/2025-may-june/0460_s25_in_12.pdf,Question Banks/Cambridge Curricula/IGCSE/Geography (0460)/2025/May-June (Variant 2),0460_s25_in_12.pdf,,http,,INInsert 1 (v2),https://pastpapers.co/caie/igcse/geography-0460/2025-may-june/0460_s25_qp_12.pdf
https://pastpapers.co/caie/igcse/geography-0460/2025-may-june/0460_s25_in_13.pdf,Question Banks/Cambridge Curricula/IGCSE/Geography (0460)/2025/May-June (Variant 3),0460_s25_in_13.pdf,,http,,INInsert 1 (v3),https://pastpapers.co/caie/igcse/geography-0460/2025-may-june/0460_s25_qp_12.pdf
https://pastpapers.co/caie/igcse/geography-0460/2025-may-june/0460_s25_in_21.pdf,Question Banks/Cambridge Curricula/IGCSE/Geography (0460)/2025/May-June (Variant 1),0460_s25_in_21.pdf,,http,,INInsert 2 (v1),https://pastpapers.co/caie/igcse/geography-0460/2025-may-june/0460_s25_qp_12.pdf
https://pastpapers.co/caie/igcse/geography-0460/2025-may-june/0460_s25_in_22.pdf,Question Banks/Cambridge Curricula/IGCSE/Geography (0460)/2025/May-June (Variant 2),0460_s25_in_22.pdf,,http,,INInsert 2 (v2),https://pastpapers.co/caie/igcse/geography-0460/2025-may-june/0460_s25_qp_12.pdf
https://pastpapers.co/caie/igcse/geography-0460/2025-may-june/0460_s25_in_23.pdf,Question Banks/Cambridge Curricula/IGCSE/Geography (0460)/2025/May-June (Variant 3),0460_s25_in_23.pdf,,http,,INInsert 2 (v3),https://pastpapers.co/caie/igcse/geography-0460/2025-may-june/0460_s25_qp_12.pdf
https://pastpapers.co/caie/igcse/geography-0460/2025-may-june/0460_s25_in_41.pdf,Question Banks/Cambridge Curricula/IGCSE/Geography (0460)/2025/May-June (Variant 1),0460_s25_in_41.pdf,,http,,INInsert 4 (v1),https://pastpapers.co/caie/igcse/geography-0460/2025-may-june/0460_s25_qp_12.pdf
https://pastpapers.co/caie/igcse/geography-0460/2025-may-june/0460_s25_in_42.pdf,Question Banks/Cambridge Curricula/IGCSE/Geography (0460)/2025/May-June (Variant 2),0460_s25_in_42.pdf,,http,,INInsert 4 (v2),https://pastpapers.co/caie/igcse/geography-0460/2025-may-june/0460_s25_qp_12.pdf
https://pastpapers.co/caie/igcse/geography-0460/2025-may-june/0460_s25_in_43.pdf,Question Banks/Cambridge Curricula/IGCSE/Geography (0460)/2025/May-June (Variant 3),0460_s25_in_43.pdf,,http,,INInsert 4 (v3),https://pastpapers.co/caie/igcse/geography-0460/2025-may-june/0460_s25_qp_12.pdf
https://pastpapers.co/caie/igcse/geography-0460/2020-oct-nov/0460_w20_i2_21.pdf,Question Banks/Cambridge Curricula/IGCSE/Geography (0460)/2020/Oct-Nov (Variant 1),0460_w20_i2_21.pdf,,http,,DOC0460_w20_i2_21,https://pastpapers.co/caie/igcse/geography-0460/2020-oct-nov/0460_w20_qp_12.pdf
https://pastpapers.co/caie/igcse/geography-0460/2020-oct-nov/0460_w20_i2_22.pdf,Question Banks/Cambridge Curricula/IGCSE/Geography (0460)/2020/Oct-Nov (Variant 2),0460_w20_i2_22.pdf,,http,,DOC0460_w20_i2_22,https://pastpapers.co/caie/igcse/geography-0460/2020-oct-nov/0460_w20_qp_12.pdf
https://pastpapers.co/caie/igcse/geography-0460/2020-oct-nov/0460_w20_i2_23.pdf,Question Banks/Cambridge Curricula/IGCSE/Geography (0460)/2020/Oct-Nov (Variant 3),0460_w20_i2_23.pdf,,http,,DOC0460_w20_i2_23,https://pastpapers.co/caie/igcse/geography-0460/2020-oct-nov/0460_w20_qp_12.pdf
https://pastpapers.co/caie/igcse/geography-0460/2020-oct-nov/0460_w20_in_11.pdf,Question Banks/Cambridge Curricula/IGCSE/Geography (0460)/2020/Oct-Nov (Variant 1),0460_w20_in_11.pdf,,http,,INInsert 1 (v1),https://pastpapers.co/caie/igcse/geography-0460/2020-oct-nov/0460_w20_qp_12.pdf
https://pastpapers.co/caie/igcse/geography-0460/2020-oct-nov/0460_w20_in_12.pdf,Question Banks/Cambridge Curricula/IGCSE/Geography (0460)/2020/Oct-Nov (Variant 2),0460_w20_in_12.pdf,,http,,INInsert 1 (v2),https://pastpapers.co/caie/igcse/geography-0460/2020-oct-nov/0460_w20_qp_12.pdf
https://pastpapers.co/caie/igcse/geography-0460/2020-oct-nov/0460_w20_in_13.pdf,Question Banks/Cambridge Curricula/IGCSE/Geography (0460)/2020/Oct-Nov (Variant 3),0460_w20_in_13.pdf,,http,,INInsert 1 (v3),https://pastpapers.co/caie/igcse/geography-0460/2020-oct-nov/0460_w20_qp_12.pdf
https://pastpapers.co/caie/igcse/geography-0460/2020-oct-nov/0460_w20_in_21.pdf,Question Banks/Cambridge Curricula/IGCSE/Geography (0460)/2020/Oct-Nov (Variant 1),0460_w20_in_21.pdf,,http,,INInsert 2 (v1),https://pastpapers.co/caie/igcse/geography-0460/2020-oct-nov/0460_w20_qp_12.pdf
https://pastpapers.co/caie/igcse/geography-0460/2020-oct-nov/0460_w20_in_22.pdf,Question Banks/Cambridge Curricula/IGCSE/Geography (0460)/2020/Oct-Nov (Variant 2),0460_w20_in_22.pdf,,http,,INInsert 2 (v2),https://pastpapers.co/caie/igcse/geography-0460/2020-oct-nov/0460_w20_qp_12.pdf
https://pastpapers.co/caie/igcse/geography-0460/2020-oct-nov/0460_w20_in_23.pdf,Question Banks/Cambridge Curricula/IGCSE/Geography (0460)/2020/Oct-Nov (Variant 3),0460_w20_in_23.pdf,,http,,INInsert 2 (v3),https://pastpapers.co/caie/igcse/geography-0460/2020-oct-nov/0460_w20_qp_12.pdf
https://pastpapers.co/caie/igcse/geography-0460/2020-oct-nov/0460_w20_in_41.pdf,Question Banks/Cambridge Curricula/IGCSE/Geography (0460)/2020/Oct-Nov (Variant 1),0460_w20_in_41.pdf,,http,,INInsert 4 (v1),https://pastpapers.co/caie/igcse/geography-0460/2020-oct-nov/0460_w20_qp_12.pdf
https://pastpapers.co/caie/igcse/geography-0460/2020-oct-nov/0460_w20_in_42.pdf,Question Banks/Cambridge Curricula/IGCSE/Geography (0460)/2020/Oct-Nov (Variant 2),0460_w20_in_42.pdf,,http,,INInsert 4 (v2),https://pastpapers.co/caie/igcse/geography-0460/2020-oct-nov/0460_w20_qp_12.pdf
https://pastpapers.co/caie/igcse/geography-0460/2020-oct-nov/0460_w20_in_43.pdf,Question Banks/Cambridge Curricula/IGCSE/Geography (0460)/2020/Oct-Nov (Variant 3),0460_w20_in_43.pdf,,http,,INInsert 4 (v3),https://pastpapers.co/caie/igcse/geography-0460/2020-oct-nov/0460_w20_qp_12.pdf
https://pastpapers.co/caie/igcse/geography-0460/2021-oct-nov/0460_w21_i2_21.pdf,Question Banks/Cambridge Curricula/IGCSE/Geography (0460)/2021/Oct-Nov (Variant 1),0460_w21_i2_21.pdf,,http,,DOC0460_w21_i2_21,https://pastpapers.co/caie/igcse/geography-0460/2021-oct-nov/0460_w21_qp_12.pdf
https://pastpapers.co/caie/igcse/geography-0460/2021-oct-nov/0460_w21_i2_22.pdf,Question Banks/Cambridge Curricula/IGCSE/Geography (0460)/2021/Oct-Nov (Variant 2),0460_w21_i2_22.pdf,,http,,DOC0460_w21_i2_22,https://pastpapers.co/caie/igcse/geography-0460/2021-oct-nov/0460_w21_qp_12.pdf
https://pastpapers.co/caie/igcse/geography-0460/2021-oct-nov/0460_w21_i2_23.pdf,Question Banks/Cambridge Curricula/IGCSE/Geography (0460)/2021/Oct-Nov (Variant 3),0460_w21_i2_23.pdf,,http,,DOC0460_w21_i2_23,https://pastpapers.co/caie/igcse/geography-0460/2021-oct-nov/0460_w21_qp_12.pdf
https://pastpapers.co/caie/igcse/geography-0460/2021-oct-nov/0460_w21_in_11.pdf,Question Banks/Cambridge Curricula/IGCSE/Geography (0460)/2021/Oct-Nov (Variant 1),0460_w21_in_11.pdf,,http,,INInsert 1 (v1),https://pastpapers.co/caie/igcse/geography-0460/2021-oct-nov/0460_w21_qp_12.pdf
https://pastpapers.co/caie/igcse/geography-0460/2021-oct-nov/0460_w21_in_12.pdf,Question Banks/Cambridge Curricula/IGCSE/Geography (0460)/2021/Oct-Nov (Variant 2),0460_w21_in_12.pdf,,http,,INInsert 1 (v2),https://pastpapers.co/caie/igcse/geography-0460/2021-oct-nov/0460_w21_qp_12.pdf
https://pastpapers.co/caie/igcse/geography-0460/2021-oct-nov/0460_w21_in_13.pdf,Question Banks/Cambridge Curricula/IGCSE/Geography (0460)/2021/Oct-Nov (Variant 3),0460_w21_in_13.pdf,,http,,INInsert 1 (v3),https://pastpapers.co/caie/igcse/geography-0460/2021-oct-nov/0460_w21_qp_12.pdf
https://pastpapers.co/caie/igcse/geography-0460/2021-oct-nov/0460_w21_in_21.pdf,Question Banks/Cambridge Curricula/IGCSE/Geography (0460)/2021/Oct-Nov (Variant 1),0460_w21_in_21.pdf,,http,,INInsert 2 (v1),https://pastpapers.co/caie/igcse/geography-0460/2021-oct-nov/0460_w21_qp_12.pdf
https://pastpapers.co/caie/igcse/geography-0460/2021-oct-nov/0460_w21_in_22.pdf,Question Banks/Cambridge Curricula/IGCSE/Geography (0460)/2021/Oct-Nov (Variant 2),0460_w21_in_22.pdf,,http,,INInsert 2 (v2),https://pastpapers.co/caie/igcse/geography-0460/2021-oct-nov/0460_w21_qp_12.pdf
https://pastpapers.co/caie/igcse/geography-0460/2021-oct-nov/0460_w21_in_23.pdf,Question Banks/Cambridge Curricula/IGCSE/Geography (0460)/2021/Oct-Nov (Variant 3),0460_w21_in_23.pdf,,http,,INInsert 2 (v3),https://pastpapers.co/caie/igcse/geography-0460/2021-oct-nov/0460_w21_qp_12.pdf
https://pastpapers.co/caie/igcse/geography-0460/2021-oct-nov/0460_w21_in_41.pdf,Question Banks/Cambridge Curricula/IGCSE/Geography (0460)/2021/Oct-Nov (Variant 1),0460_w21_in_41.pdf,,http,,INInsert 4 (v1),https://pastpapers.co/caie/igcse/geography-0460/2021-oct-nov/0460_w21_qp_12.pdf
https://pastpapers.co/caie/igcse/geography-0460/2021-oct-nov/0460_w21_in_42.pdf,Question Banks/Cambridge Curricula/IGCSE/Geography (0460)/2021/Oct-Nov (Variant 2),0460_w21_in_42.pdf,,http,,INInsert 4 (v2),https://pastpapers.co/caie/igcse/geography-0460/2021-oct-nov/0460_w21_qp_12.pdf
https://pastpapers.co/caie/igcse/geography-0460/2021-oct-nov/0460_w21_in_43.pdf,Question Banks/Cambridge Curricula/IGCSE/Geography (0460)/2021/Oct-Nov (Variant 3),0460_w21_in_43.pdf,,http,,INInsert 4 (v3),https://pastpapers.co/caie/igcse/geography-0460/2021-oct-nov/0460_w21_qp_12.pdf
https://pastpapers.co/caie/igcse/geography-0460/2022-oct-nov/0460_w22_i2_21.pdf,Question Banks/Cambridge Curricula/IGCSE/Geography (0460)/2022/Oct-Nov (Variant 1),0460_w22_i2_21.pdf,,http,,DOC0460_w22_i2_21,https://pastpapers.co/caie/igcse/geography-0460/2022-oct-nov/0460_w22_qp_12.pdf
https://pastpapers.co/caie/igcse/geography-0460/2022-oct-nov/0460_w22_i2_22.pdf,Question Banks/Cambridge Curricula/IGCSE/Geography (0460)/2022/Oct-Nov (Variant 2),0460_w22_i2_22.pdf,,http,,DOC0460_w22_i2_22,https://pastpapers.co/caie/igcse/geography-0460/2022-oct-nov/0460_w22_qp_12.pdf
https://pastpapers.co/caie/igcse/geography-0460/2022-oct-nov/0460_w22_i2_23.pdf,Question Banks/Cambridge Curricula/IGCSE/Geography (0460)/2022/Oct-Nov (Variant 3),0460_w22_i2_23.pdf,,http,,DOC0460_w22_i2_23,https://pastpapers.co/caie/igcse/geography-0460/2022-oct-nov/0460_w22_qp_12.pdf
https://pastpapers.co/caie/igcse/geography-0460/2022-oct-nov/0460_w22_in_11.pdf,Question Banks/Cambridge Curricula/IGCSE/Geography (0460)/2022/Oct-Nov (Variant 1),0460_w22_in_11.pdf,,http,,INInsert 1 (v1),https://pastpapers.co/caie/igcse/geography-0460/2022-oct-nov/0460_w22_qp_12.pdf
https://pastpapers.co/caie/igcse/geography-0460/2022-oct-nov/0460_w22_in_12.pdf,Question Banks/Cambridge Curricula/IGCSE/Geography (0460)/2022/Oct-Nov (Variant 2),0460_w22_in_12.pdf,,http,,INInsert 1 (v2),https://pastpapers.co/caie/igcse/geography-0460/2022-oct-nov/0460_w22_qp_12.pdf
https://pastpapers.co/caie/igcse/geography-0460/2022-oct-nov/0460_w22_in_13.pdf,Question Banks/Cambridge Curricula/IGCSE/Geography (0460)/2022/Oct-Nov (Variant 3),0460_w22_in_13.pdf,,http,,INInsert 1 (v3),https://pastpapers.co/caie/igcse/geography-0460/2022-oct-nov/0460_w22_qp_12.pdf
https://pastpapers.co/caie/igcse/geography-0460/2022-oct-nov/0460_w22_in_21.pdf,Question Banks/Cambridge Curricula/IGCSE/Geography (0460)/2022/Oct-Nov (Variant 1),0460_w22_in_21.pdf,,http,,INInsert 2 (v1),https://pastpapers.co/caie/igcse/geography-0460/2022-oct-nov/0460_w22_qp_12.pdf
https://pastpapers.co/caie/igcse/geography-0460/2022-oct-nov/0460_w22_in_22.pdf,Question Banks/Cambridge Curricula/IGCSE/Geography (0460)/2022/Oct-Nov (Variant 2),0460_w22_in_22.pdf,,http,,INInsert 2 (v2),https://pastpapers.co/caie/igcse/geography-0460/2022-oct-nov/0460_w22_qp_12.pdf
https://pastpapers.co/caie/igcse/geography-0460/2022-oct-nov/0460_w22_in_23.pdf,Question Banks/Cambridge Curricula/IGCSE/Geography (0460)/2022/Oct-Nov (Variant 3),0460_w22_in_23.pdf,,http,,INInsert 2 (v3),https://pastpapers.co/caie/igcse/geography-0460/2022-oct-nov/0460_w22_qp_12.pdf
https://pastpapers.co/caie/igcse/geography-0460/2022-oct-nov/0460_w22_in_41.pdf,Question Banks/Cambridge Curricula/IGCSE/Geography (0460)/2022/Oct-Nov (Variant 1),0460_w22_in_41.pdf,,http,,INInsert 4 (v1),https://pastpapers.co/caie/igcse/geography-0460/2022-oct-nov/0460_w22_qp_12.pdf
https://pastpapers.co/caie/igcse/geography-0460/2022-oct-nov/0460_w22_in_42.pdf,Question Banks/Cambridge Curricula/IGCSE/Geography (0460)/2022/Oct-Nov (Variant 2),0460_w22_in_42.pdf,,http,,INInsert 4 (v2),https://pastpapers.co/caie/igcse/geography-0460/2022-oct-nov/0460_w22_qp_12.pdf
https://pastpapers.co/caie/igcse/geography-0460/2022-oct-nov/0460_w22_in_43.pdf,Question Banks/Cambridge Curricula/IGCSE/Geography (0460)/2022/Oct-Nov (Variant 3),0460_w22_in_43.pdf,,http,,INInsert 4 (v3),https://pastpapers.co/caie/igcse/geography-0460/2022-oct-nov/0460_w22_qp_12.pdf
https://pastpapers.co/caie/igcse/geography-0460/2023-oct-nov/0460_w23_i2_21.pdf,Question Banks/Cambridge Curricula/IGCSE/Geography (0460)/2023/Oct-Nov (Variant 1),0460_w23_i2_21.pdf,,http,,DOC0460_w23_i2_21,https://pastpapers.co/caie/igcse/geography-0460/2023-oct-nov/0460_w23_qp_12.pdf
https://pastpapers.co/caie/igcse/geography-0460/2023-oct-nov/0460_w23_i2_22.pdf,Question Banks/Cambridge Curricula/IGCSE/Geography (0460)/2023/Oct-Nov (Variant 2),0460_w23_i2_22.pdf,,http,,DOC0460_w23_i2_22,https://pastpapers.co/caie/igcse/geography-0460/2023-oct-nov/0460_w23_qp_12.pdf
https://pastpapers.co/caie/igcse/geography-0460/2023-oct-nov/0460_w23_i2_23.pdf,Question Banks/Cambridge Curricula/IGCSE/Geography (0460)/2023/Oct-Nov (Variant 3),0460_w23_i2_23.pdf,,http,,DOC0460_w23_i2_23,https://pastpapers.co/caie/igcse/geography-0460/2023-oct-nov/0460_w23_qp_12.pdf
https://pastpapers.co/caie/igcse/geography-0460/2023-oct-nov/0460_w23_in_11.pdf,Question Banks/Cambridge Curricula/IGCSE/Geography (0460)/2023/Oct-Nov (Variant 1),0460_w23_in_11.pdf,,http,,INInsert 1 (v1),https://pastpapers.co/caie/igcse/geography-0460/2023-oct-nov/0460_w23_qp_12.pdf
https://pastpapers.co/caie/igcse/geography-0460/2023-oct-nov/0460_w23_in_12.pdf,Question Banks/Cambridge Curricula/IGCSE/Geography (0460)/2023/Oct-Nov (Variant 2),0460_w23_in_12.pdf,,http,,INInsert 1 (v2),https://pastpapers.co/caie/igcse/geography-0460/2023-oct-nov/0460_w23_qp_12.pdf
https://pastpapers.co/caie/igcse/geography-0460/2023-oct-nov/0460_w23_in_13.pdf,Question Banks/Cambridge Curricula/IGCSE/Geography (0460)/2023/Oct-Nov (Variant 3),0460_w23_in_13.pdf,,http,,INInsert 1 (v3),https://pastpapers.co/caie/igcse/geography-0460/2023-oct-nov/0460_w23_qp_12.pdf
https://pastpapers.co/caie/igcse/geography-0460/2023-oct-nov/0460_w23_in_21.pdf,Question Banks/Cambridge Curricula/IGCSE/Geography (0460)/2023/Oct-Nov (Variant 1),0460_w23_in_21.pdf,,http,,INInsert 2 (v1),https://pastpapers.co/caie/igcse/geography-0460/2023-oct-nov/0460_w23_qp_12.pdf
https://pastpapers.co/caie/igcse/geography-0460/2023-oct-nov/0460_w23_in_22.pdf,Question Banks/Cambridge Curricula/IGCSE/Geography (0460)/2023/Oct-Nov (Variant 2),0460_w23_in_22.pdf,,http,,INInsert 2 (v2),https://pastpapers.co/caie/igcse/geography-0460/2023-oct-nov/0460_w23_qp_12.pdf
https://pastpapers.co/caie/igcse/geography-0460/2023-oct-nov/0460_w23_in_23.pdf,Question Banks/Cambridge Curricula/IGCSE/Geography (0460)/2023/Oct-Nov (Variant 3),0460_w23_in_23.pdf,,http,,INInsert 2 (v3),https://pastpapers.co/caie/igcse/geography-0460/2023-oct-nov/0460_w23_qp_12.pdf
https://pastpapers.co/caie/igcse/geography-0460/2023-oct-nov/0460_w23_in_41.pdf,Question Banks/Cambridge Curricula/IGCSE/Geography (0460)/2023/Oct-Nov (Variant 1),0460_w23_in_41.pdf,,http,,INInsert 4 (v1),https://pastpapers.co/caie/igcse/geography-0460/2023-oct-nov/0460_w23_qp_12.pdf
https://pastpapers.co/caie/igcse/geography-0460/2023-oct-nov/0460_w23_in_42.pdf,Question Banks/Cambridge Curricula/IGCSE/Geography (0460)/2023/Oct-Nov (Variant 2),0460_w23_in_42.pdf,,http,,INInsert 4 (v2),https://pastpapers.co/caie/igcse/geography-0460/2023-oct-nov/0460_w23_qp_12.pdf
https://pastpapers.co/caie/igcse/geography-0460/2023-oct-nov/0460_w23_in_43.pdf,Question Banks/Cambridge Curricula/IGCSE/Geography (0460)/2023/Oct-Nov (Variant 3),0460_w23_in_43.pdf,,http,,INInsert 4 (v3),https://pastpapers.co/caie/igcse/geography-0460/2023-oct-nov/0460_w23_qp_12.pdf
https://pastpapers.co/caie/igcse/geography-0460/2024-oct-nov/0460_w24_i2_21.pdf,Question Banks/Cambridge Curricula/IGCSE/Geography (0460)/2024/Oct-Nov (Variant 1),0460_w24_i2_21.pdf,,http,,DOC0460_w24_i2_21,https://pastpapers.co/caie/igcse/geography-0460/2024-oct-nov/0460_w24_qp_12.pdf
https://pastpapers.co/caie/igcse/geography-0460/2024-oct-nov/0460_w24_i2_22.pdf,Question Banks/Cambridge Curricula/IGCSE/Geography (0460)/2024/Oct-Nov (Variant 2),0460_w24_i2_22.pdf,,http,,DOC0460_w24_i2_22,https://pastpapers.co/caie/igcse/geography-0460/2024-oct-nov/0460_w24_qp_12.pdf
https://pastpapers.co/caie/igcse/geography-0460/2024-oct-nov/0460_w24_i2_23.pdf,Question Banks/Cambridge Curricula/IGCSE/Geography (0460)/2024/Oct-Nov (Variant 3),0460_w24_i2_23.pdf,,http,,DOC0460_w24_i2_23,https://pastpapers.co/caie/igcse/geography-0460/2024-oct-nov/0460_w24_qp_12.pdf
https://pastpapers.co/caie/igcse/geography-0460/2024-oct-nov/0460_w24_in_11.pdf,Question Banks/Cambridge Curricula/IGCSE/Geography (0460)/2024/Oct-Nov (Variant 1),0460_w24_in_11.pdf,,http,,INInsert 1 (v1),https://pastpapers.co/caie/igcse/geography-0460/2024-oct-nov/0460_w24_qp_12.pdf
https://pastpapers.co/caie/igcse/geography-0460/2024-oct-nov/0460_w24_in_12.pdf,Question Banks/Cambridge Curricula/IGCSE/Geography (0460)/2024/Oct-Nov (Variant 2),0460_w24_in_12.pdf,,http,,INInsert 1 (v2),https://pastpapers.co/caie/igcse/geography-0460/2024-oct-nov/0460_w24_qp_12.pdf
https://pastpapers.co/caie/igcse/geography-0460/2024-oct-nov/0460_w24_in_13.pdf,Question Banks/Cambridge Curricula/IGCSE/Geography (0460)/2024/Oct-Nov (Variant 3),0460_w24_in_13.pdf,,http,,INInsert 1 (v3),https://pastpapers.co/caie/igcse/geography-0460/2024-oct-nov/0460_w24_qp_12.pdf
https://pastpapers.co/caie/igcse/geography-0460/2024-oct-nov/0460_w24_in_21.pdf,Question Banks/Cambridge Curricula/IGCSE/Geography (0460)/2024/Oct-Nov (Variant 1),0460_w24_in_21.pdf,,http,,INInsert 2 (v1),https://pastpapers.co/caie/igcse/geography-0460/2024-oct-nov/0460_w24_qp_12.pdf
https://pastpapers.co/caie/igcse/geography-0460/2024-oct-nov/0460_w24_in_22.pdf,Question Banks/Cambridge Curricula/IGCSE/Geography (0460)/2024/Oct-Nov (Variant 2),0460_w24_in_22.pdf,,http,,INInsert 2 (v2),https://pastpapers.co/caie/igcse/geography-0460/2024-oct-nov/0460_w24_qp_12.pdf
https://pastpapers.co/caie/igcse/geography-0460/2024-oct-nov/0460_w24_in_23.pdf,Question Banks/Cambridge Curricula/IGCSE/Geography (0460)/2024/Oct-Nov (Variant 3),0460_w24_in_23.pdf,,http,,INInsert 2 (v3),https://pastpapers.co/caie/igcse/geography-0460/2024-oct-nov/0460_w24_qp_12.pdf
https://pastpapers.co/caie/igcse/geography-0460/2024-oct-nov/0460_w24_in_41.pdf,Question Banks/Cambridge Curricula/IGCSE/Geography (0460)/2024/Oct-Nov (Variant 1),0460_w24_in_41.pdf,,http,,INInsert 4 (v1),https://pastpapers.co/caie/igcse/geography-0460/2024-oct-nov/0460_w24_qp_12.pdf
https://pastpapers.co/caie/igcse/geography-0460/2024-oct-nov/0460_w24_in_42.pdf,Question Banks/Cambridge Curricula/IGCSE/Geography (0460)/2024/Oct-Nov (Variant 2),0460_w24_in_42.pdf,,http,,INInsert 4 (v2),https://pastpapers.co/caie/igcse/geography-0460/2024-oct-nov/0460_w24_qp_12.pdf
https://pastpapers.co/caie/igcse/geography-0460/2024-oct-nov/0460_w24_in_43.pdf,Question Banks/Cambridge Curricula/IGCSE/Geography (0460)/2024/Oct-Nov (Variant 3),0460_w24_in_43.pdf,,http,,INInsert 4 (v3),https://pastpapers.co/caie/igcse/geography-0460/2024-oct-nov/0460_w24_qp_12.pdf
https://pastpapers.co/caie/igcse/geography-0460/2025-oct-nov/0460_w25_i2_21.pdf,Question Banks/Cambridge Curricula/IGCSE/Geography (0460)/2025/Oct-Nov (Variant 1),0460_w25_i2_21.pdf,,http,,DOC0460_w25_i2_21,https://pastpapers.co/caie/igcse/geography-0460/2025-oct-nov/0460_w25_qp_12.pdf
https://pastpapers.co/caie/igcse/geography-0460/2025-oct-nov/0460_w25_i2_22.pdf,Question Banks/Cambridge Curricula/IGCSE/Geography (0460)/2025/Oct-Nov (Variant 2),0460_w25_i2_22.pdf,,http,,DOC0460_w25_i2_22,https://pastpapers.co/caie/igcse/geography-0460/2025-oct-nov/0460_w25_qp_12.pdf
https://pastpapers.co/caie/igcse/geography-0460/2025-oct-nov/0460_w25_i2_23.pdf,Question Banks/Cambridge Curricula/IGCSE/Geography (0460)/2025/Oct-Nov (Variant 3),0460_w25_i2_23.pdf,,http,,DOC0460_w25_i2_23,https://pastpapers.co/caie/igcse/geography-0460/2025-oct-nov/0460_w25_qp_12.pdf
https://pastpapers.co/caie/igcse/geography-0460/2025-oct-nov/0460_w25_in_11.pdf,Question Banks/Cambridge Curricula/IGCSE/Geography (0460)/2025/Oct-Nov (Variant 1),0460_w25_in_11.pdf,,http,,INInsert 1 (v1),https://pastpapers.co/caie/igcse/geography-0460/2025-oct-nov/0460_w25_qp_12.pdf
https://pastpapers.co/caie/igcse/geography-0460/2025-oct-nov/0460_w25_in_12.pdf,Question Banks/Cambridge Curricula/IGCSE/Geography (0460)/2025/Oct-Nov (Variant 2),0460_w25_in_12.pdf,,http,,INInsert 1 (v2),https://pastpapers.co/caie/igcse/geography-0460/2025-oct-nov/0460_w25_qp_12.pdf
https://pastpapers.co/caie/igcse/geography-0460/2025-oct-nov/0460_w25_in_13.pdf,Question Banks/Cambridge Curricula/IGCSE/Geography (0460)/2025/Oct-Nov (Variant 3),0460_w25_in_13.pdf,,http,,INInsert 1 (v3),https://pastpapers.co/caie/igcse/geography-0460/2025-oct-nov/0460_w25_qp_12.pdf
https://pastpapers.co/caie/igcse/geography-0460/2025-oct-nov/0460_w25_in_21.pdf,Question Banks/Cambridge Curricula/IGCSE/Geography (0460)/2025/Oct-Nov (Variant 1),0460_w25_in_21.pdf,,http,,INInsert 2 (v1),https://pastpapers.co/caie/igcse/geography-0460/2025-oct-nov/0460_w25_qp_12.pdf
https://pastpapers.co/caie/igcse/geography-0460/2025-oct-nov/0460_w25_in_22.pdf,Question Banks/Cambridge Curricula/IGCSE/Geography (0460)/2025/Oct-Nov (Variant 2),0460_w25_in_22.pdf,,http,,INInsert 2 (v2),https://pastpapers.co/caie/igcse/geography-0460/2025-oct-nov/0460_w25_qp_12.pdf
https://pastpapers.co/caie/igcse/geography-0460/2025-oct-nov/0460_w25_in_23.pdf,Question Banks/Cambridge Curricula/IGCSE/Geography (0460)/2025/Oct-Nov (Variant 3),0460_w25_in_23.pdf,,http,,INInsert 2 (v3),https://pastpapers.co/caie/igcse/geography-0460/2025-oct-nov/0460_w25_qp_12.pdf
https://pastpapers.co/caie/igcse/geography-0460/2025-oct-nov/0460_w25_in_41.pdf,Question Banks/Cambridge Curricula/IGCSE/Geography (0460)/2025/Oct-Nov (Variant 1),0460_w25_in_41.pdf,,http,,INInsert 4 (v1),https://pastpapers.co/caie/igcse/geography-0460/2025-oct-nov/0460_w25_qp_12.pdf
https://pastpapers.co/caie/igcse/geography-0460/2025-oct-nov/0460_w25_in_42.pdf,Question Banks/Cambridge Curricula/IGCSE/Geography (0460)/2025/Oct-Nov (Variant 2),0460_w25_in_42.pdf,,http,,INInsert 4 (v2),https://pastpapers.co/caie/igcse/geography-0460/2025-oct-nov/0460_w25_qp_12.pdf
https://pastpapers.co/caie/igcse/geography-0460/2025-oct-nov/0460_w25_in_43.pdf,Question Banks/Cambridge Curricula/IGCSE/Geography (0460)/2025/Oct-Nov (Variant 3),0460_w25_in_43.pdf,,http,,INInsert 4 (v3),https://pastpapers.co/caie/igcse/geography-0460/2025-oct-nov/0460_w25_qp_12.pdf
https://pastpapers.co/caie/igcse/geography-0460/2020-march/0460_m20_gt.pdf,Question Banks/Cambridge Curricula/IGCSE/Geography (0460)/Grade Thresholds/2020,0460_m20_gt.pdf,,http,,GTGrade Thresholds,https://pastpapers.co/caie/igcse/geography-0460/2020-march/0460_m20_qp_12.pdf
https://pastpapers.co/caie/igcse/geography-0460/2021-march/0460_m21_gt.pdf,Question Banks/Cambridge Curricula/IGCSE/Geography (0460)/Grade Thresholds/2021,0460_m21_gt.pdf,,http,,GTGrade Thresholds,https://pastpapers.co/caie/igcse/geography-0460/2021-march/0460_m21_qp_12.pdf
https://pastpapers.co/caie/igcse/geography-0460/2023-march/0460_m23_gt.pdf,Question Banks/Cambridge Curricula/IGCSE/Geography (0460)/Grade Thresholds/2023,0460_m23_gt.pdf,,http,,GTGrade Thresholds,https://pastpapers.co/caie/igcse/geography-0460/2023-march/0460_m23_qp_12.pdf
https://pastpapers.co/caie/igcse/geography-0460/2024-march/0460_m24_gt.pdf,Question Banks/Cambridge Curricula/IGCSE/Geography (0460)/Grade Thresholds/2024,0460_m24_gt.pdf,,http,,GTGrade Thresholds,https://pastpapers.co/caie/igcse/geography-0460/2024-march/0460_m24_qp_12.pdf
https://pastpapers.co/caie/igcse/geography-0460/2025-march/0460_m25_gt.pdf,Question Banks/Cambridge Curricula/IGCSE/Geography (0460)/Grade Thresholds/2025,0460_m25_gt.pdf,,http,,GTGrade Thresholds,https://pastpapers.co/caie/igcse/geography-0460/2025-march/0460_m25_qp_12.pdf
https://pastpapers.co/caie/igcse/geography-0460/2021-may-june/0460_s21_gt.pdf,Question Banks/Cambridge Curricula/IGCSE/Geography (0460)/Grade Thresholds/2021,0460_s21_gt.pdf,,http,,GTGrade Thresholds,https://pastpapers.co/caie/igcse/geography-0460/2021-may-june/0460_s21_qp_12.pdf
https://pastpapers.co/caie/igcse/geography-0460/2022-may-june/0460_s22_gt.pdf,Question Banks/Cambridge Curricula/IGCSE/Geography (0460)/Grade Thresholds/2022,0460_s22_gt.pdf,,http,,GTGrade Thresholds,https://pastpapers.co/caie/igcse/geography-0460/2022-may-june/0460_s22_qp_12.pdf
https://pastpapers.co/caie/igcse/geography-0460/2023-may-june/0460_s23_gt.pdf,Question Banks/Cambridge Curricula/IGCSE/Geography (0460)/Grade Thresholds/2023,0460_s23_gt.pdf,,http,,GTGrade Thresholds,https://pastpapers.co/caie/igcse/geography-0460/2023-may-june/0460_s23_qp_12.pdf
https://pastpapers.co/caie/igcse/geography-0460/2024-may-june/0460_s24_gt.pdf,Question Banks/Cambridge Curricula/IGCSE/Geography (0460)/Grade Thresholds/2024,0460_s24_gt.pdf,,http,,GTGrade Thresholds,https://pastpapers.co/caie/igcse/geography-0460/2024-may-june/0460_s24_qp_12.pdf
https://pastpapers.co/caie/igcse/geography-0460/2025-may-june/0460_s25_gt.pdf,Question Banks/Cambridge Curricula/IGCSE/Geography (0460)/Grade Thresholds/2025,0460_s25_gt.pdf,,http,,GTGrade Thresholds,https://pastpapers.co/caie/igcse/geography-0460/2025-may-june/0460_s25_qp_12.pdf
https://pastpapers.co/caie/igcse/geography-0460/2020-oct-nov/0460_w20_gt.pdf,Question Banks/Cambridge Curricula/IGCSE/Geography (0460)/Grade Thresholds/2020,0460_w20_gt.pdf,,http,,GTGrade Thresholds,https://pastpapers.co/caie/igcse/geography-0460/2020-oct-nov/0460_w20_qp_12.pdf
https://pastpapers.co/caie/igcse/geography-0460/2021-oct-nov/0460_w21_gt.pdf,Question Banks/Cambridge Curricula/IGCSE/Geography (0460)/Grade Thresholds/2021,0460_w21_gt.pdf,,http,,GTGrade Thresholds,https://pastpapers.co/caie/igcse/geography-0460/2021-oct-nov/0460_w21_qp_12.pdf
https://pastpapers.co/caie/igcse/geography-0460/2022-oct-nov/0460_w22_gt.pdf,Question Banks/Cambridge Curricula/IGCSE/Geography (0460)/Grade Thresholds/2022,0460_w22_gt.pdf,,http,,GTGrade Thresholds,https://pastpapers.co/caie/igcse/geography-0460/2022-oct-nov/0460_w22_qp_12.pdf
https://pastpapers.co/caie/igcse/geography-0460/2023-oct-nov/0460_w23_gt.pdf,Question Banks/Cambridge Curricula/IGCSE/Geography (0460)/Grade Thresholds/2023,0460_w23_gt.pdf,,http,,GTGrade Thresholds,https://pastpapers.co/caie/igcse/geography-0460/2023-oct-nov/0460_w23_qp_12.pdf
https://pastpapers.co/caie/igcse/geography-0460/2024-oct-nov/0460_w24_gt.pdf,Question Banks/Cambridge Curricula/IGCSE/Geography (0460)/Grade Thresholds/2024,0460_w24_gt.pdf,,http,,GTGrade Thresholds,https://pastpapers.co/caie/igcse/geography-0460/2024-oct-nov/0460_w24_qp_12.pdf
https://pastpapers.co/caie/igcse/geography-0460/2025-oct-nov/0460_w25_gt.pdf,Question Banks/Cambridge Curricula/IGCSE/Geography (0460)/Grade Thresholds/2025,0460_w25_gt.pdf,,http,,GTGrade Thresholds,https://pastpapers.co/caie/igcse/geography-0460/2025-oct-nov/0460_w25_qp_12.pdf
https://pastpapers.co/caie/a-level/english-9093/2020-march/9093_m20_ms_12.pdf,Question Banks/Cambridge Curricula/Cambridge AS and A Level/English 1st (9093)/AS Level/2020/March (Variant 2),9093_m20_ms_12.pdf,,http,,MSMark Scheme 1 (v2),https://pastpapers.co/caie/a-level/english-9093/2020-march/9093_m20_qp_12.pdf
https://pastpapers.co/caie/a-level/english-9093/2020-march/9093_m20_ms_22.pdf,Question Banks/Cambridge Curricula/Cambridge AS and A Level/English 1st (9093)/AS Level/2020/March (Variant 2),9093_m20_ms_22.pdf,,http,,MSMark Scheme 2 (v2),https://pastpapers.co/caie/a-level/english-9093/2020-march/9093_m20_qp_12.pdf
https://pastpapers.co/caie/a-level/english-9093/2020-march/9093_m20_ms_32.pdf,Question Banks/Cambridge Curricula/Cambridge AS and A Level/English 1st (9093)/A Level/2020/March (Variant 2),9093_m20_ms_32.pdf,,http,,MSMark Scheme 3 (v2),https://pastpapers.co/caie/a-level/english-9093/2020-march/9093_m20_qp_12.pdf
https://pastpapers.co/caie/a-level/english-9093/2020-march/9093_m20_ms_42.pdf,Question Banks/Cambridge Curricula/Cambridge AS and A Level/English 1st (9093)/A Level/2020/March (Variant 2),9093_m20_ms_42.pdf,,http,,MSMark Scheme 4 (v2),https://pastpapers.co/caie/a-level/english-9093/2020-march/9093_m20_qp_12.pdf
https://pastpapers.co/caie/a-level/english-9093/2021-march/9093_m21_ms_12.pdf,Question Banks/Cambridge Curricula/Cambridge AS and A Level/English 1st (9093)/AS Level/2021/March (Variant 2),9093_m21_ms_12.pdf,,http,,MSMark Scheme 1 (v2),https://pastpapers.co/caie/a-level/english-9093/2021-march/9093_m21_qp_12.pdf
https://pastpapers.co/caie/a-level/english-9093/2021-march/9093_m21_ms_22.pdf,Question Banks/Cambridge Curricula/Cambridge AS and A Level/English 1st (9093)/AS Level/2021/March (Variant 2),9093_m21_ms_22.pdf,,http,,MSMark Scheme 2 (v2),https://pastpapers.co/caie/a-level/english-9093/2021-march/9093_m21_qp_12.pdf
https://pastpapers.co/caie/a-level/english-9093/2021-march/9093_m21_ms_32.pdf,Question Banks/Cambridge Curricula/Cambridge AS and A Level/English 1st (9093)/A Level/2021/March (Variant 2),9093_m21_ms_32.pdf,,http,,MSMark Scheme 3 (v2),https://pastpapers.co/caie/a-level/english-9093/2021-march/9093_m21_qp_12.pdf
https://pastpapers.co/caie/a-level/english-9093/2021-march/9093_m21_ms_42.pdf,Question Banks/Cambridge Curricula/Cambridge AS and A Level/English 1st (9093)/A Level/2021/March (Variant 2),9093_m21_ms_42.pdf,,http,,MSMark Scheme 4 (v2),https://pastpapers.co/caie/a-level/english-9093/2021-march/9093_m21_qp_12.pdf
https://pastpapers.co/caie/a-level/english-9093/2023-march/9093_m23_ms_12.pdf,Question Banks/Cambridge Curricula/Cambridge AS and A Level/English 1st (9093)/AS Level/2023/March (Variant 2),9093_m23_ms_12.pdf,,http,,MSMark Scheme 1 (v2),https://pastpapers.co/caie/a-level/english-9093/2023-march/9093_m23_qp_12.pdf
https://pastpapers.co/caie/a-level/english-9093/2023-march/9093_m23_ms_22.pdf,Question Banks/Cambridge Curricula/Cambridge AS and A Level/English 1st (9093)/AS Level/2023/March (Variant 2),9093_m23_ms_22.pdf,,http,,MSMark Scheme 2 (v2),https://pastpapers.co/caie/a-level/english-9093/2023-march/9093_m23_qp_12.pdf
https://pastpapers.co/caie/a-level/english-9093/2023-march/9093_m23_ms_32.pdf,Question Banks/Cambridge Curricula/Cambridge AS and A Level/English 1st (9093)/A Level/2023/March (Variant 2),9093_m23_ms_32.pdf,,http,,MSMark Scheme 3 (v2),https://pastpapers.co/caie/a-level/english-9093/2023-march/9093_m23_qp_12.pdf
https://pastpapers.co/caie/a-level/english-9093/2023-march/9093_m23_ms_42.pdf,Question Banks/Cambridge Curricula/Cambridge AS and A Level/English 1st (9093)/A Level/2023/March (Variant 2),9093_m23_ms_42.pdf,,http,,MSMark Scheme 4 (v2),https://pastpapers.co/caie/a-level/english-9093/2023-march/9093_m23_qp_12.pdf
https://pastpapers.co/caie/a-level/english-9093/2024-march/9093_m24_ms_12.pdf,Question Banks/Cambridge Curricula/Cambridge AS and A Level/English 1st (9093)/AS Level/2024/March (Variant 2),9093_m24_ms_12.pdf,,http,,MSMark Scheme 1 (v2),https://pastpapers.co/caie/a-level/english-9093/2024-march/9093_m24_qp_12.pdf
https://pastpapers.co/caie/a-level/english-9093/2024-march/9093_m24_ms_22.pdf,Question Banks/Cambridge Curricula/Cambridge AS and A Level/English 1st (9093)/AS Level/2024/March (Variant 2),9093_m24_ms_22.pdf,,http,,MSMark Scheme 2 (v2),https://pastpapers.co/caie/a-level/english-9093/2024-march/9093_m24_qp_12.pdf
https://pastpapers.co/caie/a-level/english-9093/2024-march/9093_m24_ms_32.pdf,Question Banks/Cambridge Curricula/Cambridge AS and A Level/English 1st (9093)/A Level/2024/March (Variant 2),9093_m24_ms_32.pdf,,http,,MSMark Scheme 3 (v2),https://pastpapers.co/caie/a-level/english-9093/2024-march/9093_m24_qp_12.pdf
https://pastpapers.co/caie/a-level/english-9093/2024-march/9093_m24_ms_42.pdf,Question Banks/Cambridge Curricula/Cambridge AS and A Level/English 1st (9093)/A Level/2024/March (Variant 2),9093_m24_ms_42.pdf,,http,,MSMark Scheme 4 (v2),https://pastpapers.co/caie/a-level/english-9093/2024-march/9093_m24_qp_12.pdf
https://pastpapers.co/caie/a-level/english-9093/2025-march/9093_m25_ms_12.pdf,Question Banks/Cambridge Curricula/Cambridge AS and A Level/English 1st (9093)/AS Level/2025/March (Variant 2),9093_m25_ms_12.pdf,,http,,MSMark Scheme 1 (v2),https://pastpapers.co/caie/a-level/english-9093/2025-march/9093_m25_qp_12.pdf
https://pastpapers.co/caie/a-level/english-9093/2025-march/9093_m25_ms_22.pdf,Question Banks/Cambridge Curricula/Cambridge AS and A Level/English 1st (9093)/AS Level/2025/March (Variant 2),9093_m25_ms_22.pdf,,http,,MSMark Scheme 2 (v2),https://pastpapers.co/caie/a-level/english-9093/2025-march/9093_m25_qp_12.pdf
https://pastpapers.co/caie/a-level/english-9093/2025-march/9093_m25_ms_32.pdf,Question Banks/Cambridge Curricula/Cambridge AS and A Level/English 1st (9093)/A Level/2025/March (Variant 2),9093_m25_ms_32.pdf,,http,,MSMark Scheme 3 (v2),https://pastpapers.co/caie/a-level/english-9093/2025-march/9093_m25_qp_12.pdf
https://pastpapers.co/caie/a-level/english-9093/2025-march/9093_m25_ms_42.pdf,Question Banks/Cambridge Curricula/Cambridge AS and A Level/English 1st (9093)/A Level/2025/March (Variant 2),9093_m25_ms_42.pdf,,http,,MSMark Scheme 4 (v2),https://pastpapers.co/caie/a-level/english-9093/2025-march/9093_m25_qp_12.pdf
https://pastpapers.co/caie/a-level/english-9093/2020-may-june/9093_s20_ms_11.pdf,Question Banks/Cambridge Curricula/Cambridge AS and A Level/English 1st (9093)/AS Level/2020/May-June (Variant 1),9093_s20_ms_11.pdf,,http,,MSMark Scheme 1 (v1),https://pastpapers.co/caie/a-level/english-9093/2020-may-june/9093_s20_qp_12.pdf
https://pastpapers.co/caie/a-level/english-9093/2020-may-june/9093_s20_ms_12.pdf,Question Banks/Cambridge Curricula/Cambridge AS and A Level/English 1st (9093)/AS Level/2020/May-June (Variant 2),9093_s20_ms_12.pdf,,http,,MSMark Scheme 1 (v2),https://pastpapers.co/caie/a-level/english-9093/2020-may-june/9093_s20_qp_12.pdf
https://pastpapers.co/caie/a-level/english-9093/2020-may-june/9093_s20_ms_13.pdf,Question Banks/Cambridge Curricula/Cambridge AS and A Level/English 1st (9093)/AS Level/2020/May-June (Variant 3),9093_s20_ms_13.pdf,,http,,MSMark Scheme 1 (v3),https://pastpapers.co/caie/a-level/english-9093/2020-may-june/9093_s20_qp_12.pdf
https://pastpapers.co/caie/a-level/english-9093/2020-may-june/9093_s20_ms_21.pdf,Question Banks/Cambridge Curricula/Cambridge AS and A Level/English 1st (9093)/AS Level/2020/May-June (Variant 1),9093_s20_ms_21.pdf,,http,,MSMark Scheme 2 (v1),https://pastpapers.co/caie/a-level/english-9093/2020-may-june/9093_s20_qp_12.pdf
https://pastpapers.co/caie/a-level/english-9093/2020-may-june/9093_s20_ms_22.pdf,Question Banks/Cambridge Curricula/Cambridge AS and A Level/English 1st (9093)/AS Level/2020/May-June (Variant 2),9093_s20_ms_22.pdf,,http,,MSMark Scheme 2 (v2),https://pastpapers.co/caie/a-level/english-9093/2020-may-june/9093_s20_qp_12.pdf
https://pastpapers.co/caie/a-level/english-9093/2020-may-june/9093_s20_ms_23.pdf,Question Banks/Cambridge Curricula/Cambridge AS and A Level/English 1st (9093)/AS Level/2020/May-June (Variant 3),9093_s20_ms_23.pdf,,http,,MSMark Scheme 2 (v3),https://pastpapers.co/caie/a-level/english-9093/2020-may-june/9093_s20_qp_12.pdf
https://pastpapers.co/caie/a-level/english-9093/2020-may-june/9093_s20_ms_31.pdf,Question Banks/Cambridge Curricula/Cambridge AS and A Level/English 1st (9093)/A Level/2020/May-June (Variant 1),9093_s20_ms_31.pdf,,http,,MSMark Scheme 3 (v1),https://pastpapers.co/caie/a-level/english-9093/2020-may-june/9093_s20_qp_12.pdf
https://pastpapers.co/caie/a-level/english-9093/2020-may-june/9093_s20_ms_32.pdf,Question Banks/Cambridge Curricula/Cambridge AS and A Level/English 1st (9093)/A Level/2020/May-June (Variant 2),9093_s20_ms_32.pdf,,http,,MSMark Scheme 3 (v2),https://pastpapers.co/caie/a-level/english-9093/2020-may-june/9093_s20_qp_12.pdf
https://pastpapers.co/caie/a-level/english-9093/2020-may-june/9093_s20_ms_33.pdf,Question Banks/Cambridge Curricula/Cambridge AS and A Level/English 1st (9093)/A Level/2020/May-June (Variant 3),9093_s20_ms_33.pdf,,http,,MSMark Scheme 3 (v3),https://pastpapers.co/caie/a-level/english-9093/2020-may-june/9093_s20_qp_12.pdf
https://pastpapers.co/caie/a-level/english-9093/2020-may-june/9093_s20_ms_41.pdf,Question Banks/Cambridge Curricula/Cambridge AS and A Level/English 1st (9093)/A Level/2020/May-June (Variant 1),9093_s20_ms_41.pdf,,http,,MSMark Scheme 4 (v1),https://pastpapers.co/caie/a-level/english-9093/2020-may-june/9093_s20_qp_12.pdf
https://pastpapers.co/caie/a-level/english-9093/2020-may-june/9093_s20_ms_42.pdf,Question Banks/Cambridge Curricula/Cambridge AS and A Level/English 1st (9093)/A Level/2020/May-June (Variant 2),9093_s20_ms_42.pdf,,http,,MSMark Scheme 4 (v2),https://pastpapers.co/caie/a-level/english-9093/2020-may-june/9093_s20_qp_12.pdf
https://pastpapers.co/caie/a-level/english-9093/2020-may-june/9093_s20_ms_43.pdf,Question Banks/Cambridge Curricula/Cambridge AS and A Level/English 1st (9093)/A Level/2020/May-June (Variant 3),9093_s20_ms_43.pdf,,http,,MSMark Scheme 4 (v3),https://pastpapers.co/caie/a-level/english-9093/2020-may-june/9093_s20_qp_12.pdf
https://pastpapers.co/caie/a-level/english-9093/2021-may-june/9093_s21_ms_11.pdf,Question Banks/Cambridge Curricula/Cambridge AS and A Level/English 1st (9093)/AS Level/2021/May-June (Variant 1),9093_s21_ms_11.pdf,,http,,MSMark Scheme 1 (v1),https://pastpapers.co/caie/a-level/english-9093/2021-may-june/9093_s21_qp_12.pdf
https://pastpapers.co/caie/a-level/english-9093/2021-may-june/9093_s21_ms_12.pdf,Question Banks/Cambridge Curricula/Cambridge AS and A Level/English 1st (9093)/AS Level/2021/May-June (Variant 2),9093_s21_ms_12.pdf,,http,,MSMark Scheme 1 (v2),https://pastpapers.co/caie/a-level/english-9093/2021-may-june/9093_s21_qp_12.pdf
https://pastpapers.co/caie/a-level/english-9093/2021-may-june/9093_s21_ms_13.pdf,Question Banks/Cambridge Curricula/Cambridge AS and A Level/English 1st (9093)/AS Level/2021/May-June (Variant 3),9093_s21_ms_13.pdf,,http,,MSMark Scheme 1 (v3),https://pastpapers.co/caie/a-level/english-9093/2021-may-june/9093_s21_qp_12.pdf
https://pastpapers.co/caie/a-level/english-9093/2021-may-june/9093_s21_ms_21.pdf,Question Banks/Cambridge Curricula/Cambridge AS and A Level/English 1st (9093)/AS Level/2021/May-June (Variant 1),9093_s21_ms_21.pdf,,http,,MSMark Scheme 2 (v1),https://pastpapers.co/caie/a-level/english-9093/2021-may-june/9093_s21_qp_12.pdf
https://pastpapers.co/caie/a-level/english-9093/2021-may-june/9093_s21_ms_22.pdf,Question Banks/Cambridge Curricula/Cambridge AS and A Level/English 1st (9093)/AS Level/2021/May-June (Variant 2),9093_s21_ms_22.pdf,,http,,MSMark Scheme 2 (v2),https://pastpapers.co/caie/a-level/english-9093/2021-may-june/9093_s21_qp_12.pdf
https://pastpapers.co/caie/a-level/english-9093/2021-may-june/9093_s21_ms_23.pdf,Question Banks/Cambridge Curricula/Cambridge AS and A Level/English 1st (9093)/AS Level/2021/May-June (Variant 3),9093_s21_ms_23.pdf,,http,,MSMark Scheme 2 (v3),https://pastpapers.co/caie/a-level/english-9093/2021-may-june/9093_s21_qp_12.pdf
https://pastpapers.co/caie/a-level/english-9093/2021-may-june/9093_s21_ms_31.pdf,Question Banks/Cambridge Curricula/Cambridge AS and A Level/English 1st (9093)/A Level/2021/May-June (Variant 1),9093_s21_ms_31.pdf,,http,,MSMark Scheme 3 (v1),https://pastpapers.co/caie/a-level/english-9093/2021-may-june/9093_s21_qp_12.pdf
https://pastpapers.co/caie/a-level/english-9093/2021-may-june/9093_s21_ms_32.pdf,Question Banks/Cambridge Curricula/Cambridge AS and A Level/English 1st (9093)/A Level/2021/May-June (Variant 2),9093_s21_ms_32.pdf,,http,,MSMark Scheme 3 (v2),https://pastpapers.co/caie/a-level/english-9093/2021-may-june/9093_s21_qp_12.pdf
https://pastpapers.co/caie/a-level/english-9093/2021-may-june/9093_s21_ms_33.pdf,Question Banks/Cambridge Curricula/Cambridge AS and A Level/English 1st (9093)/A Level/2021/May-June (Variant 3),9093_s21_ms_33.pdf,,http,,MSMark Scheme 3 (v3),https://pastpapers.co/caie/a-level/english-9093/2021-may-june/9093_s21_qp_12.pdf
https://pastpapers.co/caie/a-level/english-9093/2021-may-june/9093_s21_ms_41.pdf,Question Banks/Cambridge Curricula/Cambridge AS and A Level/English 1st (9093)/A Level/2021/May-June (Variant 1),9093_s21_ms_41.pdf,,http,,MSMark Scheme 4 (v1),https://pastpapers.co/caie/a-level/english-9093/2021-may-june/9093_s21_qp_12.pdf
https://pastpapers.co/caie/a-level/english-9093/2021-may-june/9093_s21_ms_42.pdf,Question Banks/Cambridge Curricula/Cambridge AS and A Level/English 1st (9093)/A Level/2021/May-June (Variant 2),9093_s21_ms_42.pdf,,http,,MSMark Scheme 4 (v2),https://pastpapers.co/caie/a-level/english-9093/2021-may-june/9093_s21_qp_12.pdf
https://pastpapers.co/caie/a-level/english-9093/2021-may-june/9093_s21_ms_43.pdf,Question Banks/Cambridge Curricula/Cambridge AS and A Level/English 1st (9093)/A Level/2021/May-June (Variant 3),9093_s21_ms_43.pdf,,http,,MSMark Scheme 4 (v3),https://pastpapers.co/caie/a-level/english-9093/2021-may-june/9093_s21_qp_12.pdf
https://pastpapers.co/caie/a-level/english-9093/2022-may-june/9093_s22_ms_11.pdf,Question Banks/Cambridge Curricula/Cambridge AS and A Level/English 1st (9093)/AS Level/2022/May-June (Variant 1),9093_s22_ms_11.pdf,,http,,MSMark Scheme 1 (v1),https://pastpapers.co/caie/a-level/english-9093/2022-may-june/9093_s22_qp_12.pdf
https://pastpapers.co/caie/a-level/english-9093/2022-may-june/9093_s22_ms_12.pdf,Question Banks/Cambridge Curricula/Cambridge AS and A Level/English 1st (9093)/AS Level/2022/May-June (Variant 2),9093_s22_ms_12.pdf,,http,,MSMark Scheme 1 (v2),https://pastpapers.co/caie/a-level/english-9093/2022-may-june/9093_s22_qp_12.pdf
https://pastpapers.co/caie/a-level/english-9093/2022-may-june/9093_s22_ms_13.pdf,Question Banks/Cambridge Curricula/Cambridge AS and A Level/English 1st (9093)/AS Level/2022/May-June (Variant 3),9093_s22_ms_13.pdf,,http,,MSMark Scheme 1 (v3),https://pastpapers.co/caie/a-level/english-9093/2022-may-june/9093_s22_qp_12.pdf
https://pastpapers.co/caie/a-level/english-9093/2022-may-june/9093_s22_ms_21.pdf,Question Banks/Cambridge Curricula/Cambridge AS and A Level/English 1st (9093)/AS Level/2022/May-June (Variant 1),9093_s22_ms_21.pdf,,http,,MSMark Scheme 2 (v1),https://pastpapers.co/caie/a-level/english-9093/2022-may-june/9093_s22_qp_12.pdf
https://pastpapers.co/caie/a-level/english-9093/2022-may-june/9093_s22_ms_22.pdf,Question Banks/Cambridge Curricula/Cambridge AS and A Level/English 1st (9093)/AS Level/2022/May-June (Variant 2),9093_s22_ms_22.pdf,,http,,MSMark Scheme 2 (v2),https://pastpapers.co/caie/a-level/english-9093/2022-may-june/9093_s22_qp_12.pdf
https://pastpapers.co/caie/a-level/english-9093/2022-may-june/9093_s22_ms_23.pdf,Question Banks/Cambridge Curricula/Cambridge AS and A Level/English 1st (9093)/AS Level/2022/May-June (Variant 3),9093_s22_ms_23.pdf,,http,,MSMark Scheme 2 (v3),https://pastpapers.co/caie/a-level/english-9093/2022-may-june/9093_s22_qp_12.pdf
https://pastpapers.co/caie/a-level/english-9093/2022-may-june/9093_s22_ms_31.pdf,Question Banks/Cambridge Curricula/Cambridge AS and A Level/English 1st (9093)/A Level/2022/May-June (Variant 1),9093_s22_ms_31.pdf,,http,,MSMark Scheme 3 (v1),https://pastpapers.co/caie/a-level/english-9093/2022-may-june/9093_s22_qp_12.pdf
https://pastpapers.co/caie/a-level/english-9093/2022-may-june/9093_s22_ms_32.pdf,Question Banks/Cambridge Curricula/Cambridge AS and A Level/English 1st (9093)/A Level/2022/May-June (Variant 2),9093_s22_ms_32.pdf,,http,,MSMark Scheme 3 (v2),https://pastpapers.co/caie/a-level/english-9093/2022-may-june/9093_s22_qp_12.pdf
https://pastpapers.co/caie/a-level/english-9093/2022-may-june/9093_s22_ms_33.pdf,Question Banks/Cambridge Curricula/Cambridge AS and A Level/English 1st (9093)/A Level/2022/May-June (Variant 3),9093_s22_ms_33.pdf,,http,,MSMark Scheme 3 (v3),https://pastpapers.co/caie/a-level/english-9093/2022-may-june/9093_s22_qp_12.pdf
https://pastpapers.co/caie/a-level/english-9093/2022-may-june/9093_s22_ms_41.pdf,Question Banks/Cambridge Curricula/Cambridge AS and A Level/English 1st (9093)/A Level/2022/May-June (Variant 1),9093_s22_ms_41.pdf,,http,,MSMark Scheme 4 (v1),https://pastpapers.co/caie/a-level/english-9093/2022-may-june/9093_s22_qp_12.pdf
https://pastpapers.co/caie/a-level/english-9093/2022-may-june/9093_s22_ms_42.pdf,Question Banks/Cambridge Curricula/Cambridge AS and A Level/English 1st (9093)/A Level/2022/May-June (Variant 2),9093_s22_ms_42.pdf,,http,,MSMark Scheme 4 (v2),https://pastpapers.co/caie/a-level/english-9093/2022-may-june/9093_s22_qp_12.pdf
https://pastpapers.co/caie/a-level/english-9093/2022-may-june/9093_s22_ms_43.pdf,Question Banks/Cambridge Curricula/Cambridge AS and A Level/English 1st (9093)/A Level/2022/May-June (Variant 3),9093_s22_ms_43.pdf,,http,,MSMark Scheme 4 (v3),https://pastpapers.co/caie/a-level/english-9093/2022-may-june/9093_s22_qp_12.pdf
https://pastpapers.co/caie/a-level/english-9093/2023-may-june/9093_s23_ms_11.pdf,Question Banks/Cambridge Curricula/Cambridge AS and A Level/English 1st (9093)/AS Level/2023/May-June (Variant 1),9093_s23_ms_11.pdf,,http,,MSMark Scheme 1 (v1),https://pastpapers.co/caie/a-level/english-9093/2023-may-june/9093_s23_qp_12.pdf
https://pastpapers.co/caie/a-level/english-9093/2023-may-june/9093_s23_ms_12.pdf,Question Banks/Cambridge Curricula/Cambridge AS and A Level/English 1st (9093)/AS Level/2023/May-June (Variant 2),9093_s23_ms_12.pdf,,http,,MSMark Scheme 1 (v2),https://pastpapers.co/caie/a-level/english-9093/2023-may-june/9093_s23_qp_12.pdf
https://pastpapers.co/caie/a-level/english-9093/2023-may-june/9093_s23_ms_13.pdf,Question Banks/Cambridge Curricula/Cambridge AS and A Level/English 1st (9093)/AS Level/2023/May-June (Variant 3),9093_s23_ms_13.pdf,,http,,MSMark Scheme 1 (v3),https://pastpapers.co/caie/a-level/english-9093/2023-may-june/9093_s23_qp_12.pdf
https://pastpapers.co/caie/a-level/english-9093/2023-may-june/9093_s23_ms_21.pdf,Question Banks/Cambridge Curricula/Cambridge AS and A Level/English 1st (9093)/AS Level/2023/May-June (Variant 1),9093_s23_ms_21.pdf,,http,,MSMark Scheme 2 (v1),https://pastpapers.co/caie/a-level/english-9093/2023-may-june/9093_s23_qp_12.pdf
https://pastpapers.co/caie/a-level/english-9093/2023-may-june/9093_s23_ms_22.pdf,Question Banks/Cambridge Curricula/Cambridge AS and A Level/English 1st (9093)/AS Level/2023/May-June (Variant 2),9093_s23_ms_22.pdf,,http,,MSMark Scheme 2 (v2),https://pastpapers.co/caie/a-level/english-9093/2023-may-june/9093_s23_qp_12.pdf
https://pastpapers.co/caie/a-level/english-9093/2023-may-june/9093_s23_ms_23.pdf,Question Banks/Cambridge Curricula/Cambridge AS and A Level/English 1st (9093)/AS Level/2023/May-June (Variant 3),9093_s23_ms_23.pdf,,http,,MSMark Scheme 2 (v3),https://pastpapers.co/caie/a-level/english-9093/2023-may-june/9093_s23_qp_12.pdf
https://pastpapers.co/caie/a-level/english-9093/2023-may-june/9093_s23_ms_31.pdf,Question Banks/Cambridge Curricula/Cambridge AS and A Level/English 1st (9093)/A Level/2023/May-June (Variant 1),9093_s23_ms_31.pdf,,http,,MSMark Scheme 3 (v1),https://pastpapers.co/caie/a-level/english-9093/2023-may-june/9093_s23_qp_12.pdf
https://pastpapers.co/caie/a-level/english-9093/2023-may-june/9093_s23_ms_32.pdf,Question Banks/Cambridge Curricula/Cambridge AS and A Level/English 1st (9093)/A Level/2023/May-June (Variant 2),9093_s23_ms_32.pdf,,http,,MSMark Scheme 3 (v2),https://pastpapers.co/caie/a-level/english-9093/2023-may-june/9093_s23_qp_12.pdf
https://pastpapers.co/caie/a-level/english-9093/2023-may-june/9093_s23_ms_33.pdf,Question Banks/Cambridge Curricula/Cambridge AS and A Level/English 1st (9093)/A Level/2023/May-June (Variant 3),9093_s23_ms_33.pdf,,http,,MSMark Scheme 3 (v3),https://pastpapers.co/caie/a-level/english-9093/2023-may-june/9093_s23_qp_12.pdf
https://pastpapers.co/caie/a-level/english-9093/2023-may-june/9093_s23_ms_41.pdf,Question Banks/Cambridge Curricula/Cambridge AS and A Level/English 1st (9093)/A Level/2023/May-June (Variant 1),9093_s23_ms_41.pdf,,http,,MSMark Scheme 4 (v1),https://pastpapers.co/caie/a-level/english-9093/2023-may-june/9093_s23_qp_12.pdf
https://pastpapers.co/caie/a-level/english-9093/2023-may-june/9093_s23_ms_42.pdf,Question Banks/Cambridge Curricula/Cambridge AS and A Level/English 1st (9093)/A Level/2023/May-June (Variant 2),9093_s23_ms_42.pdf,,http,,MSMark Scheme 4 (v2),https://pastpapers.co/caie/a-level/english-9093/2023-may-june/9093_s23_qp_12.pdf
https://pastpapers.co/caie/a-level/english-9093/2023-may-june/9093_s23_ms_43.pdf,Question Banks/Cambridge Curricula/Cambridge AS and A Level/English 1st (9093)/A Level/2023/May-June (Variant 3),9093_s23_ms_43.pdf,,http,,MSMark Scheme 4 (v3),https://pastpapers.co/caie/a-level/english-9093/2023-may-june/9093_s23_qp_12.pdf
https://pastpapers.co/caie/a-level/english-9093/2024-may-june/9093_s24_ms_11.pdf,Question Banks/Cambridge Curricula/Cambridge AS and A Level/English 1st (9093)/AS Level/2024/May-June (Variant 1),9093_s24_ms_11.pdf,,http,,MSMark Scheme 1 (v1),https://pastpapers.co/caie/a-level/english-9093/2024-may-june/9093_s24_qp_12.pdf
https://pastpapers.co/caie/a-level/english-9093/2024-may-june/9093_s24_ms_12.pdf,Question Banks/Cambridge Curricula/Cambridge AS and A Level/English 1st (9093)/AS Level/2024/May-June (Variant 2),9093_s24_ms_12.pdf,,http,,MSMark Scheme 1 (v2),https://pastpapers.co/caie/a-level/english-9093/2024-may-june/9093_s24_qp_12.pdf
https://pastpapers.co/caie/a-level/english-9093/2024-may-june/9093_s24_ms_13.pdf,Question Banks/Cambridge Curricula/Cambridge AS and A Level/English 1st (9093)/AS Level/2024/May-June (Variant 3),9093_s24_ms_13.pdf,,http,,MSMark Scheme 1 (v3),https://pastpapers.co/caie/a-level/english-9093/2024-may-june/9093_s24_qp_12.pdf
https://pastpapers.co/caie/a-level/english-9093/2024-may-june/9093_s24_ms_21.pdf,Question Banks/Cambridge Curricula/Cambridge AS and A Level/English 1st (9093)/AS Level/2024/May-June (Variant 1),9093_s24_ms_21.pdf,,http,,MSMark Scheme 2 (v1),https://pastpapers.co/caie/a-level/english-9093/2024-may-june/9093_s24_qp_12.pdf
https://pastpapers.co/caie/a-level/english-9093/2024-may-june/9093_s24_ms_22.pdf,Question Banks/Cambridge Curricula/Cambridge AS and A Level/English 1st (9093)/AS Level/2024/May-June (Variant 2),9093_s24_ms_22.pdf,,http,,MSMark Scheme 2 (v2),https://pastpapers.co/caie/a-level/english-9093/2024-may-june/9093_s24_qp_12.pdf
https://pastpapers.co/caie/a-level/english-9093/2024-may-june/9093_s24_ms_23.pdf,Question Banks/Cambridge Curricula/Cambridge AS and A Level/English 1st (9093)/AS Level/2024/May-June (Variant 3),9093_s24_ms_23.pdf,,http,,MSMark Scheme 2 (v3),https://pastpapers.co/caie/a-level/english-9093/2024-may-june/9093_s24_qp_12.pdf
https://pastpapers.co/caie/a-level/english-9093/2024-may-june/9093_s24_ms_31.pdf,Question Banks/Cambridge Curricula/Cambridge AS and A Level/English 1st (9093)/A Level/2024/May-June (Variant 1),9093_s24_ms_31.pdf,,http,,MSMark Scheme 3 (v1),https://pastpapers.co/caie/a-level/english-9093/2024-may-june/9093_s24_qp_12.pdf
https://pastpapers.co/caie/a-level/english-9093/2024-may-june/9093_s24_ms_32.pdf,Question Banks/Cambridge Curricula/Cambridge AS and A Level/English 1st (9093)/A Level/2024/May-June (Variant 2),9093_s24_ms_32.pdf,,http,,MSMark Scheme 3 (v2),https://pastpapers.co/caie/a-level/english-9093/2024-may-june/9093_s24_qp_12.pdf
https://pastpapers.co/caie/a-level/english-9093/2024-may-june/9093_s24_ms_33.pdf,Question Banks/Cambridge Curricula/Cambridge AS and A Level/English 1st (9093)/A Level/2024/May-June (Variant 3),9093_s24_ms_33.pdf,,http,,MSMark Scheme 3 (v3),https://pastpapers.co/caie/a-level/english-9093/2024-may-june/9093_s24_qp_12.pdf
https://pastpapers.co/caie/a-level/english-9093/2024-may-june/9093_s24_ms_41.pdf,Question Banks/Cambridge Curricula/Cambridge AS and A Level/English 1st (9093)/A Level/2024/May-June (Variant 1),9093_s24_ms_41.pdf,,http,,MSMark Scheme 4 (v1),https://pastpapers.co/caie/a-level/english-9093/2024-may-june/9093_s24_qp_12.pdf
https://pastpapers.co/caie/a-level/english-9093/2024-may-june/9093_s24_ms_42.pdf,Question Banks/Cambridge Curricula/Cambridge AS and A Level/English 1st (9093)/A Level/2024/May-June (Variant 2),9093_s24_ms_42.pdf,,http,,MSMark Scheme 4 (v2),https://pastpapers.co/caie/a-level/english-9093/2024-may-june/9093_s24_qp_12.pdf
https://pastpapers.co/caie/a-level/english-9093/2024-may-june/9093_s24_ms_43.pdf,Question Banks/Cambridge Curricula/Cambridge AS and A Level/English 1st (9093)/A Level/2024/May-June (Variant 3),9093_s24_ms_43.pdf,,http,,MSMark Scheme 4 (v3),https://pastpapers.co/caie/a-level/english-9093/2024-may-june/9093_s24_qp_12.pdf
https://pastpapers.co/caie/a-level/english-9093/2025-may-june/9093_s25_ms_11.pdf,Question Banks/Cambridge Curricula/Cambridge AS and A Level/English 1st (9093)/AS Level/2025/May-June (Variant 1),9093_s25_ms_11.pdf,,http,,MSMark Scheme 1 (v1),https://pastpapers.co/caie/a-level/english-9093/2025-may-june/9093_s25_qp_12.pdf
https://pastpapers.co/caie/a-level/english-9093/2025-may-june/9093_s25_ms_12.pdf,Question Banks/Cambridge Curricula/Cambridge AS and A Level/English 1st (9093)/AS Level/2025/May-June (Variant 2),9093_s25_ms_12.pdf,,http,,MSMark Scheme 1 (v2),https://pastpapers.co/caie/a-level/english-9093/2025-may-june/9093_s25_qp_12.pdf
https://pastpapers.co/caie/a-level/english-9093/2025-may-june/9093_s25_ms_13.pdf,Question Banks/Cambridge Curricula/Cambridge AS and A Level/English 1st (9093)/AS Level/2025/May-June (Variant 3),9093_s25_ms_13.pdf,,http,,MSMark Scheme 1 (v3),https://pastpapers.co/caie/a-level/english-9093/2025-may-june/9093_s25_qp_12.pdf
https://pastpapers.co/caie/a-level/english-9093/2025-may-june/9093_s25_ms_21.pdf,Question Banks/Cambridge Curricula/Cambridge AS and A Level/English 1st (9093)/AS Level/2025/May-June (Variant 1),9093_s25_ms_21.pdf,,http,,MSMark Scheme 2 (v1),https://pastpapers.co/caie/a-level/english-9093/2025-may-june/9093_s25_qp_12.pdf
https://pastpapers.co/caie/a-level/english-9093/2025-may-june/9093_s25_ms_22.pdf,Question Banks/Cambridge Curricula/Cambridge AS and A Level/English 1st (9093)/AS Level/2025/May-June (Variant 2),9093_s25_ms_22.pdf,,http,,MSMark Scheme 2 (v2),https://pastpapers.co/caie/a-level/english-9093/2025-may-june/9093_s25_qp_12.pdf
https://pastpapers.co/caie/a-level/english-9093/2025-may-june/9093_s25_ms_23.pdf,Question Banks/Cambridge Curricula/Cambridge AS and A Level/English 1st (9093)/AS Level/2025/May-June (Variant 3),9093_s25_ms_23.pdf,,http,,MSMark Scheme 2 (v3),https://pastpapers.co/caie/a-level/english-9093/2025-may-june/9093_s25_qp_12.pdf
https://pastpapers.co/caie/a-level/english-9093/2025-may-june/9093_s25_ms_31.pdf,Question Banks/Cambridge Curricula/Cambridge AS and A Level/English 1st (9093)/A Level/2025/May-June (Variant 1),9093_s25_ms_31.pdf,,http,,MSMark Scheme 3 (v1),https://pastpapers.co/caie/a-level/english-9093/2025-may-june/9093_s25_qp_12.pdf
https://pastpapers.co/caie/a-level/english-9093/2025-may-june/9093_s25_ms_32.pdf,Question Banks/Cambridge Curricula/Cambridge AS and A Level/English 1st (9093)/A Level/2025/May-June (Variant 2),9093_s25_ms_32.pdf,,http,,MSMark Scheme 3 (v2),https://pastpapers.co/caie/a-level/english-9093/2025-may-june/9093_s25_qp_12.pdf
https://pastpapers.co/caie/a-level/english-9093/2025-may-june/9093_s25_ms_33.pdf,Question Banks/Cambridge Curricula/Cambridge AS and A Level/English 1st (9093)/A Level/2025/May-June (Variant 3),9093_s25_ms_33.pdf,,http,,MSMark Scheme 3 (v3),https://pastpapers.co/caie/a-level/english-9093/2025-may-june/9093_s25_qp_12.pdf
https://pastpapers.co/caie/a-level/english-9093/2025-may-june/9093_s25_ms_41.pdf,Question Banks/Cambridge Curricula/Cambridge AS and A Level/English 1st (9093)/A Level/2025/May-June (Variant 1),9093_s25_ms_41.pdf,,http,,MSMark Scheme 4 (v1),https://pastpapers.co/caie/a-level/english-9093/2025-may-june/9093_s25_qp_12.pdf
https://pastpapers.co/caie/a-level/english-9093/2025-may-june/9093_s25_ms_42.pdf,Question Banks/Cambridge Curricula/Cambridge AS and A Level/English 1st (9093)/A Level/2025/May-June (Variant 2),9093_s25_ms_42.pdf,,http,,MSMark Scheme 4 (v2),https://pastpapers.co/caie/a-level/english-9093/2025-may-june/9093_s25_qp_12.pdf
https://pastpapers.co/caie/a-level/english-9093/2025-may-june/9093_s25_ms_43.pdf,Question Banks/Cambridge Curricula/Cambridge AS and A Level/English 1st (9093)/A Level/2025/May-June (Variant 3),9093_s25_ms_43.pdf,,http,,MSMark Scheme 4 (v3),https://pastpapers.co/caie/a-level/english-9093/2025-may-june/9093_s25_qp_12.pdf
https://pastpapers.co/caie/a-level/english-9093/2020-oct-nov/9093_w20_ms_11.pdf,Question Banks/Cambridge Curricula/Cambridge AS and A Level/English 1st (9093)/AS Level/2020/Oct-Nov (Variant 1),9093_w20_ms_11.pdf,,http,,MSMark Scheme 1 (v1),https://pastpapers.co/caie/a-level/english-9093/2020-oct-nov/9093_w20_qp_12.pdf
https://pastpapers.co/caie/a-level/english-9093/2020-oct-nov/9093_w20_ms_12.pdf,Question Banks/Cambridge Curricula/Cambridge AS and A Level/English 1st (9093)/AS Level/2020/Oct-Nov (Variant 2),9093_w20_ms_12.pdf,,http,,MSMark Scheme 1 (v2),https://pastpapers.co/caie/a-level/english-9093/2020-oct-nov/9093_w20_qp_12.pdf
https://pastpapers.co/caie/a-level/english-9093/2020-oct-nov/9093_w20_ms_13.pdf,Question Banks/Cambridge Curricula/Cambridge AS and A Level/English 1st (9093)/AS Level/2020/Oct-Nov (Variant 3),9093_w20_ms_13.pdf,,http,,MSMark Scheme 1 (v3),https://pastpapers.co/caie/a-level/english-9093/2020-oct-nov/9093_w20_qp_12.pdf
https://pastpapers.co/caie/a-level/english-9093/2020-oct-nov/9093_w20_ms_21.pdf,Question Banks/Cambridge Curricula/Cambridge AS and A Level/English 1st (9093)/AS Level/2020/Oct-Nov (Variant 1),9093_w20_ms_21.pdf,,http,,MSMark Scheme 2 (v1),https://pastpapers.co/caie/a-level/english-9093/2020-oct-nov/9093_w20_qp_12.pdf
https://pastpapers.co/caie/a-level/english-9093/2020-oct-nov/9093_w20_ms_22.pdf,Question Banks/Cambridge Curricula/Cambridge AS and A Level/English 1st (9093)/AS Level/2020/Oct-Nov (Variant 2),9093_w20_ms_22.pdf,,http,,MSMark Scheme 2 (v2),https://pastpapers.co/caie/a-level/english-9093/2020-oct-nov/9093_w20_qp_12.pdf
https://pastpapers.co/caie/a-level/english-9093/2020-oct-nov/9093_w20_ms_23.pdf,Question Banks/Cambridge Curricula/Cambridge AS and A Level/English 1st (9093)/AS Level/2020/Oct-Nov (Variant 3),9093_w20_ms_23.pdf,,http,,MSMark Scheme 2 (v3),https://pastpapers.co/caie/a-level/english-9093/2020-oct-nov/9093_w20_qp_12.pdf
https://pastpapers.co/caie/a-level/english-9093/2020-oct-nov/9093_w20_ms_31.pdf,Question Banks/Cambridge Curricula/Cambridge AS and A Level/English 1st (9093)/A Level/2020/Oct-Nov (Variant 1),9093_w20_ms_31.pdf,,http,,MSMark Scheme 3 (v1),https://pastpapers.co/caie/a-level/english-9093/2020-oct-nov/9093_w20_qp_12.pdf
https://pastpapers.co/caie/a-level/english-9093/2020-oct-nov/9093_w20_ms_32.pdf,Question Banks/Cambridge Curricula/Cambridge AS and A Level/English 1st (9093)/A Level/2020/Oct-Nov (Variant 2),9093_w20_ms_32.pdf,,http,,MSMark Scheme 3 (v2),https://pastpapers.co/caie/a-level/english-9093/2020-oct-nov/9093_w20_qp_12.pdf
https://pastpapers.co/caie/a-level/english-9093/2020-oct-nov/9093_w20_ms_33.pdf,Question Banks/Cambridge Curricula/Cambridge AS and A Level/English 1st (9093)/A Level/2020/Oct-Nov (Variant 3),9093_w20_ms_33.pdf,,http,,MSMark Scheme 3 (v3),https://pastpapers.co/caie/a-level/english-9093/2020-oct-nov/9093_w20_qp_12.pdf
https://pastpapers.co/caie/a-level/english-9093/2020-oct-nov/9093_w20_ms_41.pdf,Question Banks/Cambridge Curricula/Cambridge AS and A Level/English 1st (9093)/A Level/2020/Oct-Nov (Variant 1),9093_w20_ms_41.pdf,,http,,MSMark Scheme 4 (v1),https://pastpapers.co/caie/a-level/english-9093/2020-oct-nov/9093_w20_qp_12.pdf
https://pastpapers.co/caie/a-level/english-9093/2020-oct-nov/9093_w20_ms_42.pdf,Question Banks/Cambridge Curricula/Cambridge AS and A Level/English 1st (9093)/A Level/2020/Oct-Nov (Variant 2),9093_w20_ms_42.pdf,,http,,MSMark Scheme 4 (v2),https://pastpapers.co/caie/a-level/english-9093/2020-oct-nov/9093_w20_qp_12.pdf
https://pastpapers.co/caie/a-level/english-9093/2020-oct-nov/9093_w20_ms_43.pdf,Question Banks/Cambridge Curricula/Cambridge AS and A Level/English 1st (9093)/A Level/2020/Oct-Nov (Variant 3),9093_w20_ms_43.pdf,,http,,MSMark Scheme 4 (v3),https://pastpapers.co/caie/a-level/english-9093/2020-oct-nov/9093_w20_qp_12.pdf
https://pastpapers.co/caie/a-level/english-9093/2021-oct-nov/9093_w21_ms_11.pdf,Question Banks/Cambridge Curricula/Cambridge AS and A Level/English 1st (9093)/AS Level/2021/Oct-Nov (Variant 1),9093_w21_ms_11.pdf,,http,,MSMark Scheme 1 (v1),https://pastpapers.co/caie/a-level/english-9093/2021-oct-nov/9093_w21_qp_12.pdf
https://pastpapers.co/caie/a-level/english-9093/2021-oct-nov/9093_w21_ms_12.pdf,Question Banks/Cambridge Curricula/Cambridge AS and A Level/English 1st (9093)/AS Level/2021/Oct-Nov (Variant 2),9093_w21_ms_12.pdf,,http,,MSMark Scheme 1 (v2),https://pastpapers.co/caie/a-level/english-9093/2021-oct-nov/9093_w21_qp_12.pdf
https://pastpapers.co/caie/a-level/english-9093/2021-oct-nov/9093_w21_ms_13.pdf,Question Banks/Cambridge Curricula/Cambridge AS and A Level/English 1st (9093)/AS Level/2021/Oct-Nov (Variant 3),9093_w21_ms_13.pdf,,http,,MSMark Scheme 1 (v3),https://pastpapers.co/caie/a-level/english-9093/2021-oct-nov/9093_w21_qp_12.pdf
https://pastpapers.co/caie/a-level/english-9093/2021-oct-nov/9093_w21_ms_21.pdf,Question Banks/Cambridge Curricula/Cambridge AS and A Level/English 1st (9093)/AS Level/2021/Oct-Nov (Variant 1),9093_w21_ms_21.pdf,,http,,MSMark Scheme 2 (v1),https://pastpapers.co/caie/a-level/english-9093/2021-oct-nov/9093_w21_qp_12.pdf
https://pastpapers.co/caie/a-level/english-9093/2021-oct-nov/9093_w21_ms_22.pdf,Question Banks/Cambridge Curricula/Cambridge AS and A Level/English 1st (9093)/AS Level/2021/Oct-Nov (Variant 2),9093_w21_ms_22.pdf,,http,,MSMark Scheme 2 (v2),https://pastpapers.co/caie/a-level/english-9093/2021-oct-nov/9093_w21_qp_12.pdf
https://pastpapers.co/caie/a-level/english-9093/2021-oct-nov/9093_w21_ms_23.pdf,Question Banks/Cambridge Curricula/Cambridge AS and A Level/English 1st (9093)/AS Level/2021/Oct-Nov (Variant 3),9093_w21_ms_23.pdf,,http,,MSMark Scheme 2 (v3),https://pastpapers.co/caie/a-level/english-9093/2021-oct-nov/9093_w21_qp_12.pdf
https://pastpapers.co/caie/a-level/english-9093/2021-oct-nov/9093_w21_ms_31.pdf,Question Banks/Cambridge Curricula/Cambridge AS and A Level/English 1st (9093)/A Level/2021/Oct-Nov (Variant 1),9093_w21_ms_31.pdf,,http,,MSMark Scheme 3 (v1),https://pastpapers.co/caie/a-level/english-9093/2021-oct-nov/9093_w21_qp_12.pdf
https://pastpapers.co/caie/a-level/english-9093/2021-oct-nov/9093_w21_ms_32.pdf,Question Banks/Cambridge Curricula/Cambridge AS and A Level/English 1st (9093)/A Level/2021/Oct-Nov (Variant 2),9093_w21_ms_32.pdf,,http,,MSMark Scheme 3 (v2),https://pastpapers.co/caie/a-level/english-9093/2021-oct-nov/9093_w21_qp_12.pdf
https://pastpapers.co/caie/a-level/english-9093/2021-oct-nov/9093_w21_ms_33.pdf,Question Banks/Cambridge Curricula/Cambridge AS and A Level/English 1st (9093)/A Level/2021/Oct-Nov (Variant 3),9093_w21_ms_33.pdf,,http,,MSMark Scheme 3 (v3),https://pastpapers.co/caie/a-level/english-9093/2021-oct-nov/9093_w21_qp_12.pdf
https://pastpapers.co/caie/a-level/english-9093/2021-oct-nov/9093_w21_ms_41.pdf,Question Banks/Cambridge Curricula/Cambridge AS and A Level/English 1st (9093)/A Level/2021/Oct-Nov (Variant 1),9093_w21_ms_41.pdf,,http,,MSMark Scheme 4 (v1),https://pastpapers.co/caie/a-level/english-9093/2021-oct-nov/9093_w21_qp_12.pdf
https://pastpapers.co/caie/a-level/english-9093/2021-oct-nov/9093_w21_ms_42.pdf,Question Banks/Cambridge Curricula/Cambridge AS and A Level/English 1st (9093)/A Level/2021/Oct-Nov (Variant 2),9093_w21_ms_42.pdf,,http,,MSMark Scheme 4 (v2),https://pastpapers.co/caie/a-level/english-9093/2021-oct-nov/9093_w21_qp_12.pdf
https://pastpapers.co/caie/a-level/english-9093/2021-oct-nov/9093_w21_ms_43.pdf,Question Banks/Cambridge Curricula/Cambridge AS and A Level/English 1st (9093)/A Level/2021/Oct-Nov (Variant 3),9093_w21_ms_43.pdf,,http,,MSMark Scheme 4 (v3),https://pastpapers.co/caie/a-level/english-9093/2021-oct-nov/9093_w21_qp_12.pdf
https://pastpapers.co/caie/a-level/english-9093/2022-oct-nov/9093_w22_ms_11.pdf,Question Banks/Cambridge Curricula/Cambridge AS and A Level/English 1st (9093)/AS Level/2022/Oct-Nov (Variant 1),9093_w22_ms_11.pdf,,http,,MSMark Scheme 1 (v1),https://pastpapers.co/caie/a-level/english-9093/2022-oct-nov/9093_w22_qp_12.pdf
https://pastpapers.co/caie/a-level/english-9093/2022-oct-nov/9093_w22_ms_12.pdf,Question Banks/Cambridge Curricula/Cambridge AS and A Level/English 1st (9093)/AS Level/2022/Oct-Nov (Variant 2),9093_w22_ms_12.pdf,,http,,MSMark Scheme 1 (v2),https://pastpapers.co/caie/a-level/english-9093/2022-oct-nov/9093_w22_qp_12.pdf
https://pastpapers.co/caie/a-level/english-9093/2022-oct-nov/9093_w22_ms_13.pdf,Question Banks/Cambridge Curricula/Cambridge AS and A Level/English 1st (9093)/AS Level/2022/Oct-Nov (Variant 3),9093_w22_ms_13.pdf,,http,,MSMark Scheme 1 (v3),https://pastpapers.co/caie/a-level/english-9093/2022-oct-nov/9093_w22_qp_12.pdf
https://pastpapers.co/caie/a-level/english-9093/2022-oct-nov/9093_w22_ms_21.pdf,Question Banks/Cambridge Curricula/Cambridge AS and A Level/English 1st (9093)/AS Level/2022/Oct-Nov (Variant 1),9093_w22_ms_21.pdf,,http,,MSMark Scheme 2 (v1),https://pastpapers.co/caie/a-level/english-9093/2022-oct-nov/9093_w22_qp_12.pdf
https://pastpapers.co/caie/a-level/english-9093/2022-oct-nov/9093_w22_ms_22.pdf,Question Banks/Cambridge Curricula/Cambridge AS and A Level/English 1st (9093)/AS Level/2022/Oct-Nov (Variant 2),9093_w22_ms_22.pdf,,http,,MSMark Scheme 2 (v2),https://pastpapers.co/caie/a-level/english-9093/2022-oct-nov/9093_w22_qp_12.pdf
https://pastpapers.co/caie/a-level/english-9093/2022-oct-nov/9093_w22_ms_23.pdf,Question Banks/Cambridge Curricula/Cambridge AS and A Level/English 1st (9093)/AS Level/2022/Oct-Nov (Variant 3),9093_w22_ms_23.pdf,,http,,MSMark Scheme 2 (v3),https://pastpapers.co/caie/a-level/english-9093/2022-oct-nov/9093_w22_qp_12.pdf
https://pastpapers.co/caie/a-level/english-9093/2022-oct-nov/9093_w22_ms_31.pdf,Question Banks/Cambridge Curricula/Cambridge AS and A Level/English 1st (9093)/A Level/2022/Oct-Nov (Variant 1),9093_w22_ms_31.pdf,,http,,MSMark Scheme 3 (v1),https://pastpapers.co/caie/a-level/english-9093/2022-oct-nov/9093_w22_qp_12.pdf
https://pastpapers.co/caie/a-level/english-9093/2022-oct-nov/9093_w22_ms_32.pdf,Question Banks/Cambridge Curricula/Cambridge AS and A Level/English 1st (9093)/A Level/2022/Oct-Nov (Variant 2),9093_w22_ms_32.pdf,,http,,MSMark Scheme 3 (v2),https://pastpapers.co/caie/a-level/english-9093/2022-oct-nov/9093_w22_qp_12.pdf
https://pastpapers.co/caie/a-level/english-9093/2022-oct-nov/9093_w22_ms_33.pdf,Question Banks/Cambridge Curricula/Cambridge AS and A Level/English 1st (9093)/A Level/2022/Oct-Nov (Variant 3),9093_w22_ms_33.pdf,,http,,MSMark Scheme 3 (v3),https://pastpapers.co/caie/a-level/english-9093/2022-oct-nov/9093_w22_qp_12.pdf
https://pastpapers.co/caie/a-level/english-9093/2022-oct-nov/9093_w22_ms_41.pdf,Question Banks/Cambridge Curricula/Cambridge AS and A Level/English 1st (9093)/A Level/2022/Oct-Nov (Variant 1),9093_w22_ms_41.pdf,,http,,MSMark Scheme 4 (v1),https://pastpapers.co/caie/a-level/english-9093/2022-oct-nov/9093_w22_qp_12.pdf
https://pastpapers.co/caie/a-level/english-9093/2022-oct-nov/9093_w22_ms_42.pdf,Question Banks/Cambridge Curricula/Cambridge AS and A Level/English 1st (9093)/A Level/2022/Oct-Nov (Variant 2),9093_w22_ms_42.pdf,,http,,MSMark Scheme 4 (v2),https://pastpapers.co/caie/a-level/english-9093/2022-oct-nov/9093_w22_qp_12.pdf
https://pastpapers.co/caie/a-level/english-9093/2022-oct-nov/9093_w22_ms_43.pdf,Question Banks/Cambridge Curricula/Cambridge AS and A Level/English 1st (9093)/A Level/2022/Oct-Nov (Variant 3),9093_w22_ms_43.pdf,,http,,MSMark Scheme 4 (v3),https://pastpapers.co/caie/a-level/english-9093/2022-oct-nov/9093_w22_qp_12.pdf
https://pastpapers.co/caie/a-level/english-9093/2023-oct-nov/9093_w23_ms_11.pdf,Question Banks/Cambridge Curricula/Cambridge AS and A Level/English 1st (9093)/AS Level/2023/Oct-Nov (Variant 1),9093_w23_ms_11.pdf,,http,,MSMark Scheme 1 (v1),https://pastpapers.co/caie/a-level/english-9093/2023-oct-nov/9093_w23_qp_12.pdf
https://pastpapers.co/caie/a-level/english-9093/2023-oct-nov/9093_w23_ms_12.pdf,Question Banks/Cambridge Curricula/Cambridge AS and A Level/English 1st (9093)/AS Level/2023/Oct-Nov (Variant 2),9093_w23_ms_12.pdf,,http,,MSMark Scheme 1 (v2),https://pastpapers.co/caie/a-level/english-9093/2023-oct-nov/9093_w23_qp_12.pdf
https://pastpapers.co/caie/a-level/english-9093/2023-oct-nov/9093_w23_ms_13.pdf,Question Banks/Cambridge Curricula/Cambridge AS and A Level/English 1st (9093)/AS Level/2023/Oct-Nov (Variant 3),9093_w23_ms_13.pdf,,http,,MSMark Scheme 1 (v3),https://pastpapers.co/caie/a-level/english-9093/2023-oct-nov/9093_w23_qp_12.pdf
https://pastpapers.co/caie/a-level/english-9093/2023-oct-nov/9093_w23_ms_21.pdf,Question Banks/Cambridge Curricula/Cambridge AS and A Level/English 1st (9093)/AS Level/2023/Oct-Nov (Variant 1),9093_w23_ms_21.pdf,,http,,MSMark Scheme 2 (v1),https://pastpapers.co/caie/a-level/english-9093/2023-oct-nov/9093_w23_qp_12.pdf
https://pastpapers.co/caie/a-level/english-9093/2023-oct-nov/9093_w23_ms_22.pdf,Question Banks/Cambridge Curricula/Cambridge AS and A Level/English 1st (9093)/AS Level/2023/Oct-Nov (Variant 2),9093_w23_ms_22.pdf,,http,,MSMark Scheme 2 (v2),https://pastpapers.co/caie/a-level/english-9093/2023-oct-nov/9093_w23_qp_12.pdf
https://pastpapers.co/caie/a-level/english-9093/2023-oct-nov/9093_w23_ms_23.pdf,Question Banks/Cambridge Curricula/Cambridge AS and A Level/English 1st (9093)/AS Level/2023/Oct-Nov (Variant 3),9093_w23_ms_23.pdf,,http,,MSMark Scheme 2 (v3),https://pastpapers.co/caie/a-level/english-9093/2023-oct-nov/9093_w23_qp_12.pdf
https://pastpapers.co/caie/a-level/english-9093/2023-oct-nov/9093_w23_ms_31.pdf,Question Banks/Cambridge Curricula/Cambridge AS and A Level/English 1st (9093)/A Level/2023/Oct-Nov (Variant 1),9093_w23_ms_31.pdf,,http,,MSMark Scheme 3 (v1),https://pastpapers.co/caie/a-level/english-9093/2023-oct-nov/9093_w23_qp_12.pdf
https://pastpapers.co/caie/a-level/english-9093/2023-oct-nov/9093_w23_ms_32.pdf,Question Banks/Cambridge Curricula/Cambridge AS and A Level/English 1st (9093)/A Level/2023/Oct-Nov (Variant 2),9093_w23_ms_32.pdf,,http,,MSMark Scheme 3 (v2),https://pastpapers.co/caie/a-level/english-9093/2023-oct-nov/9093_w23_qp_12.pdf
https://pastpapers.co/caie/a-level/english-9093/2023-oct-nov/9093_w23_ms_33.pdf,Question Banks/Cambridge Curricula/Cambridge AS and A Level/English 1st (9093)/A Level/2023/Oct-Nov (Variant 3),9093_w23_ms_33.pdf,,http,,MSMark Scheme 3 (v3),https://pastpapers.co/caie/a-level/english-9093/2023-oct-nov/9093_w23_qp_12.pdf
https://pastpapers.co/caie/a-level/english-9093/2023-oct-nov/9093_w23_ms_41.pdf,Question Banks/Cambridge Curricula/Cambridge AS and A Level/English 1st (9093)/A Level/2023/Oct-Nov (Variant 1),9093_w23_ms_41.pdf,,http,,MSMark Scheme 4 (v1),https://pastpapers.co/caie/a-level/english-9093/2023-oct-nov/9093_w23_qp_12.pdf
https://pastpapers.co/caie/a-level/english-9093/2023-oct-nov/9093_w23_ms_42.pdf,Question Banks/Cambridge Curricula/Cambridge AS and A Level/English 1st (9093)/A Level/2023/Oct-Nov (Variant 2),9093_w23_ms_42.pdf,,http,,MSMark Scheme 4 (v2),https://pastpapers.co/caie/a-level/english-9093/2023-oct-nov/9093_w23_qp_12.pdf
https://pastpapers.co/caie/a-level/english-9093/2023-oct-nov/9093_w23_ms_43.pdf,Question Banks/Cambridge Curricula/Cambridge AS and A Level/English 1st (9093)/A Level/2023/Oct-Nov (Variant 3),9093_w23_ms_43.pdf,,http,,MSMark Scheme 4 (v3),https://pastpapers.co/caie/a-level/english-9093/2023-oct-nov/9093_w23_qp_12.pdf
https://pastpapers.co/caie/a-level/english-9093/2024-oct-nov/9093_w24_ms_11.pdf,Question Banks/Cambridge Curricula/Cambridge AS and A Level/English 1st (9093)/AS Level/2024/Oct-Nov (Variant 1),9093_w24_ms_11.pdf,,http,,MSMark Scheme 1 (v1),https://pastpapers.co/caie/a-level/english-9093/2024-oct-nov/9093_w24_qp_12.pdf
https://pastpapers.co/caie/a-level/english-9093/2024-oct-nov/9093_w24_ms_12.pdf,Question Banks/Cambridge Curricula/Cambridge AS and A Level/English 1st (9093)/AS Level/2024/Oct-Nov (Variant 2),9093_w24_ms_12.pdf,,http,,MSMark Scheme 1 (v2),https://pastpapers.co/caie/a-level/english-9093/2024-oct-nov/9093_w24_qp_12.pdf
https://pastpapers.co/caie/a-level/english-9093/2024-oct-nov/9093_w24_ms_13.pdf,Question Banks/Cambridge Curricula/Cambridge AS and A Level/English 1st (9093)/AS Level/2024/Oct-Nov (Variant 3),9093_w24_ms_13.pdf,,http,,MSMark Scheme 1 (v3),https://pastpapers.co/caie/a-level/english-9093/2024-oct-nov/9093_w24_qp_12.pdf
https://pastpapers.co/caie/a-level/english-9093/2024-oct-nov/9093_w24_ms_21.pdf,Question Banks/Cambridge Curricula/Cambridge AS and A Level/English 1st (9093)/AS Level/2024/Oct-Nov (Variant 1),9093_w24_ms_21.pdf,,http,,MSMark Scheme 2 (v1),https://pastpapers.co/caie/a-level/english-9093/2024-oct-nov/9093_w24_qp_12.pdf
https://pastpapers.co/caie/a-level/english-9093/2024-oct-nov/9093_w24_ms_22.pdf,Question Banks/Cambridge Curricula/Cambridge AS and A Level/English 1st (9093)/AS Level/2024/Oct-Nov (Variant 2),9093_w24_ms_22.pdf,,http,,MSMark Scheme 2 (v2),https://pastpapers.co/caie/a-level/english-9093/2024-oct-nov/9093_w24_qp_12.pdf
https://pastpapers.co/caie/a-level/english-9093/2024-oct-nov/9093_w24_ms_23.pdf,Question Banks/Cambridge Curricula/Cambridge AS and A Level/English 1st (9093)/AS Level/2024/Oct-Nov (Variant 3),9093_w24_ms_23.pdf,,http,,MSMark Scheme 2 (v3),https://pastpapers.co/caie/a-level/english-9093/2024-oct-nov/9093_w24_qp_12.pdf
https://pastpapers.co/caie/a-level/english-9093/2024-oct-nov/9093_w24_ms_31.pdf,Question Banks/Cambridge Curricula/Cambridge AS and A Level/English 1st (9093)/A Level/2024/Oct-Nov (Variant 1),9093_w24_ms_31.pdf,,http,,MSMark Scheme 3 (v1),https://pastpapers.co/caie/a-level/english-9093/2024-oct-nov/9093_w24_qp_12.pdf
https://pastpapers.co/caie/a-level/english-9093/2024-oct-nov/9093_w24_ms_32.pdf,Question Banks/Cambridge Curricula/Cambridge AS and A Level/English 1st (9093)/A Level/2024/Oct-Nov (Variant 2),9093_w24_ms_32.pdf,,http,,MSMark Scheme 3 (v2),https://pastpapers.co/caie/a-level/english-9093/2024-oct-nov/9093_w24_qp_12.pdf
https://pastpapers.co/caie/a-level/english-9093/2024-oct-nov/9093_w24_ms_33.pdf,Question Banks/Cambridge Curricula/Cambridge AS and A Level/English 1st (9093)/A Level/2024/Oct-Nov (Variant 3),9093_w24_ms_33.pdf,,http,,MSMark Scheme 3 (v3),https://pastpapers.co/caie/a-level/english-9093/2024-oct-nov/9093_w24_qp_12.pdf
https://pastpapers.co/caie/a-level/english-9093/2024-oct-nov/9093_w24_ms_41.pdf,Question Banks/Cambridge Curricula/Cambridge AS and A Level/English 1st (9093)/A Level/2024/Oct-Nov (Variant 1),9093_w24_ms_41.pdf,,http,,MSMark Scheme 4 (v1),https://pastpapers.co/caie/a-level/english-9093/2024-oct-nov/9093_w24_qp_12.pdf
https://pastpapers.co/caie/a-level/english-9093/2024-oct-nov/9093_w24_ms_42.pdf,Question Banks/Cambridge Curricula/Cambridge AS and A Level/English 1st (9093)/A Level/2024/Oct-Nov (Variant 2),9093_w24_ms_42.pdf,,http,,MSMark Scheme 4 (v2),https://pastpapers.co/caie/a-level/english-9093/2024-oct-nov/9093_w24_qp_12.pdf
https://pastpapers.co/caie/a-level/english-9093/2024-oct-nov/9093_w24_ms_43.pdf,Question Banks/Cambridge Curricula/Cambridge AS and A Level/English 1st (9093)/A Level/2024/Oct-Nov (Variant 3),9093_w24_ms_43.pdf,,http,,MSMark Scheme 4 (v3),https://pastpapers.co/caie/a-level/english-9093/2024-oct-nov/9093_w24_qp_12.pdf
https://pastpapers.co/caie/a-level/english-9093/2025-oct-nov/9093_w25_ms_11.pdf,Question Banks/Cambridge Curricula/Cambridge AS and A Level/English 1st (9093)/AS Level/2025/Oct-Nov (Variant 1),9093_w25_ms_11.pdf,,http,,MSMark Scheme 1 (v1),https://pastpapers.co/caie/a-level/english-9093/2025-oct-nov/9093_w25_qp_12.pdf
https://pastpapers.co/caie/a-level/english-9093/2025-oct-nov/9093_w25_ms_12.pdf,Question Banks/Cambridge Curricula/Cambridge AS and A Level/English 1st (9093)/AS Level/2025/Oct-Nov (Variant 2),9093_w25_ms_12.pdf,,http,,MSMark Scheme 1 (v2),https://pastpapers.co/caie/a-level/english-9093/2025-oct-nov/9093_w25_qp_12.pdf
https://pastpapers.co/caie/a-level/english-9093/2025-oct-nov/9093_w25_ms_13.pdf,Question Banks/Cambridge Curricula/Cambridge AS and A Level/English 1st (9093)/AS Level/2025/Oct-Nov (Variant 3),9093_w25_ms_13.pdf,,http,,MSMark Scheme 1 (v3),https://pastpapers.co/caie/a-level/english-9093/2025-oct-nov/9093_w25_qp_12.pdf
https://pastpapers.co/caie/a-level/english-9093/2025-oct-nov/9093_w25_ms_21.pdf,Question Banks/Cambridge Curricula/Cambridge AS and A Level/English 1st (9093)/AS Level/2025/Oct-Nov (Variant 1),9093_w25_ms_21.pdf,,http,,MSMark Scheme 2 (v1),https://pastpapers.co/caie/a-level/english-9093/2025-oct-nov/9093_w25_qp_12.pdf
https://pastpapers.co/caie/a-level/english-9093/2025-oct-nov/9093_w25_ms_22.pdf,Question Banks/Cambridge Curricula/Cambridge AS and A Level/English 1st (9093)/AS Level/2025/Oct-Nov (Variant 2),9093_w25_ms_22.pdf,,http,,MSMark Scheme 2 (v2),https://pastpapers.co/caie/a-level/english-9093/2025-oct-nov/9093_w25_qp_12.pdf
https://pastpapers.co/caie/a-level/english-9093/2025-oct-nov/9093_w25_ms_23.pdf,Question Banks/Cambridge Curricula/Cambridge AS and A Level/English 1st (9093)/AS Level/2025/Oct-Nov (Variant 3),9093_w25_ms_23.pdf,,http,,MSMark Scheme 2 (v3),https://pastpapers.co/caie/a-level/english-9093/2025-oct-nov/9093_w25_qp_12.pdf
https://pastpapers.co/caie/a-level/english-9093/2025-oct-nov/9093_w25_ms_31.pdf,Question Banks/Cambridge Curricula/Cambridge AS and A Level/English 1st (9093)/A Level/2025/Oct-Nov (Variant 1),9093_w25_ms_31.pdf,,http,,MSMark Scheme 3 (v1),https://pastpapers.co/caie/a-level/english-9093/2025-oct-nov/9093_w25_qp_12.pdf
https://pastpapers.co/caie/a-level/english-9093/2025-oct-nov/9093_w25_ms_32.pdf,Question Banks/Cambridge Curricula/Cambridge AS and A Level/English 1st (9093)/A Level/2025/Oct-Nov (Variant 2),9093_w25_ms_32.pdf,,http,,MSMark Scheme 3 (v2),https://pastpapers.co/caie/a-level/english-9093/2025-oct-nov/9093_w25_qp_12.pdf
https://pastpapers.co/caie/a-level/english-9093/2025-oct-nov/9093_w25_ms_33.pdf,Question Banks/Cambridge Curricula/Cambridge AS and A Level/English 1st (9093)/A Level/2025/Oct-Nov (Variant 3),9093_w25_ms_33.pdf,,http,,MSMark Scheme 3 (v3),https://pastpapers.co/caie/a-level/english-9093/2025-oct-nov/9093_w25_qp_12.pdf
https://pastpapers.co/caie/a-level/english-9093/2025-oct-nov/9093_w25_ms_41.pdf,Question Banks/Cambridge Curricula/Cambridge AS and A Level/English 1st (9093)/A Level/2025/Oct-Nov (Variant 1),9093_w25_ms_41.pdf,,http,,MSMark Scheme 4 (v1),https://pastpapers.co/caie/a-level/english-9093/2025-oct-nov/9093_w25_qp_12.pdf
https://pastpapers.co/caie/a-level/english-9093/2025-oct-nov/9093_w25_ms_42.pdf,Question Banks/Cambridge Curricula/Cambridge AS and A Level/English 1st (9093)/A Level/2025/Oct-Nov (Variant 2),9093_w25_ms_42.pdf,,http,,MSMark Scheme 4 (v2),https://pastpapers.co/caie/a-level/english-9093/2025-oct-nov/9093_w25_qp_12.pdf
https://pastpapers.co/caie/a-level/english-9093/2025-oct-nov/9093_w25_ms_43.pdf,Question Banks/Cambridge Curricula/Cambridge AS and A Level/English 1st (9093)/A Level/2025/Oct-Nov (Variant 3),9093_w25_ms_43.pdf,,http,,MSMark Scheme 4 (v3),https://pastpapers.co/caie/a-level/english-9093/2025-oct-nov/9093_w25_qp_12.pdf
https://pastpapers.co/api/file/caie/a-level/english-9093/2020-march/9093_m20_qp_12.pdf,Question Banks/Cambridge Curricula/Cambridge AS and A Level/English 1st (9093)/AS Level/2020/March (Variant 2),9093_m20_qp_12.pdf,,http,https://pastpapers.co/api/file/caie/a-level/english-9093/2020-march/9093_m20_qp_12.pdf?download=1,,https://pastpapers.co/caie/a-level/english-9093/2020-march/9093_m20_qp_12.pdf
https://pastpapers.co/caie/a-level/english-9093/2020-march/9093_m20_qp_22.pdf,Question Banks/Cambridge Curricula/Cambridge AS and A Level/English 1st (9093)/AS Level/2020/March (Variant 2),9093_m20_qp_22.pdf,,http,,QPQuestion Paper 2 (v2),https://pastpapers.co/caie/a-level/english-9093/2020-march/9093_m20_qp_12.pdf
https://pastpapers.co/caie/a-level/english-9093/2020-march/9093_m20_qp_32.pdf,Question Banks/Cambridge Curricula/Cambridge AS and A Level/English 1st (9093)/A Level/2020/March (Variant 2),9093_m20_qp_32.pdf,,http,,QPQuestion Paper 3 (v2),https://pastpapers.co/caie/a-level/english-9093/2020-march/9093_m20_qp_12.pdf
https://pastpapers.co/caie/a-level/english-9093/2020-march/9093_m20_qp_42.pdf,Question Banks/Cambridge Curricula/Cambridge AS and A Level/English 1st (9093)/A Level/2020/March (Variant 2),9093_m20_qp_42.pdf,,http,,QPQuestion Paper 4 (v2),https://pastpapers.co/caie/a-level/english-9093/2020-march/9093_m20_qp_12.pdf
https://pastpapers.co/api/file/caie/a-level/english-9093/2021-march/9093_m21_qp_12.pdf,Question Banks/Cambridge Curricula/Cambridge AS and A Level/English 1st (9093)/AS Level/2021/March (Variant 2),9093_m21_qp_12.pdf,,http,https://pastpapers.co/api/file/caie/a-level/english-9093/2021-march/9093_m21_qp_12.pdf?download=1,,https://pastpapers.co/caie/a-level/english-9093/2021-march/9093_m21_qp_12.pdf
https://pastpapers.co/caie/a-level/english-9093/2021-march/9093_m21_qp_22.pdf,Question Banks/Cambridge Curricula/Cambridge AS and A Level/English 1st (9093)/AS Level/2021/March (Variant 2),9093_m21_qp_22.pdf,,http,,QPQuestion Paper 2 (v2),https://pastpapers.co/caie/a-level/english-9093/2021-march/9093_m21_qp_12.pdf
https://pastpapers.co/caie/a-level/english-9093/2021-march/9093_m21_qp_32.pdf,Question Banks/Cambridge Curricula/Cambridge AS and A Level/English 1st (9093)/A Level/2021/March (Variant 2),9093_m21_qp_32.pdf,,http,,QPQuestion Paper 3 (v2),https://pastpapers.co/caie/a-level/english-9093/2021-march/9093_m21_qp_12.pdf
https://pastpapers.co/caie/a-level/english-9093/2021-march/9093_m21_qp_42.pdf,Question Banks/Cambridge Curricula/Cambridge AS and A Level/English 1st (9093)/A Level/2021/March (Variant 2),9093_m21_qp_42.pdf,,http,,QPQuestion Paper 4 (v2),https://pastpapers.co/caie/a-level/english-9093/2021-march/9093_m21_qp_12.pdf
https://pastpapers.co/api/file/caie/a-level/english-9093/2023-march/9093_m23_qp_12.pdf,Question Banks/Cambridge Curricula/Cambridge AS and A Level/English 1st (9093)/AS Level/2023/March (Variant 2),9093_m23_qp_12.pdf,,http,https://pastpapers.co/api/file/caie/a-level/english-9093/2023-march/9093_m23_qp_12.pdf?download=1,,https://pastpapers.co/caie/a-level/english-9093/2023-march/9093_m23_qp_12.pdf
https://pastpapers.co/caie/a-level/english-9093/2023-march/9093_m23_qp_22.pdf,Question Banks/Cambridge Curricula/Cambridge AS and A Level/English 1st (9093)/AS Level/2023/March (Variant 2),9093_m23_qp_22.pdf,,http,,QPQuestion Paper 2 (v2),https://pastpapers.co/caie/a-level/english-9093/2023-march/9093_m23_qp_12.pdf
https://pastpapers.co/caie/a-level/english-9093/2023-march/9093_m23_qp_32.pdf,Question Banks/Cambridge Curricula/Cambridge AS and A Level/English 1st (9093)/A Level/2023/March (Variant 2),9093_m23_qp_32.pdf,,http,,QPQuestion Paper 3 (v2),https://pastpapers.co/caie/a-level/english-9093/2023-march/9093_m23_qp_12.pdf
https://pastpapers.co/caie/a-level/english-9093/2023-march/9093_m23_qp_42.pdf,Question Banks/Cambridge Curricula/Cambridge AS and A Level/English 1st (9093)/A Level/2023/March (Variant 2),9093_m23_qp_42.pdf,,http,,QPQuestion Paper 4 (v2),https://pastpapers.co/caie/a-level/english-9093/2023-march/9093_m23_qp_12.pdf
https://pastpapers.co/api/file/caie/a-level/english-9093/2024-march/9093_m24_qp_12.pdf,Question Banks/Cambridge Curricula/Cambridge AS and A Level/English 1st (9093)/AS Level/2024/March (Variant 2),9093_m24_qp_12.pdf,,http,https://pastpapers.co/api/file/caie/a-level/english-9093/2024-march/9093_m24_qp_12.pdf?download=1,,https://pastpapers.co/caie/a-level/english-9093/2024-march/9093_m24_qp_12.pdf
https://pastpapers.co/caie/a-level/english-9093/2024-march/9093_m24_qp_22.pdf,Question Banks/Cambridge Curricula/Cambridge AS and A Level/English 1st (9093)/AS Level/2024/March (Variant 2),9093_m24_qp_22.pdf,,http,,QPQuestion Paper 2 (v2),https://pastpapers.co/caie/a-level/english-9093/2024-march/9093_m24_qp_12.pdf
https://pastpapers.co/caie/a-level/english-9093/2024-march/9093_m24_qp_32.pdf,Question Banks/Cambridge Curricula/Cambridge AS and A Level/English 1st (9093)/A Level/2024/March (Variant 2),9093_m24_qp_32.pdf,,http,,QPQuestion Paper 3 (v2),https://pastpapers.co/caie/a-level/english-9093/2024-march/9093_m24_qp_12.pdf
https://pastpapers.co/caie/a-level/english-9093/2024-march/9093_m24_qp_42.pdf,Question Banks/Cambridge Curricula/Cambridge AS and A Level/English 1st (9093)/A Level/2024/March (Variant 2),9093_m24_qp_42.pdf,,http,,QPQuestion Paper 4 (v2),https://pastpapers.co/caie/a-level/english-9093/2024-march/9093_m24_qp_12.pdf
https://pastpapers.co/api/file/caie/a-level/english-9093/2025-march/9093_m25_qp_12.pdf,Question Banks/Cambridge Curricula/Cambridge AS and A Level/English 1st (9093)/AS Level/2025/March (Variant 2),9093_m25_qp_12.pdf,,http,https://pastpapers.co/api/file/caie/a-level/english-9093/2025-march/9093_m25_qp_12.pdf?download=1,,https://pastpapers.co/caie/a-level/english-9093/2025-march/9093_m25_qp_12.pdf
https://pastpapers.co/caie/a-level/english-9093/2025-march/9093_m25_qp_22.pdf,Question Banks/Cambridge Curricula/Cambridge AS and A Level/English 1st (9093)/AS Level/2025/March (Variant 2),9093_m25_qp_22.pdf,,http,,QPQuestion Paper 2 (v2),https://pastpapers.co/caie/a-level/english-9093/2025-march/9093_m25_qp_12.pdf
https://pastpapers.co/caie/a-level/english-9093/2025-march/9093_m25_qp_32.pdf,Question Banks/Cambridge Curricula/Cambridge AS and A Level/English 1st (9093)/A Level/2025/March (Variant 2),9093_m25_qp_32.pdf,,http,,QPQuestion Paper 3 (v2),https://pastpapers.co/caie/a-level/english-9093/2025-march/9093_m25_qp_12.pdf
https://pastpapers.co/caie/a-level/english-9093/2025-march/9093_m25_qp_42.pdf,Question Banks/Cambridge Curricula/Cambridge AS and A Level/English 1st (9093)/A Level/2025/March (Variant 2),9093_m25_qp_42.pdf,,http,,QPQuestion Paper 4 (v2),https://pastpapers.co/caie/a-level/english-9093/2025-march/9093_m25_qp_12.pdf
https://pastpapers.co/caie/a-level/english-9093/2020-may-june/9093_s20_qp_11.pdf,Question Banks/Cambridge Curricula/Cambridge AS and A Level/English 1st (9093)/AS Level/2020/May-June (Variant 1),9093_s20_qp_11.pdf,,http,,QPQuestion Paper 1 (v1),https://pastpapers.co/caie/a-level/english-9093/2020-may-june/9093_s20_qp_12.pdf
https://pastpapers.co/api/file/caie/a-level/english-9093/2020-may-june/9093_s20_qp_12.pdf,Question Banks/Cambridge Curricula/Cambridge AS and A Level/English 1st (9093)/AS Level/2020/May-June (Variant 2),9093_s20_qp_12.pdf,,http,https://pastpapers.co/api/file/caie/a-level/english-9093/2020-may-june/9093_s20_qp_12.pdf?download=1,,https://pastpapers.co/caie/a-level/english-9093/2020-may-june/9093_s20_qp_12.pdf
https://pastpapers.co/caie/a-level/english-9093/2020-may-june/9093_s20_qp_13.pdf,Question Banks/Cambridge Curricula/Cambridge AS and A Level/English 1st (9093)/AS Level/2020/May-June (Variant 3),9093_s20_qp_13.pdf,,http,,QPQuestion Paper 1 (v3),https://pastpapers.co/caie/a-level/english-9093/2020-may-june/9093_s20_qp_12.pdf
https://pastpapers.co/caie/a-level/english-9093/2020-may-june/9093_s20_qp_21.pdf,Question Banks/Cambridge Curricula/Cambridge AS and A Level/English 1st (9093)/AS Level/2020/May-June (Variant 1),9093_s20_qp_21.pdf,,http,,QPQuestion Paper 2 (v1),https://pastpapers.co/caie/a-level/english-9093/2020-may-june/9093_s20_qp_12.pdf
https://pastpapers.co/caie/a-level/english-9093/2020-may-june/9093_s20_qp_22.pdf,Question Banks/Cambridge Curricula/Cambridge AS and A Level/English 1st (9093)/AS Level/2020/May-June (Variant 2),9093_s20_qp_22.pdf,,http,,QPQuestion Paper 2 (v2),https://pastpapers.co/caie/a-level/english-9093/2020-may-june/9093_s20_qp_12.pdf
https://pastpapers.co/caie/a-level/english-9093/2020-may-june/9093_s20_qp_23.pdf,Question Banks/Cambridge Curricula/Cambridge AS and A Level/English 1st (9093)/AS Level/2020/May-June (Variant 3),9093_s20_qp_23.pdf,,http,,QPQuestion Paper 2 (v3),https://pastpapers.co/caie/a-level/english-9093/2020-may-june/9093_s20_qp_12.pdf
https://pastpapers.co/caie/a-level/english-9093/2020-may-june/9093_s20_qp_31.pdf,Question Banks/Cambridge Curricula/Cambridge AS and A Level/English 1st (9093)/A Level/2020/May-June (Variant 1),9093_s20_qp_31.pdf,,http,,QPQuestion Paper 3 (v1),https://pastpapers.co/caie/a-level/english-9093/2020-may-june/9093_s20_qp_12.pdf
https://pastpapers.co/caie/a-level/english-9093/2020-may-june/9093_s20_qp_32.pdf,Question Banks/Cambridge Curricula/Cambridge AS and A Level/English 1st (9093)/A Level/2020/May-June (Variant 2),9093_s20_qp_32.pdf,,http,,QPQuestion Paper 3 (v2),https://pastpapers.co/caie/a-level/english-9093/2020-may-june/9093_s20_qp_12.pdf
https://pastpapers.co/caie/a-level/english-9093/2020-may-june/9093_s20_qp_33.pdf,Question Banks/Cambridge Curricula/Cambridge AS and A Level/English 1st (9093)/A Level/2020/May-June (Variant 3),9093_s20_qp_33.pdf,,http,,QPQuestion Paper 3 (v3),https://pastpapers.co/caie/a-level/english-9093/2020-may-june/9093_s20_qp_12.pdf
https://pastpapers.co/caie/a-level/english-9093/2020-may-june/9093_s20_qp_41.pdf,Question Banks/Cambridge Curricula/Cambridge AS and A Level/English 1st (9093)/A Level/2020/May-June (Variant 1),9093_s20_qp_41.pdf,,http,,QPQuestion Paper 4 (v1),https://pastpapers.co/caie/a-level/english-9093/2020-may-june/9093_s20_qp_12.pdf
https://pastpapers.co/caie/a-level/english-9093/2020-may-june/9093_s20_qp_42.pdf,Question Banks/Cambridge Curricula/Cambridge AS and A Level/English 1st (9093)/A Level/2020/May-June (Variant 2),9093_s20_qp_42.pdf,,http,,QPQuestion Paper 4 (v2),https://pastpapers.co/caie/a-level/english-9093/2020-may-june/9093_s20_qp_12.pdf
https://pastpapers.co/caie/a-level/english-9093/2020-may-june/9093_s20_qp_43.pdf,Question Banks/Cambridge Curricula/Cambridge AS and A Level/English 1st (9093)/A Level/2020/May-June (Variant 3),9093_s20_qp_43.pdf,,http,,QPQuestion Paper 4 (v3),https://pastpapers.co/caie/a-level/english-9093/2020-may-june/9093_s20_qp_12.pdf
https://pastpapers.co/caie/a-level/english-9093/2021-may-june/9093_s21_qp_11.pdf,Question Banks/Cambridge Curricula/Cambridge AS and A Level/English 1st (9093)/AS Level/2021/May-June (Variant 1),9093_s21_qp_11.pdf,,http,,QPQuestion Paper 1 (v1),https://pastpapers.co/caie/a-level/english-9093/2021-may-june/9093_s21_qp_12.pdf
https://pastpapers.co/api/file/caie/a-level/english-9093/2021-may-june/9093_s21_qp_12.pdf,Question Banks/Cambridge Curricula/Cambridge AS and A Level/English 1st (9093)/AS Level/2021/May-June (Variant 2),9093_s21_qp_12.pdf,,http,https://pastpapers.co/api/file/caie/a-level/english-9093/2021-may-june/9093_s21_qp_12.pdf?download=1,,https://pastpapers.co/caie/a-level/english-9093/2021-may-june/9093_s21_qp_12.pdf
https://pastpapers.co/caie/a-level/english-9093/2021-may-june/9093_s21_qp_13.pdf,Question Banks/Cambridge Curricula/Cambridge AS and A Level/English 1st (9093)/AS Level/2021/May-June (Variant 3),9093_s21_qp_13.pdf,,http,,QPQuestion Paper 1 (v3),https://pastpapers.co/caie/a-level/english-9093/2021-may-june/9093_s21_qp_12.pdf
https://pastpapers.co/caie/a-level/english-9093/2021-may-june/9093_s21_qp_21.pdf,Question Banks/Cambridge Curricula/Cambridge AS and A Level/English 1st (9093)/AS Level/2021/May-June (Variant 1),9093_s21_qp_21.pdf,,http,,QPQuestion Paper 2 (v1),https://pastpapers.co/caie/a-level/english-9093/2021-may-june/9093_s21_qp_12.pdf
https://pastpapers.co/caie/a-level/english-9093/2021-may-june/9093_s21_qp_22.pdf,Question Banks/Cambridge Curricula/Cambridge AS and A Level/English 1st (9093)/AS Level/2021/May-June (Variant 2),9093_s21_qp_22.pdf,,http,,QPQuestion Paper 2 (v2),https://pastpapers.co/caie/a-level/english-9093/2021-may-june/9093_s21_qp_12.pdf
https://pastpapers.co/caie/a-level/english-9093/2021-may-june/9093_s21_qp_23.pdf,Question Banks/Cambridge Curricula/Cambridge AS and A Level/English 1st (9093)/AS Level/2021/May-June (Variant 3),9093_s21_qp_23.pdf,,http,,QPQuestion Paper 2 (v3),https://pastpapers.co/caie/a-level/english-9093/2021-may-june/9093_s21_qp_12.pdf
https://pastpapers.co/caie/a-level/english-9093/2021-may-june/9093_s21_qp_31.pdf,Question Banks/Cambridge Curricula/Cambridge AS and A Level/English 1st (9093)/A Level/2021/May-June (Variant 1),9093_s21_qp_31.pdf,,http,,QPQuestion Paper 3 (v1),https://pastpapers.co/caie/a-level/english-9093/2021-may-june/9093_s21_qp_12.pdf
https://pastpapers.co/caie/a-level/english-9093/2021-may-june/9093_s21_qp_32.pdf,Question Banks/Cambridge Curricula/Cambridge AS and A Level/English 1st (9093)/A Level/2021/May-June (Variant 2),9093_s21_qp_32.pdf,,http,,QPQuestion Paper 3 (v2),https://pastpapers.co/caie/a-level/english-9093/2021-may-june/9093_s21_qp_12.pdf
https://pastpapers.co/caie/a-level/english-9093/2021-may-june/9093_s21_qp_33.pdf,Question Banks/Cambridge Curricula/Cambridge AS and A Level/English 1st (9093)/A Level/2021/May-June (Variant 3),9093_s21_qp_33.pdf,,http,,QPQuestion Paper 3 (v3),https://pastpapers.co/caie/a-level/english-9093/2021-may-june/9093_s21_qp_12.pdf
https://pastpapers.co/caie/a-level/english-9093/2021-may-june/9093_s21_qp_41.pdf,Question Banks/Cambridge Curricula/Cambridge AS and A Level/English 1st (9093)/A Level/2021/May-June (Variant 1),9093_s21_qp_41.pdf,,http,,QPQuestion Paper 4 (v1),https://pastpapers.co/caie/a-level/english-9093/2021-may-june/9093_s21_qp_12.pdf
https://pastpapers.co/caie/a-level/english-9093/2021-may-june/9093_s21_qp_42.pdf,Question Banks/Cambridge Curricula/Cambridge AS and A Level/English 1st (9093)/A Level/2021/May-June (Variant 2),9093_s21_qp_42.pdf,,http,,QPQuestion Paper 4 (v2),https://pastpapers.co/caie/a-level/english-9093/2021-may-june/9093_s21_qp_12.pdf
https://pastpapers.co/caie/a-level/english-9093/2021-may-june/9093_s21_qp_43.pdf,Question Banks/Cambridge Curricula/Cambridge AS and A Level/English 1st (9093)/A Level/2021/May-June (Variant 3),9093_s21_qp_43.pdf,,http,,QPQuestion Paper 4 (v3),https://pastpapers.co/caie/a-level/english-9093/2021-may-june/9093_s21_qp_12.pdf
https://pastpapers.co/caie/a-level/english-9093/2022-may-june/9093_s22_qp_11.pdf,Question Banks/Cambridge Curricula/Cambridge AS and A Level/English 1st (9093)/AS Level/2022/May-June (Variant 1),9093_s22_qp_11.pdf,,http,,QPQuestion Paper 1 (v1),https://pastpapers.co/caie/a-level/english-9093/2022-may-june/9093_s22_qp_12.pdf
https://pastpapers.co/api/file/caie/a-level/english-9093/2022-may-june/9093_s22_qp_12.pdf,Question Banks/Cambridge Curricula/Cambridge AS and A Level/English 1st (9093)/AS Level/2022/May-June (Variant 2),9093_s22_qp_12.pdf,,http,https://pastpapers.co/api/file/caie/a-level/english-9093/2022-may-june/9093_s22_qp_12.pdf?download=1,,https://pastpapers.co/caie/a-level/english-9093/2022-may-june/9093_s22_qp_12.pdf
https://pastpapers.co/caie/a-level/english-9093/2022-may-june/9093_s22_qp_13.pdf,Question Banks/Cambridge Curricula/Cambridge AS and A Level/English 1st (9093)/AS Level/2022/May-June (Variant 3),9093_s22_qp_13.pdf,,http,,QPQuestion Paper 1 (v3),https://pastpapers.co/caie/a-level/english-9093/2022-may-june/9093_s22_qp_12.pdf
https://pastpapers.co/caie/a-level/english-9093/2022-may-june/9093_s22_qp_21.pdf,Question Banks/Cambridge Curricula/Cambridge AS and A Level/English 1st (9093)/AS Level/2022/May-June (Variant 1),9093_s22_qp_21.pdf,,http,,QPQuestion Paper 2 (v1),https://pastpapers.co/caie/a-level/english-9093/2022-may-june/9093_s22_qp_12.pdf
https://pastpapers.co/caie/a-level/english-9093/2022-may-june/9093_s22_qp_22.pdf,Question Banks/Cambridge Curricula/Cambridge AS and A Level/English 1st (9093)/AS Level/2022/May-June (Variant 2),9093_s22_qp_22.pdf,,http,,QPQuestion Paper 2 (v2),https://pastpapers.co/caie/a-level/english-9093/2022-may-june/9093_s22_qp_12.pdf
https://pastpapers.co/caie/a-level/english-9093/2022-may-june/9093_s22_qp_23.pdf,Question Banks/Cambridge Curricula/Cambridge AS and A Level/English 1st (9093)/AS Level/2022/May-June (Variant 3),9093_s22_qp_23.pdf,,http,,QPQuestion Paper 2 (v3),https://pastpapers.co/caie/a-level/english-9093/2022-may-june/9093_s22_qp_12.pdf
https://pastpapers.co/caie/a-level/english-9093/2022-may-june/9093_s22_qp_31.pdf,Question Banks/Cambridge Curricula/Cambridge AS and A Level/English 1st (9093)/A Level/2022/May-June (Variant 1),9093_s22_qp_31.pdf,,http,,QPQuestion Paper 3 (v1),https://pastpapers.co/caie/a-level/english-9093/2022-may-june/9093_s22_qp_12.pdf
https://pastpapers.co/caie/a-level/english-9093/2022-may-june/9093_s22_qp_32.pdf,Question Banks/Cambridge Curricula/Cambridge AS and A Level/English 1st (9093)/A Level/2022/May-June (Variant 2),9093_s22_qp_32.pdf,,http,,QPQuestion Paper 3 (v2),https://pastpapers.co/caie/a-level/english-9093/2022-may-june/9093_s22_qp_12.pdf
https://pastpapers.co/caie/a-level/english-9093/2022-may-june/9093_s22_qp_33.pdf,Question Banks/Cambridge Curricula/Cambridge AS and A Level/English 1st (9093)/A Level/2022/May-June (Variant 3),9093_s22_qp_33.pdf,,http,,QPQuestion Paper 3 (v3),https://pastpapers.co/caie/a-level/english-9093/2022-may-june/9093_s22_qp_12.pdf
https://pastpapers.co/caie/a-level/english-9093/2022-may-june/9093_s22_qp_41.pdf,Question Banks/Cambridge Curricula/Cambridge AS and A Level/English 1st (9093)/A Level/2022/May-June (Variant 1),9093_s22_qp_41.pdf,,http,,QPQuestion Paper 4 (v1),https://pastpapers.co/caie/a-level/english-9093/2022-may-june/9093_s22_qp_12.pdf
https://pastpapers.co/caie/a-level/english-9093/2022-may-june/9093_s22_qp_42.pdf,Question Banks/Cambridge Curricula/Cambridge AS and A Level/English 1st (9093)/A Level/2022/May-June (Variant 2),9093_s22_qp_42.pdf,,http,,QPQuestion Paper 4 (v2),https://pastpapers.co/caie/a-level/english-9093/2022-may-june/9093_s22_qp_12.pdf
https://pastpapers.co/caie/a-level/english-9093/2022-may-june/9093_s22_qp_43.pdf,Question Banks/Cambridge Curricula/Cambridge AS and A Level/English 1st (9093)/A Level/2022/May-June (Variant 3),9093_s22_qp_43.pdf,,http,,QPQuestion Paper 4 (v3),https://pastpapers.co/caie/a-level/english-9093/2022-may-june/9093_s22_qp_12.pdf
https://pastpapers.co/caie/a-level/english-9093/2023-may-june/9093_s23_qp_11.pdf,Question Banks/Cambridge Curricula/Cambridge AS and A Level/English 1st (9093)/AS Level/2023/May-June (Variant 1),9093_s23_qp_11.pdf,,http,,QPQuestion Paper 1 (v1),https://pastpapers.co/caie/a-level/english-9093/2023-may-june/9093_s23_qp_12.pdf
https://pastpapers.co/api/file/caie/a-level/english-9093/2023-may-june/9093_s23_qp_12.pdf,Question Banks/Cambridge Curricula/Cambridge AS and A Level/English 1st (9093)/AS Level/2023/May-June (Variant 2),9093_s23_qp_12.pdf,,http,https://pastpapers.co/api/file/caie/a-level/english-9093/2023-may-june/9093_s23_qp_12.pdf?download=1,,https://pastpapers.co/caie/a-level/english-9093/2023-may-june/9093_s23_qp_12.pdf
https://pastpapers.co/caie/a-level/english-9093/2023-may-june/9093_s23_qp_13.pdf,Question Banks/Cambridge Curricula/Cambridge AS and A Level/English 1st (9093)/AS Level/2023/May-June (Variant 3),9093_s23_qp_13.pdf,,http,,QPQuestion Paper 1 (v3),https://pastpapers.co/caie/a-level/english-9093/2023-may-june/9093_s23_qp_12.pdf
https://pastpapers.co/caie/a-level/english-9093/2023-may-june/9093_s23_qp_21.pdf,Question Banks/Cambridge Curricula/Cambridge AS and A Level/English 1st (9093)/AS Level/2023/May-June (Variant 1),9093_s23_qp_21.pdf,,http,,QPQuestion Paper 2 (v1),https://pastpapers.co/caie/a-level/english-9093/2023-may-june/9093_s23_qp_12.pdf
https://pastpapers.co/caie/a-level/english-9093/2023-may-june/9093_s23_qp_22.pdf,Question Banks/Cambridge Curricula/Cambridge AS and A Level/English 1st (9093)/AS Level/2023/May-June (Variant 2),9093_s23_qp_22.pdf,,http,,QPQuestion Paper 2 (v2),https://pastpapers.co/caie/a-level/english-9093/2023-may-june/9093_s23_qp_12.pdf
https://pastpapers.co/caie/a-level/english-9093/2023-may-june/9093_s23_qp_23.pdf,Question Banks/Cambridge Curricula/Cambridge AS and A Level/English 1st (9093)/AS Level/2023/May-June (Variant 3),9093_s23_qp_23.pdf,,http,,QPQuestion Paper 2 (v3),https://pastpapers.co/caie/a-level/english-9093/2023-may-june/9093_s23_qp_12.pdf
https://pastpapers.co/caie/a-level/english-9093/2023-may-june/9093_s23_qp_31.pdf,Question Banks/Cambridge Curricula/Cambridge AS and A Level/English 1st (9093)/A Level/2023/May-June (Variant 1),9093_s23_qp_31.pdf,,http,,QPQuestion Paper 3 (v1),https://pastpapers.co/caie/a-level/english-9093/2023-may-june/9093_s23_qp_12.pdf
https://pastpapers.co/caie/a-level/english-9093/2023-may-june/9093_s23_qp_32.pdf,Question Banks/Cambridge Curricula/Cambridge AS and A Level/English 1st (9093)/A Level/2023/May-June (Variant 2),9093_s23_qp_32.pdf,,http,,QPQuestion Paper 3 (v2),https://pastpapers.co/caie/a-level/english-9093/2023-may-june/9093_s23_qp_12.pdf
https://pastpapers.co/caie/a-level/english-9093/2023-may-june/9093_s23_qp_33.pdf,Question Banks/Cambridge Curricula/Cambridge AS and A Level/English 1st (9093)/A Level/2023/May-June (Variant 3),9093_s23_qp_33.pdf,,http,,QPQuestion Paper 3 (v3),https://pastpapers.co/caie/a-level/english-9093/2023-may-june/9093_s23_qp_12.pdf
https://pastpapers.co/caie/a-level/english-9093/2023-may-june/9093_s23_qp_41.pdf,Question Banks/Cambridge Curricula/Cambridge AS and A Level/English 1st (9093)/A Level/2023/May-June (Variant 1),9093_s23_qp_41.pdf,,http,,QPQuestion Paper 4 (v1),https://pastpapers.co/caie/a-level/english-9093/2023-may-june/9093_s23_qp_12.pdf
https://pastpapers.co/caie/a-level/english-9093/2023-may-june/9093_s23_qp_42.pdf,Question Banks/Cambridge Curricula/Cambridge AS and A Level/English 1st (9093)/A Level/2023/May-June (Variant 2),9093_s23_qp_42.pdf,,http,,QPQuestion Paper 4 (v2),https://pastpapers.co/caie/a-level/english-9093/2023-may-june/9093_s23_qp_12.pdf
https://pastpapers.co/caie/a-level/english-9093/2023-may-june/9093_s23_qp_43.pdf,Question Banks/Cambridge Curricula/Cambridge AS and A Level/English 1st (9093)/A Level/2023/May-June (Variant 3),9093_s23_qp_43.pdf,,http,,QPQuestion Paper 4 (v3),https://pastpapers.co/caie/a-level/english-9093/2023-may-june/9093_s23_qp_12.pdf
https://pastpapers.co/caie/a-level/english-9093/2024-may-june/9093_s24_qp_11.pdf,Question Banks/Cambridge Curricula/Cambridge AS and A Level/English 1st (9093)/AS Level/2024/May-June (Variant 1),9093_s24_qp_11.pdf,,http,,QPQuestion Paper 1 (v1),https://pastpapers.co/caie/a-level/english-9093/2024-may-june/9093_s24_qp_12.pdf
https://pastpapers.co/api/file/caie/a-level/english-9093/2024-may-june/9093_s24_qp_12.pdf,Question Banks/Cambridge Curricula/Cambridge AS and A Level/English 1st (9093)/AS Level/2024/May-June (Variant 2),9093_s24_qp_12.pdf,,http,https://pastpapers.co/api/file/caie/a-level/english-9093/2024-may-june/9093_s24_qp_12.pdf?download=1,,https://pastpapers.co/caie/a-level/english-9093/2024-may-june/9093_s24_qp_12.pdf
https://pastpapers.co/caie/a-level/english-9093/2024-may-june/9093_s24_qp_13.pdf,Question Banks/Cambridge Curricula/Cambridge AS and A Level/English 1st (9093)/AS Level/2024/May-June (Variant 3),9093_s24_qp_13.pdf,,http,,QPQuestion Paper 1 (v3),https://pastpapers.co/caie/a-level/english-9093/2024-may-june/9093_s24_qp_12.pdf
https://pastpapers.co/caie/a-level/english-9093/2024-may-june/9093_s24_qp_21.pdf,Question Banks/Cambridge Curricula/Cambridge AS and A Level/English 1st (9093)/AS Level/2024/May-June (Variant 1),9093_s24_qp_21.pdf,,http,,QPQuestion Paper 2 (v1),https://pastpapers.co/caie/a-level/english-9093/2024-may-june/9093_s24_qp_12.pdf
https://pastpapers.co/caie/a-level/english-9093/2024-may-june/9093_s24_qp_22.pdf,Question Banks/Cambridge Curricula/Cambridge AS and A Level/English 1st (9093)/AS Level/2024/May-June (Variant 2),9093_s24_qp_22.pdf,,http,,QPQuestion Paper 2 (v2),https://pastpapers.co/caie/a-level/english-9093/2024-may-june/9093_s24_qp_12.pdf
https://pastpapers.co/caie/a-level/english-9093/2024-may-june/9093_s24_qp_23.pdf,Question Banks/Cambridge Curricula/Cambridge AS and A Level/English 1st (9093)/AS Level/2024/May-June (Variant 3),9093_s24_qp_23.pdf,,http,,QPQuestion Paper 2 (v3),https://pastpapers.co/caie/a-level/english-9093/2024-may-june/9093_s24_qp_12.pdf
https://pastpapers.co/caie/a-level/english-9093/2024-may-june/9093_s24_qp_31.pdf,Question Banks/Cambridge Curricula/Cambridge AS and A Level/English 1st (9093)/A Level/2024/May-June (Variant 1),9093_s24_qp_31.pdf,,http,,QPQuestion Paper 3 (v1),https://pastpapers.co/caie/a-level/english-9093/2024-may-june/9093_s24_qp_12.pdf
https://pastpapers.co/caie/a-level/english-9093/2024-may-june/9093_s24_qp_32.pdf,Question Banks/Cambridge Curricula/Cambridge AS and A Level/English 1st (9093)/A Level/2024/May-June (Variant 2),9093_s24_qp_32.pdf,,http,,QPQuestion Paper 3 (v2),https://pastpapers.co/caie/a-level/english-9093/2024-may-june/9093_s24_qp_12.pdf
https://pastpapers.co/caie/a-level/english-9093/2024-may-june/9093_s24_qp_33.pdf,Question Banks/Cambridge Curricula/Cambridge AS and A Level/English 1st (9093)/A Level/2024/May-June (Variant 3),9093_s24_qp_33.pdf,,http,,QPQuestion Paper 3 (v3),https://pastpapers.co/caie/a-level/english-9093/2024-may-june/9093_s24_qp_12.pdf
https://pastpapers.co/caie/a-level/english-9093/2024-may-june/9093_s24_qp_41.pdf,Question Banks/Cambridge Curricula/Cambridge AS and A Level/English 1st (9093)/A Level/2024/May-June (Variant 1),9093_s24_qp_41.pdf,,http,,QPQuestion Paper 4 (v1),https://pastpapers.co/caie/a-level/english-9093/2024-may-june/9093_s24_qp_12.pdf
https://pastpapers.co/caie/a-level/english-9093/2024-may-june/9093_s24_qp_42.pdf,Question Banks/Cambridge Curricula/Cambridge AS and A Level/English 1st (9093)/A Level/2024/May-June (Variant 2),9093_s24_qp_42.pdf,,http,,QPQuestion Paper 4 (v2),https://pastpapers.co/caie/a-level/english-9093/2024-may-june/9093_s24_qp_12.pdf
https://pastpapers.co/caie/a-level/english-9093/2024-may-june/9093_s24_qp_43.pdf,Question Banks/Cambridge Curricula/Cambridge AS and A Level/English 1st (9093)/A Level/2024/May-June (Variant 3),9093_s24_qp_43.pdf,,http,,QPQuestion Paper 4 (v3),https://pastpapers.co/caie/a-level/english-9093/2024-may-june/9093_s24_qp_12.pdf
https://pastpapers.co/caie/a-level/english-9093/2025-may-june/9093_s25_qp_11.pdf,Question Banks/Cambridge Curricula/Cambridge AS and A Level/English 1st (9093)/AS Level/2025/May-June (Variant 1),9093_s25_qp_11.pdf,,http,,QPQuestion Paper 1 (v1),https://pastpapers.co/caie/a-level/english-9093/2025-may-june/9093_s25_qp_12.pdf
https://pastpapers.co/api/file/caie/a-level/english-9093/2025-may-june/9093_s25_qp_12.pdf,Question Banks/Cambridge Curricula/Cambridge AS and A Level/English 1st (9093)/AS Level/2025/May-June (Variant 2),9093_s25_qp_12.pdf,,http,https://pastpapers.co/api/file/caie/a-level/english-9093/2025-may-june/9093_s25_qp_12.pdf?download=1,,https://pastpapers.co/caie/a-level/english-9093/2025-may-june/9093_s25_qp_12.pdf
https://pastpapers.co/caie/a-level/english-9093/2025-may-june/9093_s25_qp_13.pdf,Question Banks/Cambridge Curricula/Cambridge AS and A Level/English 1st (9093)/AS Level/2025/May-June (Variant 3),9093_s25_qp_13.pdf,,http,,QPQuestion Paper 1 (v3),https://pastpapers.co/caie/a-level/english-9093/2025-may-june/9093_s25_qp_12.pdf
https://pastpapers.co/caie/a-level/english-9093/2025-may-june/9093_s25_qp_21.pdf,Question Banks/Cambridge Curricula/Cambridge AS and A Level/English 1st (9093)/AS Level/2025/May-June (Variant 1),9093_s25_qp_21.pdf,,http,,QPQuestion Paper 2 (v1),https://pastpapers.co/caie/a-level/english-9093/2025-may-june/9093_s25_qp_12.pdf
https://pastpapers.co/caie/a-level/english-9093/2025-may-june/9093_s25_qp_22.pdf,Question Banks/Cambridge Curricula/Cambridge AS and A Level/English 1st (9093)/AS Level/2025/May-June (Variant 2),9093_s25_qp_22.pdf,,http,,QPQuestion Paper 2 (v2),https://pastpapers.co/caie/a-level/english-9093/2025-may-june/9093_s25_qp_12.pdf
https://pastpapers.co/caie/a-level/english-9093/2025-may-june/9093_s25_qp_23.pdf,Question Banks/Cambridge Curricula/Cambridge AS and A Level/English 1st (9093)/AS Level/2025/May-June (Variant 3),9093_s25_qp_23.pdf,,http,,QPQuestion Paper 2 (v3),https://pastpapers.co/caie/a-level/english-9093/2025-may-june/9093_s25_qp_12.pdf
https://pastpapers.co/caie/a-level/english-9093/2025-may-june/9093_s25_qp_31.pdf,Question Banks/Cambridge Curricula/Cambridge AS and A Level/English 1st (9093)/A Level/2025/May-June (Variant 1),9093_s25_qp_31.pdf,,http,,QPQuestion Paper 3 (v1),https://pastpapers.co/caie/a-level/english-9093/2025-may-june/9093_s25_qp_12.pdf
https://pastpapers.co/caie/a-level/english-9093/2025-may-june/9093_s25_qp_32.pdf,Question Banks/Cambridge Curricula/Cambridge AS and A Level/English 1st (9093)/A Level/2025/May-June (Variant 2),9093_s25_qp_32.pdf,,http,,QPQuestion Paper 3 (v2),https://pastpapers.co/caie/a-level/english-9093/2025-may-june/9093_s25_qp_12.pdf
https://pastpapers.co/caie/a-level/english-9093/2025-may-june/9093_s25_qp_33.pdf,Question Banks/Cambridge Curricula/Cambridge AS and A Level/English 1st (9093)/A Level/2025/May-June (Variant 3),9093_s25_qp_33.pdf,,http,,QPQuestion Paper 3 (v3),https://pastpapers.co/caie/a-level/english-9093/2025-may-june/9093_s25_qp_12.pdf
https://pastpapers.co/caie/a-level/english-9093/2025-may-june/9093_s25_qp_41.pdf,Question Banks/Cambridge Curricula/Cambridge AS and A Level/English 1st (9093)/A Level/2025/May-June (Variant 1),9093_s25_qp_41.pdf,,http,,QPQuestion Paper 4 (v1),https://pastpapers.co/caie/a-level/english-9093/2025-may-june/9093_s25_qp_12.pdf
https://pastpapers.co/caie/a-level/english-9093/2025-may-june/9093_s25_qp_42.pdf,Question Banks/Cambridge Curricula/Cambridge AS and A Level/English 1st (9093)/A Level/2025/May-June (Variant 2),9093_s25_qp_42.pdf,,http,,QPQuestion Paper 4 (v2),https://pastpapers.co/caie/a-level/english-9093/2025-may-june/9093_s25_qp_12.pdf
https://pastpapers.co/caie/a-level/english-9093/2025-may-june/9093_s25_qp_43.pdf,Question Banks/Cambridge Curricula/Cambridge AS and A Level/English 1st (9093)/A Level/2025/May-June (Variant 3),9093_s25_qp_43.pdf,,http,,QPQuestion Paper 4 (v3),https://pastpapers.co/caie/a-level/english-9093/2025-may-june/9093_s25_qp_12.pdf
https://pastpapers.co/caie/a-level/english-9093/2020-oct-nov/9093_w20_qp_11.pdf,Question Banks/Cambridge Curricula/Cambridge AS and A Level/English 1st (9093)/AS Level/2020/Oct-Nov (Variant 1),9093_w20_qp_11.pdf,,http,,QPQuestion Paper 1 (v1),https://pastpapers.co/caie/a-level/english-9093/2020-oct-nov/9093_w20_qp_12.pdf
https://pastpapers.co/api/file/caie/a-level/english-9093/2020-oct-nov/9093_w20_qp_12.pdf,Question Banks/Cambridge Curricula/Cambridge AS and A Level/English 1st (9093)/AS Level/2020/Oct-Nov (Variant 2),9093_w20_qp_12.pdf,,http,https://pastpapers.co/api/file/caie/a-level/english-9093/2020-oct-nov/9093_w20_qp_12.pdf?download=1,,https://pastpapers.co/caie/a-level/english-9093/2020-oct-nov/9093_w20_qp_12.pdf
https://pastpapers.co/caie/a-level/english-9093/2020-oct-nov/9093_w20_qp_13.pdf,Question Banks/Cambridge Curricula/Cambridge AS and A Level/English 1st (9093)/AS Level/2020/Oct-Nov (Variant 3),9093_w20_qp_13.pdf,,http,,QPQuestion Paper 1 (v3),https://pastpapers.co/caie/a-level/english-9093/2020-oct-nov/9093_w20_qp_12.pdf
https://pastpapers.co/caie/a-level/english-9093/2020-oct-nov/9093_w20_qp_21.pdf,Question Banks/Cambridge Curricula/Cambridge AS and A Level/English 1st (9093)/AS Level/2020/Oct-Nov (Variant 1),9093_w20_qp_21.pdf,,http,,QPQuestion Paper 2 (v1),https://pastpapers.co/caie/a-level/english-9093/2020-oct-nov/9093_w20_qp_12.pdf
https://pastpapers.co/caie/a-level/english-9093/2020-oct-nov/9093_w20_qp_22.pdf,Question Banks/Cambridge Curricula/Cambridge AS and A Level/English 1st (9093)/AS Level/2020/Oct-Nov (Variant 2),9093_w20_qp_22.pdf,,http,,QPQuestion Paper 2 (v2),https://pastpapers.co/caie/a-level/english-9093/2020-oct-nov/9093_w20_qp_12.pdf
https://pastpapers.co/caie/a-level/english-9093/2020-oct-nov/9093_w20_qp_23.pdf,Question Banks/Cambridge Curricula/Cambridge AS and A Level/English 1st (9093)/AS Level/2020/Oct-Nov (Variant 3),9093_w20_qp_23.pdf,,http,,QPQuestion Paper 2 (v3),https://pastpapers.co/caie/a-level/english-9093/2020-oct-nov/9093_w20_qp_12.pdf
https://pastpapers.co/caie/a-level/english-9093/2020-oct-nov/9093_w20_qp_31.pdf,Question Banks/Cambridge Curricula/Cambridge AS and A Level/English 1st (9093)/A Level/2020/Oct-Nov (Variant 1),9093_w20_qp_31.pdf,,http,,QPQuestion Paper 3 (v1),https://pastpapers.co/caie/a-level/english-9093/2020-oct-nov/9093_w20_qp_12.pdf
https://pastpapers.co/caie/a-level/english-9093/2020-oct-nov/9093_w20_qp_32.pdf,Question Banks/Cambridge Curricula/Cambridge AS and A Level/English 1st (9093)/A Level/2020/Oct-Nov (Variant 2),9093_w20_qp_32.pdf,,http,,QPQuestion Paper 3 (v2),https://pastpapers.co/caie/a-level/english-9093/2020-oct-nov/9093_w20_qp_12.pdf
https://pastpapers.co/caie/a-level/english-9093/2020-oct-nov/9093_w20_qp_33.pdf,Question Banks/Cambridge Curricula/Cambridge AS and A Level/English 1st (9093)/A Level/2020/Oct-Nov (Variant 3),9093_w20_qp_33.pdf,,http,,QPQuestion Paper 3 (v3),https://pastpapers.co/caie/a-level/english-9093/2020-oct-nov/9093_w20_qp_12.pdf
https://pastpapers.co/caie/a-level/english-9093/2020-oct-nov/9093_w20_qp_41.pdf,Question Banks/Cambridge Curricula/Cambridge AS and A Level/English 1st (9093)/A Level/2020/Oct-Nov (Variant 1),9093_w20_qp_41.pdf,,http,,QPQuestion Paper 4 (v1),https://pastpapers.co/caie/a-level/english-9093/2020-oct-nov/9093_w20_qp_12.pdf
https://pastpapers.co/caie/a-level/english-9093/2020-oct-nov/9093_w20_qp_42.pdf,Question Banks/Cambridge Curricula/Cambridge AS and A Level/English 1st (9093)/A Level/2020/Oct-Nov (Variant 2),9093_w20_qp_42.pdf,,http,,QPQuestion Paper 4 (v2),https://pastpapers.co/caie/a-level/english-9093/2020-oct-nov/9093_w20_qp_12.pdf
https://pastpapers.co/caie/a-level/english-9093/2020-oct-nov/9093_w20_qp_43.pdf,Question Banks/Cambridge Curricula/Cambridge AS and A Level/English 1st (9093)/A Level/2020/Oct-Nov (Variant 3),9093_w20_qp_43.pdf,,http,,QPQuestion Paper 4 (v3),https://pastpapers.co/caie/a-level/english-9093/2020-oct-nov/9093_w20_qp_12.pdf
https://pastpapers.co/caie/a-level/english-9093/2021-oct-nov/9093_w21_qp_11.pdf,Question Banks/Cambridge Curricula/Cambridge AS and A Level/English 1st (9093)/AS Level/2021/Oct-Nov (Variant 1),9093_w21_qp_11.pdf,,http,,QPQuestion Paper 1 (v1),https://pastpapers.co/caie/a-level/english-9093/2021-oct-nov/9093_w21_qp_12.pdf
https://pastpapers.co/api/file/caie/a-level/english-9093/2021-oct-nov/9093_w21_qp_12.pdf,Question Banks/Cambridge Curricula/Cambridge AS and A Level/English 1st (9093)/AS Level/2021/Oct-Nov (Variant 2),9093_w21_qp_12.pdf,,http,https://pastpapers.co/api/file/caie/a-level/english-9093/2021-oct-nov/9093_w21_qp_12.pdf?download=1,,https://pastpapers.co/caie/a-level/english-9093/2021-oct-nov/9093_w21_qp_12.pdf
https://pastpapers.co/caie/a-level/english-9093/2021-oct-nov/9093_w21_qp_13.pdf,Question Banks/Cambridge Curricula/Cambridge AS and A Level/English 1st (9093)/AS Level/2021/Oct-Nov (Variant 3),9093_w21_qp_13.pdf,,http,,QPQuestion Paper 1 (v3),https://pastpapers.co/caie/a-level/english-9093/2021-oct-nov/9093_w21_qp_12.pdf
https://pastpapers.co/caie/a-level/english-9093/2021-oct-nov/9093_w21_qp_21.pdf,Question Banks/Cambridge Curricula/Cambridge AS and A Level/English 1st (9093)/AS Level/2021/Oct-Nov (Variant 1),9093_w21_qp_21.pdf,,http,,QPQuestion Paper 2 (v1),https://pastpapers.co/caie/a-level/english-9093/2021-oct-nov/9093_w21_qp_12.pdf
https://pastpapers.co/caie/a-level/english-9093/2021-oct-nov/9093_w21_qp_22.pdf,Question Banks/Cambridge Curricula/Cambridge AS and A Level/English 1st (9093)/AS Level/2021/Oct-Nov (Variant 2),9093_w21_qp_22.pdf,,http,,QPQuestion Paper 2 (v2),https://pastpapers.co/caie/a-level/english-9093/2021-oct-nov/9093_w21_qp_12.pdf
https://pastpapers.co/caie/a-level/english-9093/2021-oct-nov/9093_w21_qp_23.pdf,Question Banks/Cambridge Curricula/Cambridge AS and A Level/English 1st (9093)/AS Level/2021/Oct-Nov (Variant 3),9093_w21_qp_23.pdf,,http,,QPQuestion Paper 2 (v3),https://pastpapers.co/caie/a-level/english-9093/2021-oct-nov/9093_w21_qp_12.pdf
https://pastpapers.co/caie/a-level/english-9093/2021-oct-nov/9093_w21_qp_31.pdf,Question Banks/Cambridge Curricula/Cambridge AS and A Level/English 1st (9093)/A Level/2021/Oct-Nov (Variant 1),9093_w21_qp_31.pdf,,http,,QPQuestion Paper 3 (v1),https://pastpapers.co/caie/a-level/english-9093/2021-oct-nov/9093_w21_qp_12.pdf
https://pastpapers.co/caie/a-level/english-9093/2021-oct-nov/9093_w21_qp_32.pdf,Question Banks/Cambridge Curricula/Cambridge AS and A Level/English 1st (9093)/A Level/2021/Oct-Nov (Variant 2),9093_w21_qp_32.pdf,,http,,QPQuestion Paper 3 (v2),https://pastpapers.co/caie/a-level/english-9093/2021-oct-nov/9093_w21_qp_12.pdf
https://pastpapers.co/caie/a-level/english-9093/2021-oct-nov/9093_w21_qp_33.pdf,Question Banks/Cambridge Curricula/Cambridge AS and A Level/English 1st (9093)/A Level/2021/Oct-Nov (Variant 3),9093_w21_qp_33.pdf,,http,,QPQuestion Paper 3 (v3),https://pastpapers.co/caie/a-level/english-9093/2021-oct-nov/9093_w21_qp_12.pdf
https://pastpapers.co/caie/a-level/english-9093/2021-oct-nov/9093_w21_qp_41.pdf,Question Banks/Cambridge Curricula/Cambridge AS and A Level/English 1st (9093)/A Level/2021/Oct-Nov (Variant 1),9093_w21_qp_41.pdf,,http,,QPQuestion Paper 4 (v1),https://pastpapers.co/caie/a-level/english-9093/2021-oct-nov/9093_w21_qp_12.pdf
https://pastpapers.co/caie/a-level/english-9093/2021-oct-nov/9093_w21_qp_42.pdf,Question Banks/Cambridge Curricula/Cambridge AS and A Level/English 1st (9093)/A Level/2021/Oct-Nov (Variant 2),9093_w21_qp_42.pdf,,http,,QPQuestion Paper 4 (v2),https://pastpapers.co/caie/a-level/english-9093/2021-oct-nov/9093_w21_qp_12.pdf
https://pastpapers.co/caie/a-level/english-9093/2021-oct-nov/9093_w21_qp_43.pdf,Question Banks/Cambridge Curricula/Cambridge AS and A Level/English 1st (9093)/A Level/2021/Oct-Nov (Variant 3),9093_w21_qp_43.pdf,,http,,QPQuestion Paper 4 (v3),https://pastpapers.co/caie/a-level/english-9093/2021-oct-nov/9093_w21_qp_12.pdf
https://pastpapers.co/caie/a-level/english-9093/2022-oct-nov/9093_w22_qp_11.pdf,Question Banks/Cambridge Curricula/Cambridge AS and A Level/English 1st (9093)/AS Level/2022/Oct-Nov (Variant 1),9093_w22_qp_11.pdf,,http,,QPQuestion Paper 1 (v1),https://pastpapers.co/caie/a-level/english-9093/2022-oct-nov/9093_w22_qp_12.pdf
https://pastpapers.co/api/file/caie/a-level/english-9093/2022-oct-nov/9093_w22_qp_12.pdf,Question Banks/Cambridge Curricula/Cambridge AS and A Level/English 1st (9093)/AS Level/2022/Oct-Nov (Variant 2),9093_w22_qp_12.pdf,,http,https://pastpapers.co/api/file/caie/a-level/english-9093/2022-oct-nov/9093_w22_qp_12.pdf?download=1,,https://pastpapers.co/caie/a-level/english-9093/2022-oct-nov/9093_w22_qp_12.pdf
https://pastpapers.co/caie/a-level/english-9093/2022-oct-nov/9093_w22_qp_13.pdf,Question Banks/Cambridge Curricula/Cambridge AS and A Level/English 1st (9093)/AS Level/2022/Oct-Nov (Variant 3),9093_w22_qp_13.pdf,,http,,QPQuestion Paper 1 (v3),https://pastpapers.co/caie/a-level/english-9093/2022-oct-nov/9093_w22_qp_12.pdf
https://pastpapers.co/caie/a-level/english-9093/2022-oct-nov/9093_w22_qp_21.pdf,Question Banks/Cambridge Curricula/Cambridge AS and A Level/English 1st (9093)/AS Level/2022/Oct-Nov (Variant 1),9093_w22_qp_21.pdf,,http,,QPQuestion Paper 2 (v1),https://pastpapers.co/caie/a-level/english-9093/2022-oct-nov/9093_w22_qp_12.pdf
https://pastpapers.co/caie/a-level/english-9093/2022-oct-nov/9093_w22_qp_22.pdf,Question Banks/Cambridge Curricula/Cambridge AS and A Level/English 1st (9093)/AS Level/2022/Oct-Nov (Variant 2),9093_w22_qp_22.pdf,,http,,QPQuestion Paper 2 (v2),https://pastpapers.co/caie/a-level/english-9093/2022-oct-nov/9093_w22_qp_12.pdf
https://pastpapers.co/caie/a-level/english-9093/2022-oct-nov/9093_w22_qp_23.pdf,Question Banks/Cambridge Curricula/Cambridge AS and A Level/English 1st (9093)/AS Level/2022/Oct-Nov (Variant 3),9093_w22_qp_23.pdf,,http,,QPQuestion Paper 2 (v3),https://pastpapers.co/caie/a-level/english-9093/2022-oct-nov/9093_w22_qp_12.pdf
https://pastpapers.co/caie/a-level/english-9093/2022-oct-nov/9093_w22_qp_31.pdf,Question Banks/Cambridge Curricula/Cambridge AS and A Level/English 1st (9093)/A Level/2022/Oct-Nov (Variant 1),9093_w22_qp_31.pdf,,http,,QPQuestion Paper 3 (v1),https://pastpapers.co/caie/a-level/english-9093/2022-oct-nov/9093_w22_qp_12.pdf
https://pastpapers.co/caie/a-level/english-9093/2022-oct-nov/9093_w22_qp_32.pdf,Question Banks/Cambridge Curricula/Cambridge AS and A Level/English 1st (9093)/A Level/2022/Oct-Nov (Variant 2),9093_w22_qp_32.pdf,,http,,QPQuestion Paper 3 (v2),https://pastpapers.co/caie/a-level/english-9093/2022-oct-nov/9093_w22_qp_12.pdf
https://pastpapers.co/caie/a-level/english-9093/2022-oct-nov/9093_w22_qp_33.pdf,Question Banks/Cambridge Curricula/Cambridge AS and A Level/English 1st (9093)/A Level/2022/Oct-Nov (Variant 3),9093_w22_qp_33.pdf,,http,,QPQuestion Paper 3 (v3),https://pastpapers.co/caie/a-level/english-9093/2022-oct-nov/9093_w22_qp_12.pdf
https://pastpapers.co/caie/a-level/english-9093/2022-oct-nov/9093_w22_qp_41.pdf,Question Banks/Cambridge Curricula/Cambridge AS and A Level/English 1st (9093)/A Level/2022/Oct-Nov (Variant 1),9093_w22_qp_41.pdf,,http,,QPQuestion Paper 4 (v1),https://pastpapers.co/caie/a-level/english-9093/2022-oct-nov/9093_w22_qp_12.pdf
https://pastpapers.co/caie/a-level/english-9093/2022-oct-nov/9093_w22_qp_42.pdf,Question Banks/Cambridge Curricula/Cambridge AS and A Level/English 1st (9093)/A Level/2022/Oct-Nov (Variant 2),9093_w22_qp_42.pdf,,http,,QPQuestion Paper 4 (v2),https://pastpapers.co/caie/a-level/english-9093/2022-oct-nov/9093_w22_qp_12.pdf
https://pastpapers.co/caie/a-level/english-9093/2022-oct-nov/9093_w22_qp_43.pdf,Question Banks/Cambridge Curricula/Cambridge AS and A Level/English 1st (9093)/A Level/2022/Oct-Nov (Variant 3),9093_w22_qp_43.pdf,,http,,QPQuestion Paper 4 (v3),https://pastpapers.co/caie/a-level/english-9093/2022-oct-nov/9093_w22_qp_12.pdf
https://pastpapers.co/caie/a-level/english-9093/2023-oct-nov/9093_w23_qp_11.pdf,Question Banks/Cambridge Curricula/Cambridge AS and A Level/English 1st (9093)/AS Level/2023/Oct-Nov (Variant 1),9093_w23_qp_11.pdf,,http,,QPQuestion Paper 1 (v1),https://pastpapers.co/caie/a-level/english-9093/2023-oct-nov/9093_w23_qp_12.pdf
https://pastpapers.co/api/file/caie/a-level/english-9093/2023-oct-nov/9093_w23_qp_12.pdf,Question Banks/Cambridge Curricula/Cambridge AS and A Level/English 1st (9093)/AS Level/2023/Oct-Nov (Variant 2),9093_w23_qp_12.pdf,,http,https://pastpapers.co/api/file/caie/a-level/english-9093/2023-oct-nov/9093_w23_qp_12.pdf?download=1,,https://pastpapers.co/caie/a-level/english-9093/2023-oct-nov/9093_w23_qp_12.pdf
https://pastpapers.co/caie/a-level/english-9093/2023-oct-nov/9093_w23_qp_13.pdf,Question Banks/Cambridge Curricula/Cambridge AS and A Level/English 1st (9093)/AS Level/2023/Oct-Nov (Variant 3),9093_w23_qp_13.pdf,,http,,QPQuestion Paper 1 (v3),https://pastpapers.co/caie/a-level/english-9093/2023-oct-nov/9093_w23_qp_12.pdf
https://pastpapers.co/caie/a-level/english-9093/2023-oct-nov/9093_w23_qp_21.pdf,Question Banks/Cambridge Curricula/Cambridge AS and A Level/English 1st (9093)/AS Level/2023/Oct-Nov (Variant 1),9093_w23_qp_21.pdf,,http,,QPQuestion Paper 2 (v1),https://pastpapers.co/caie/a-level/english-9093/2023-oct-nov/9093_w23_qp_12.pdf
https://pastpapers.co/caie/a-level/english-9093/2023-oct-nov/9093_w23_qp_22.pdf,Question Banks/Cambridge Curricula/Cambridge AS and A Level/English 1st (9093)/AS Level/2023/Oct-Nov (Variant 2),9093_w23_qp_22.pdf,,http,,QPQuestion Paper 2 (v2),https://pastpapers.co/caie/a-level/english-9093/2023-oct-nov/9093_w23_qp_12.pdf
https://pastpapers.co/caie/a-level/english-9093/2023-oct-nov/9093_w23_qp_23.pdf,Question Banks/Cambridge Curricula/Cambridge AS and A Level/English 1st (9093)/AS Level/2023/Oct-Nov (Variant 3),9093_w23_qp_23.pdf,,http,,QPQuestion Paper 2 (v3),https://pastpapers.co/caie/a-level/english-9093/2023-oct-nov/9093_w23_qp_12.pdf
https://pastpapers.co/caie/a-level/english-9093/2023-oct-nov/9093_w23_qp_31.pdf,Question Banks/Cambridge Curricula/Cambridge AS and A Level/English 1st (9093)/A Level/2023/Oct-Nov (Variant 1),9093_w23_qp_31.pdf,,http,,QPQuestion Paper 3 (v1),https://pastpapers.co/caie/a-level/english-9093/2023-oct-nov/9093_w23_qp_12.pdf
https://pastpapers.co/caie/a-level/english-9093/2023-oct-nov/9093_w23_qp_32.pdf,Question Banks/Cambridge Curricula/Cambridge AS and A Level/English 1st (9093)/A Level/2023/Oct-Nov (Variant 2),9093_w23_qp_32.pdf,,http,,QPQuestion Paper 3 (v2),https://pastpapers.co/caie/a-level/english-9093/2023-oct-nov/9093_w23_qp_12.pdf
https://pastpapers.co/caie/a-level/english-9093/2023-oct-nov/9093_w23_qp_33.pdf,Question Banks/Cambridge Curricula/Cambridge AS and A Level/English 1st (9093)/A Level/2023/Oct-Nov (Variant 3),9093_w23_qp_33.pdf,,http,,QPQuestion Paper 3 (v3),https://pastpapers.co/caie/a-level/english-9093/2023-oct-nov/9093_w23_qp_12.pdf
https://pastpapers.co/caie/a-level/english-9093/2023-oct-nov/9093_w23_qp_41.pdf,Question Banks/Cambridge Curricula/Cambridge AS and A Level/English 1st (9093)/A Level/2023/Oct-Nov (Variant 1),9093_w23_qp_41.pdf,,http,,QPQuestion Paper 4 (v1),https://pastpapers.co/caie/a-level/english-9093/2023-oct-nov/9093_w23_qp_12.pdf
https://pastpapers.co/caie/a-level/english-9093/2023-oct-nov/9093_w23_qp_42.pdf,Question Banks/Cambridge Curricula/Cambridge AS and A Level/English 1st (9093)/A Level/2023/Oct-Nov (Variant 2),9093_w23_qp_42.pdf,,http,,QPQuestion Paper 4 (v2),https://pastpapers.co/caie/a-level/english-9093/2023-oct-nov/9093_w23_qp_12.pdf
https://pastpapers.co/caie/a-level/english-9093/2023-oct-nov/9093_w23_qp_43.pdf,Question Banks/Cambridge Curricula/Cambridge AS and A Level/English 1st (9093)/A Level/2023/Oct-Nov (Variant 3),9093_w23_qp_43.pdf,,http,,QPQuestion Paper 4 (v3),https://pastpapers.co/caie/a-level/english-9093/2023-oct-nov/9093_w23_qp_12.pdf
https://pastpapers.co/caie/a-level/english-9093/2024-oct-nov/9093_w24_qp_11.pdf,Question Banks/Cambridge Curricula/Cambridge AS and A Level/English 1st (9093)/AS Level/2024/Oct-Nov (Variant 1),9093_w24_qp_11.pdf,,http,,QPQuestion Paper 1 (v1),https://pastpapers.co/caie/a-level/english-9093/2024-oct-nov/9093_w24_qp_12.pdf
https://pastpapers.co/api/file/caie/a-level/english-9093/2024-oct-nov/9093_w24_qp_12.pdf,Question Banks/Cambridge Curricula/Cambridge AS and A Level/English 1st (9093)/AS Level/2024/Oct-Nov (Variant 2),9093_w24_qp_12.pdf,,http,https://pastpapers.co/api/file/caie/a-level/english-9093/2024-oct-nov/9093_w24_qp_12.pdf?download=1,,https://pastpapers.co/caie/a-level/english-9093/2024-oct-nov/9093_w24_qp_12.pdf
https://pastpapers.co/caie/a-level/english-9093/2024-oct-nov/9093_w24_qp_13.pdf,Question Banks/Cambridge Curricula/Cambridge AS and A Level/English 1st (9093)/AS Level/2024/Oct-Nov (Variant 3),9093_w24_qp_13.pdf,,http,,QPQuestion Paper 1 (v3),https://pastpapers.co/caie/a-level/english-9093/2024-oct-nov/9093_w24_qp_12.pdf
https://pastpapers.co/caie/a-level/english-9093/2024-oct-nov/9093_w24_qp_21.pdf,Question Banks/Cambridge Curricula/Cambridge AS and A Level/English 1st (9093)/AS Level/2024/Oct-Nov (Variant 1),9093_w24_qp_21.pdf,,http,,QPQuestion Paper 2 (v1),https://pastpapers.co/caie/a-level/english-9093/2024-oct-nov/9093_w24_qp_12.pdf
https://pastpapers.co/caie/a-level/english-9093/2024-oct-nov/9093_w24_qp_22.pdf,Question Banks/Cambridge Curricula/Cambridge AS and A Level/English 1st (9093)/AS Level/2024/Oct-Nov (Variant 2),9093_w24_qp_22.pdf,,http,,QPQuestion Paper 2 (v2),https://pastpapers.co/caie/a-level/english-9093/2024-oct-nov/9093_w24_qp_12.pdf
https://pastpapers.co/caie/a-level/english-9093/2024-oct-nov/9093_w24_qp_23.pdf,Question Banks/Cambridge Curricula/Cambridge AS and A Level/English 1st (9093)/AS Level/2024/Oct-Nov (Variant 3),9093_w24_qp_23.pdf,,http,,QPQuestion Paper 2 (v3),https://pastpapers.co/caie/a-level/english-9093/2024-oct-nov/9093_w24_qp_12.pdf
https://pastpapers.co/caie/a-level/english-9093/2024-oct-nov/9093_w24_qp_31.pdf,Question Banks/Cambridge Curricula/Cambridge AS and A Level/English 1st (9093)/A Level/2024/Oct-Nov (Variant 1),9093_w24_qp_31.pdf,,http,,QPQuestion Paper 3 (v1),https://pastpapers.co/caie/a-level/english-9093/2024-oct-nov/9093_w24_qp_12.pdf
https://pastpapers.co/caie/a-level/english-9093/2024-oct-nov/9093_w24_qp_32.pdf,Question Banks/Cambridge Curricula/Cambridge AS and A Level/English 1st (9093)/A Level/2024/Oct-Nov (Variant 2),9093_w24_qp_32.pdf,,http,,QPQuestion Paper 3 (v2),https://pastpapers.co/caie/a-level/english-9093/2024-oct-nov/9093_w24_qp_12.pdf
https://pastpapers.co/caie/a-level/english-9093/2024-oct-nov/9093_w24_qp_33.pdf,Question Banks/Cambridge Curricula/Cambridge AS and A Level/English 1st (9093)/A Level/2024/Oct-Nov (Variant 3),9093_w24_qp_33.pdf,,http,,QPQuestion Paper 3 (v3),https://pastpapers.co/caie/a-level/english-9093/2024-oct-nov/9093_w24_qp_12.pdf
https://pastpapers.co/caie/a-level/english-9093/2024-oct-nov/9093_w24_qp_41.pdf,Question Banks/Cambridge Curricula/Cambridge AS and A Level/English 1st (9093)/A Level/2024/Oct-Nov (Variant 1),9093_w24_qp_41.pdf,,http,,QPQuestion Paper 4 (v1),https://pastpapers.co/caie/a-level/english-9093/2024-oct-nov/9093_w24_qp_12.pdf
https://pastpapers.co/caie/a-level/english-9093/2024-oct-nov/9093_w24_qp_42.pdf,Question Banks/Cambridge Curricula/Cambridge AS and A Level/English 1st (9093)/A Level/2024/Oct-Nov (Variant 2),9093_w24_qp_42.pdf,,http,,QPQuestion Paper 4 (v2),https://pastpapers.co/caie/a-level/english-9093/2024-oct-nov/9093_w24_qp_12.pdf
https://pastpapers.co/caie/a-level/english-9093/2024-oct-nov/9093_w24_qp_43.pdf,Question Banks/Cambridge Curricula/Cambridge AS and A Level/English 1st (9093)/A Level/2024/Oct-Nov (Variant 3),9093_w24_qp_43.pdf,,http,,QPQuestion Paper 4 (v3),https://pastpapers.co/caie/a-level/english-9093/2024-oct-nov/9093_w24_qp_12.pdf
https://pastpapers.co/caie/a-level/english-9093/2025-oct-nov/9093_w25_qp_11.pdf,Question Banks/Cambridge Curricula/Cambridge AS and A Level/English 1st (9093)/AS Level/2025/Oct-Nov (Variant 1),9093_w25_qp_11.pdf,,http,,QPQuestion Paper 1 (v1),https://pastpapers.co/caie/a-level/english-9093/2025-oct-nov/9093_w25_qp_12.pdf
https://pastpapers.co/api/file/caie/a-level/english-9093/2025-oct-nov/9093_w25_qp_12.pdf,Question Banks/Cambridge Curricula/Cambridge AS and A Level/English 1st (9093)/AS Level/2025/Oct-Nov (Variant 2),9093_w25_qp_12.pdf,,http,https://pastpapers.co/api/file/caie/a-level/english-9093/2025-oct-nov/9093_w25_qp_12.pdf?download=1,,https://pastpapers.co/caie/a-level/english-9093/2025-oct-nov/9093_w25_qp_12.pdf
https://pastpapers.co/caie/a-level/english-9093/2025-oct-nov/9093_w25_qp_13.pdf,Question Banks/Cambridge Curricula/Cambridge AS and A Level/English 1st (9093)/AS Level/2025/Oct-Nov (Variant 3),9093_w25_qp_13.pdf,,http,,QPQuestion Paper 1 (v3),https://pastpapers.co/caie/a-level/english-9093/2025-oct-nov/9093_w25_qp_12.pdf
https://pastpapers.co/caie/a-level/english-9093/2025-oct-nov/9093_w25_qp_21.pdf,Question Banks/Cambridge Curricula/Cambridge AS and A Level/English 1st (9093)/AS Level/2025/Oct-Nov (Variant 1),9093_w25_qp_21.pdf,,http,,QPQuestion Paper 2 (v1),https://pastpapers.co/caie/a-level/english-9093/2025-oct-nov/9093_w25_qp_12.pdf
https://pastpapers.co/caie/a-level/english-9093/2025-oct-nov/9093_w25_qp_22.pdf,Question Banks/Cambridge Curricula/Cambridge AS and A Level/English 1st (9093)/AS Level/2025/Oct-Nov (Variant 2),9093_w25_qp_22.pdf,,http,,QPQuestion Paper 2 (v2),https://pastpapers.co/caie/a-level/english-9093/2025-oct-nov/9093_w25_qp_12.pdf
https://pastpapers.co/caie/a-level/english-9093/2025-oct-nov/9093_w25_qp_23.pdf,Question Banks/Cambridge Curricula/Cambridge AS and A Level/English 1st (9093)/AS Level/2025/Oct-Nov (Variant 3),9093_w25_qp_23.pdf,,http,,QPQuestion Paper 2 (v3),https://pastpapers.co/caie/a-level/english-9093/2025-oct-nov/9093_w25_qp_12.pdf
https://pastpapers.co/caie/a-level/english-9093/2025-oct-nov/9093_w25_qp_31.pdf,Question Banks/Cambridge Curricula/Cambridge AS and A Level/English 1st (9093)/A Level/2025/Oct-Nov (Variant 1),9093_w25_qp_31.pdf,,http,,QPQuestion Paper 3 (v1),https://pastpapers.co/caie/a-level/english-9093/2025-oct-nov/9093_w25_qp_12.pdf
https://pastpapers.co/caie/a-level/english-9093/2025-oct-nov/9093_w25_qp_32.pdf,Question Banks/Cambridge Curricula/Cambridge AS and A Level/English 1st (9093)/A Level/2025/Oct-Nov (Variant 2),9093_w25_qp_32.pdf,,http,,QPQuestion Paper 3 (v2),https://pastpapers.co/caie/a-level/english-9093/2025-oct-nov/9093_w25_qp_12.pdf
https://pastpapers.co/caie/a-level/english-9093/2025-oct-nov/9093_w25_qp_33.pdf,Question Banks/Cambridge Curricula/Cambridge AS and A Level/English 1st (9093)/A Level/2025/Oct-Nov (Variant 3),9093_w25_qp_33.pdf,,http,,QPQuestion Paper 3 (v3),https://pastpapers.co/caie/a-level/english-9093/2025-oct-nov/9093_w25_qp_12.pdf
https://pastpapers.co/caie/a-level/english-9093/2025-oct-nov/9093_w25_qp_41.pdf,Question Banks/Cambridge Curricula/Cambridge AS and A Level/English 1st (9093)/A Level/2025/Oct-Nov (Variant 1),9093_w25_qp_41.pdf,,http,,QPQuestion Paper 4 (v1),https://pastpapers.co/caie/a-level/english-9093/2025-oct-nov/9093_w25_qp_12.pdf
https://pastpapers.co/caie/a-level/english-9093/2025-oct-nov/9093_w25_qp_42.pdf,Question Banks/Cambridge Curricula/Cambridge AS and A Level/English 1st (9093)/A Level/2025/Oct-Nov (Variant 2),9093_w25_qp_42.pdf,,http,,QPQuestion Paper 4 (v2),https://pastpapers.co/caie/a-level/english-9093/2025-oct-nov/9093_w25_qp_12.pdf
https://pastpapers.co/caie/a-level/english-9093/2025-oct-nov/9093_w25_qp_43.pdf,Question Banks/Cambridge Curricula/Cambridge AS and A Level/English 1st (9093)/A Level/2025/Oct-Nov (Variant 3),9093_w25_qp_43.pdf,,http,,QPQuestion Paper 4 (v3),https://pastpapers.co/caie/a-level/english-9093/2025-oct-nov/9093_w25_qp_12.pdf
https://pastpapers.co/caie/a-level/english-9093/2020-march/9093_m20_gt.pdf,Question Banks/Cambridge Curricula/Cambridge AS and A Level/English 1st (9093)/Grade Thresholds/2020,9093_m20_gt.pdf,,http,,GTGrade Thresholds,https://pastpapers.co/caie/a-level/english-9093/2020-march/9093_m20_qp_12.pdf
https://pastpapers.co/caie/a-level/english-9093/2021-march/9093_m21_gt.pdf,Question Banks/Cambridge Curricula/Cambridge AS and A Level/English 1st (9093)/Grade Thresholds/2021,9093_m21_gt.pdf,,http,,GTGrade Thresholds,https://pastpapers.co/caie/a-level/english-9093/2021-march/9093_m21_qp_12.pdf
https://pastpapers.co/caie/a-level/english-9093/2023-march/9093_m23_gt.pdf,Question Banks/Cambridge Curricula/Cambridge AS and A Level/English 1st (9093)/Grade Thresholds/2023,9093_m23_gt.pdf,,http,,GTGrade Thresholds,https://pastpapers.co/caie/a-level/english-9093/2023-march/9093_m23_qp_12.pdf
https://pastpapers.co/caie/a-level/english-9093/2024-march/9093_m24_gt.pdf,Question Banks/Cambridge Curricula/Cambridge AS and A Level/English 1st (9093)/Grade Thresholds/2024,9093_m24_gt.pdf,,http,,GTGrade Thresholds,https://pastpapers.co/caie/a-level/english-9093/2024-march/9093_m24_qp_12.pdf
https://pastpapers.co/caie/a-level/english-9093/2025-march/9093_m25_gt.pdf,Question Banks/Cambridge Curricula/Cambridge AS and A Level/English 1st (9093)/Grade Thresholds/2025,9093_m25_gt.pdf,,http,,GTGrade Thresholds,https://pastpapers.co/caie/a-level/english-9093/2025-march/9093_m25_qp_12.pdf
https://pastpapers.co/caie/a-level/english-9093/2021-may-june/9093_s21_gt.pdf,Question Banks/Cambridge Curricula/Cambridge AS and A Level/English 1st (9093)/Grade Thresholds/2021,9093_s21_gt.pdf,,http,,GTGrade Thresholds,https://pastpapers.co/caie/a-level/english-9093/2021-may-june/9093_s21_qp_12.pdf
https://pastpapers.co/caie/a-level/english-9093/2022-may-june/9093_s22_gt.pdf,Question Banks/Cambridge Curricula/Cambridge AS and A Level/English 1st (9093)/Grade Thresholds/2022,9093_s22_gt.pdf,,http,,GTGrade Thresholds,https://pastpapers.co/caie/a-level/english-9093/2022-may-june/9093_s22_qp_12.pdf
https://pastpapers.co/caie/a-level/english-9093/2023-may-june/9093_s23_gt.pdf,Question Banks/Cambridge Curricula/Cambridge AS and A Level/English 1st (9093)/Grade Thresholds/2023,9093_s23_gt.pdf,,http,,GTGrade Thresholds,https://pastpapers.co/caie/a-level/english-9093/2023-may-june/9093_s23_qp_12.pdf
https://pastpapers.co/caie/a-level/english-9093/2024-may-june/9093_s24_gt.pdf,Question Banks/Cambridge Curricula/Cambridge AS and A Level/English 1st (9093)/Grade Thresholds/2024,9093_s24_gt.pdf,,http,,GTGrade Thresholds,https://pastpapers.co/caie/a-level/english-9093/2024-may-june/9093_s24_qp_12.pdf
https://pastpapers.co/caie/a-level/english-9093/2025-may-june/9093_s25_gt.pdf,Question Banks/Cambridge Curricula/Cambridge AS and A Level/English 1st (9093)/Grade Thresholds/2025,9093_s25_gt.pdf,,http,,GTGrade Thresholds,https://pastpapers.co/caie/a-level/english-9093/2025-may-june/9093_s25_qp_12.pdf
https://pastpapers.co/caie/a-level/english-9093/2020-oct-nov/9093_w20_gt.pdf,Question Banks/Cambridge Curricula/Cambridge AS and A Level/English 1st (9093)/Grade Thresholds/2020,9093_w20_gt.pdf,,http,,GTGrade Thresholds,https://pastpapers.co/caie/a-level/english-9093/2020-oct-nov/9093_w20_qp_12.pdf
https://pastpapers.co/caie/a-level/english-9093/2021-oct-nov/9093_w21_gt.pdf,Question Banks/Cambridge Curricula/Cambridge AS and A Level/English 1st (9093)/Grade Thresholds/2021,9093_w21_gt.pdf,,http,,GTGrade Thresholds,https://pastpapers.co/caie/a-level/english-9093/2021-oct-nov/9093_w21_qp_12.pdf
https://pastpapers.co/caie/a-level/english-9093/2022-oct-nov/9093_w22_gt.pdf,Question Banks/Cambridge Curricula/Cambridge AS and A Level/English 1st (9093)/Grade Thresholds/2022,9093_w22_gt.pdf,,http,,GTGrade Thresholds,https://pastpapers.co/caie/a-level/english-9093/2022-oct-nov/9093_w22_qp_12.pdf
https://pastpapers.co/caie/a-level/english-9093/2023-oct-nov/9093_w23_gt.pdf,Question Banks/Cambridge Curricula/Cambridge AS and A Level/English 1st (9093)/Grade Thresholds/2023,9093_w23_gt.pdf,,http,,GTGrade Thresholds,https://pastpapers.co/caie/a-level/english-9093/2023-oct-nov/9093_w23_qp_12.pdf
https://pastpapers.co/caie/a-level/english-9093/2024-oct-nov/9093_w24_gt.pdf,Question Banks/Cambridge Curricula/Cambridge AS and A Level/English 1st (9093)/Grade Thresholds/2024,9093_w24_gt.pdf,,http,,GTGrade Thresholds,https://pastpapers.co/caie/a-level/english-9093/2024-oct-nov/9093_w24_qp_12.pdf
https://pastpapers.co/caie/a-level/english-9093/2025-oct-nov/9093_w25_gt.pdf,Question Banks/Cambridge Curricula/Cambridge AS and A Level/English 1st (9093)/Grade Thresholds/2025,9093_w25_gt.pdf,,http,,GTGrade Thresholds,https://pastpapers.co/caie/a-level/english-9093/2025-oct-nov/9093_w25_qp_12.pdf
