url,folder,filename,target_path,mode,alt_urls,note,source_page
https://pastpapers.co/api/file/caie/igcse/business-studies-0450/2020-march/0450_m20_er.pdf,Question Banks/Cambridge Curricula/IGCSE/Business Studies (0450)/Examiner Reports/2020,0450_m20_er.pdf,,http,https://pastpapers.co/api/file/caie/igcse/business-studies-0450/2020-march/0450_m20_er.pdf?download=1,,https://pastpapers.co/caie/igcse/business-studies-0450/2020-march/0450_m20_er.pdf
https://pastpapers.co/caie/igcse/business-studies-0450/2021-march/0450_m21_er.pdf,Question Banks/Cambridge Curricula/IGCSE/Business Studies (0450)/Examiner Reports/2021,0450_m21_er.pdf,,http,,ERExaminer Report,https://pastpapers.co/caie/igcse/business-studies-0450/2021-march/0450_m21_qp_12.pdf
https://pastpapers.co/caie/igcse/business-studies-0450/2023-march/0450_m23_er.pdf,Question Banks/Cambridge Curricula/IGCSE/Business Studies (0450)/Examiner Reports/2023,0450_m23_er.pdf,,http,,ERExaminer Report,https://pastpapers.co/caie/igcse/business-studies-0450/2023-march/0450_m23_qp_12.pdf
https://pastpapers.co/caie/igcse/business-studies-0450/2025-march/0450_m25_er.pdf,Question Banks/Cambridge Curricula/IGCSE/Business Studies (0450)/Examiner Reports/2025,0450_m25_er.pdf,,http,,ERExaminer Report,https://pastpapers.co/caie/igcse/business-studies-0450/2025-march/0450_m25_qp_12.pdf
https://pastpapers.co/caie/igcse/business-studies-0450/2021-may-june/0450_s21_er.pdf,Question Banks/Cambridge Curricula/IGCSE/Business Studies (0450)/Examiner Reports/2021,0450_s21_er.pdf,,http,,ERExaminer Report,https://pastpapers.co/caie/igcse/business-studies-0450/2021-may-june/0450_s21_qp_12.pdf
https://pastpapers.co/caie/igcse/business-studies-0450/2022-may-june/0450_s22_er.pdf,Question Banks/Cambridge Curricula/IGCSE/Business Studies (0450)/Examiner Reports/2022,0450_s22_er.pdf,,http,,ERExaminer Report,https://pastpapers.co/caie/igcse/business-studies-0450/2022-may-june/0450_s22_qp_12.pdf
https://pastpapers.co/caie/igcse/business-studies-0450/2023-may-june/0450_s23_er.pdf,Question Banks/Cambridge Curricula/IGCSE/Business Studies (0450)/Examiner Reports/2023,0450_s23_er.pdf,,http,,ERExaminer Report,https://pastpapers.co/caie/igcse/business-studies-0450/2023-may-june/0450_s23_qp_12.pdf
https://pastpapers.co/caie/igcse/business-studies-0450/2025-may-june/0450_s25_er.pdf,Question Banks/Cambridge Curricula/IGCSE/Business Studies (0450)/Examiner Reports/2025,0450_s25_er.pdf,,http,,ERExaminer Report,https://pastpapers.co/caie/igcse/business-studies-0450/2025-may-june/0450_s25_qp_12.pdf
https://pastpapers.co/caie/igcse/business-studies-0450/2020-oct-nov/0450_w20_er.pdf,Question Banks/Cambridge Curricula/IGCSE/Business Studies (0450)/Examiner Reports/2020,0450_w20_er.pdf,,http,,ERExaminer Report,https://pastpapers.co/caie/igcse/business-studies-0450/2020-oct-nov/0450_w20_qp_12.pdf
https://pastpapers.co/caie/igcse/business-studies-0450/2021-oct-nov/0450_w21_er.pdf,Question Banks/Cambridge Curricula/IGCSE/Business Studies (0450)/Examiner Reports/2021,0450_w21_er.pdf,,http,,ERExaminer Report,https://pastpapers.co/caie/igcse/business-studies-0450/2021-oct-nov/0450_w21_qp_12.pdf
https://pastpapers.co/caie/igcse/business-studies-0450/2022-oct-nov/0450_w22_er.pdf,Question Banks/Cambridge Curricula/IGCSE/Business Studies (0450)/Examiner Reports/2022,0450_w22_er.pdf,,http,,ERExaminer Report,https://pastpapers.co/caie/igcse/business-studies-0450/2022-oct-nov/0450_w22_qp_12.pdf
https://pastpapers.co/caie/igcse/economics-0455/2021-march/0455_m21_er.pdf,Question Banks/Cambridge Curricula/IGCSE/Economics (0455)/Examiner Reports/2021,0455_m21_er.pdf,,http,,ERExaminer Report,https://pastpapers.co/caie/igcse/economics-0455/2021-march/0455_m21_qp_12.pdf
https://pastpapers.co/caie/igcse/economics-0455/2023-march/0455_m23_er.pdf,Question Banks/Cambridge Curricula/IGCSE/Economics (0455)/Examiner Reports/2023,0455_m23_er.pdf,,http,,ERExaminer Report,https://pastpapers.co/caie/igcse/economics-0455/2023-march/0455_m23_qp_12.pdf
https://pastpapers.co/caie/igcse/economics-0455/2025-march/0455_m25_er.pdf,Question Banks/Cambridge Curricula/IGCSE/Economics (0455)/Examiner Reports/2025,0455_m25_er.pdf,,http,,ERExaminer Report,https://pastpapers.co/caie/igcse/economics-0455/2025-march/0455_m25_qp_12.pdf
https://pastpapers.co/caie/igcse/economics-0455/2021-may-june/0455_s21_er.pdf,Question Banks/Cambridge Curricula/IGCSE/Economics (0455)/Examiner Reports/2021,0455_s21_er.pdf,,http,,ERExaminer Report,https://pastpapers.co/caie/igcse/economics-0455/2021-may-june/0455_s21_qp_12.pdf
https://pastpapers.co/caie/igcse/economics-0455/2022-may-june/0455_s22_er.pdf,Question Banks/Cambridge Curricula/IGCSE/Economics (0455)/Examiner Reports/2022,0455_s22_er.pdf,,http,,ERExaminer Report,https://pastpapers.co/caie/igcse/economics-0455/2022-may-june/0455_s22_qp_12.pdf
https://pastpapers.co/caie/igcse/economics-0455/2023-may-june/0455_s23_er.pdf,Question Banks/Cambridge Curricula/IGCSE/Economics (0455)/Examiner Reports/2023,0455_s23_er.pdf,,http,,ERExaminer Report,https://pastpapers.co/caie/igcse/economics-0455/2023-may-june/0455_s23_qp_12.pdf
https://pastpapers.co/caie/igcse/economics-0455/2025-may-june/0455_s25_er.pdf,Question Banks/Cambridge Curricula/IGCSE/Economics (0455)/Examiner Reports/2025,0455_s25_er.pdf,,http,,ERExaminer Report,https://pastpapers.co/caie/igcse/economics-0455/2025-may-june/0455_s25_qp_12.pdf
https://pastpapers.co/caie/igcse/economics-0455/2020-oct-nov/0455_w20_er.pdf,Question Banks/Cambridge Curricula/IGCSE/Economics (0455)/Examiner Reports/2020,0455_w20_er.pdf,,http,,ERExaminer Report,https://pastpapers.co/caie/igcse/economics-0455/2020-oct-nov/0455_w20_qp_12.pdf
https://pastpapers.co/caie/igcse/economics-0455/2021-oct-nov/0455_w21_er.pdf,Question Banks/Cambridge Curricula/IGCSE/Economics (0455)/Examiner Reports/2021,0455_w21_er.pdf,,http,,ERExaminer Report,https://pastpapers.co/caie/igcse/economics-0455/2021-oct-nov/0455_w21_qp_12.pdf
https://pastpapers.co/caie/igcse/economics-0455/2022-oct-nov/0455_w22_er.pdf,Question Banks/Cambridge Curricula/IGCSE/Economics (0455)/Examiner Reports/2022,0455_w22_er.pdf,,http,,ERExaminer Report,https://pastpapers.co/caie/igcse/economics-0455/2022-oct-nov/0455_w22_qp_12.pdf
https://pastpapers.co/caie/igcse/business-studies-0450/2021-march/0450_m21_ms_12.pdf,Question Banks/Cambridge Curricula/IGCSE/Business Studies (0450)/2021/March (Variant 2),0450_m21_ms_12.pdf,,http,,MSMark Scheme 1 (v2),https://pastpapers.co/caie/igcse/business-studies-0450/2021-march/0450_m21_qp_12.pdf
https://pastpapers.co/caie/igcse/business-studies-0450/2021-march/0450_m21_ms_22.pdf,Question Banks/Cambridge Curricula/IGCSE/Business Studies (0450)/2021/March (Variant 2),0450_m21_ms_22.pdf,,http,,MSMark Scheme 2 (v2),https://pastpapers.co/caie/igcse/business-studies-0450/2021-march/0450_m21_qp_12.pdf
https://pastpapers.co/caie/igcse/business-studies-0450/2023-march/0450_m23_ms_12.pdf,Question Banks/Cambridge Curricula/IGCSE/Business Studies (0450)/2023/March (Variant 2),0450_m23_ms_12.pdf,,http,,MSMark Scheme 1 (v2),https://pastpapers.co/caie/igcse/business-studies-0450/2023-march/0450_m23_qp_12.pdf
https://pastpapers.co/caie/igcse/business-studies-0450/2023-march/0450_m23_ms_22.pdf,Question Banks/Cambridge Curricula/IGCSE/Business Studies (0450)/2023/March (Variant 2),0450_m23_ms_22.pdf,,http,,MSMark Scheme 2 (v2),https://pastpapers.co/caie/igcse/business-studies-0450/2023-march/0450_m23_qp_12.pdf
https://pastpapers.co/caie/igcse/business-studies-0450/2024-march/0450_m24_ms_12.pdf,Question Banks/Cambridge Curricula/IGCSE/Business Studies (0450)/2024/March (Variant 2),0450_m24_ms_12.pdf,,http,,MSMark Scheme 1 (v2),https://pastpapers.co/caie/igcse/business-studies-0450/2024-march/0450_m24_qp_12.pdf
https://pastpapers.co/caie/igcse/business-studies-0450/2024-march/0450_m24_ms_22.pdf,Question Banks/Cambridge Curricula/IGCSE/Business Studies (0450)/2024/March (Variant 2),0450_m24_ms_22.pdf,,http,,MSMark Scheme 2 (v2),https://pastpapers.co/caie/igcse/business-studies-0450/2024-march/0450_m24_qp_12.pdf
https://pastpapers.co/caie/igcse/business-studies-0450/2025-march/0450_m25_ms_12.pdf,Question Banks/Cambridge Curricula/IGCSE/Business Studies (0450)/2025/March (Variant 2),0450_m25_ms_12.pdf,,http,,MSMark Scheme 1 (v2),https://pastpapers.co/caie/igcse/business-studies-0450/2025-march/0450_m25_qp_12.pdf
https://pastpapers.co/caie/igcse/business-studies-0450/2025-march/0450_m25_ms_22.pdf,Question Banks/Cambridge Curricula/IGCSE/Business Studies (0450)/2025/March (Variant 2),0450_m25_ms_22.pdf,,http,,MSMark Scheme 2 (v2),https://pastpapers.co/caie/igcse/business-studies-0450/2025-march/0450_m25_qp_12.pdf
https://pastpapers.co/caie/igcse/business-studies-0450/2020-may-june/0450_s20_ms_11.pdf,Question Banks/Cambridge Curricula/IGCSE/Business Studies (0450)/2020/May-June (Variant 1),0450_s20_ms_11.pdf,,http,,MSMark Scheme 1 (v1),https://pastpapers.co/caie/igcse/business-studies-0450/2020-may-june/0450_s20_qp_12.pdf
https://pastpapers.co/caie/igcse/business-studies-0450/2020-may-june/0450_s20_ms_12.pdf,Question Banks/Cambridge Curricula/IGCSE/Business Studies (0450)/2020/May-June (Variant 2),0450_s20_ms_12.pdf,,http,,MSMark Scheme 1 (v2),https://pastpapers.co/caie/igcse/business-studies-0450/2020-may-june/0450_s20_qp_12.pdf
https://pastpapers.co/caie/igcse/business-studies-0450/2020-may-june/0450_s20_ms_13.pdf,Question Banks/Cambridge Curricula/IGCSE/Business Studies (0450)/2020/May-June (Variant 3),0450_s20_ms_13.pdf,,http,,MSMark Scheme 1 (v3),https://pastpapers.co/caie/igcse/business-studies-0450/2020-may-june/0450_s20_qp_12.pdf
https://pastpapers.co/caie/igcse/business-studies-0450/2020-may-june/0450_s20_ms_21.pdf,Question Banks/Cambridge Curricula/IGCSE/Business Studies (0450)/2020/May-June (Variant 1),0450_s20_ms_21.pdf,,http,,MSMark Scheme 2 (v1),https://pastpapers.co/caie/igcse/business-studies-0450/2020-may-june/0450_s20_qp_12.pdf
https://pastpapers.co/caie/igcse/business-studies-0450/2020-may-june/0450_s20_ms_22.pdf,Question Banks/Cambridge Curricula/IGCSE/Business Studies (0450)/2020/May-June (Variant 2),0450_s20_ms_22.pdf,,http,,MSMark Scheme 2 (v2),https://pastpapers.co/caie/igcse/business-studies-0450/2020-may-june/0450_s20_qp_12.pdf
https://pastpapers.co/caie/igcse/business-studies-0450/2020-may-june/0450_s20_ms_23.pdf,Question Banks/Cambridge Curricula/IGCSE/Business Studies (0450)/2020/May-June (Variant 3),0450_s20_ms_23.pdf,,http,,MSMark Scheme 2 (v3),https://pastpapers.co/caie/igcse/business-studies-0450/2020-may-june/0450_s20_qp_12.pdf
https://pastpapers.co/caie/igcse/business-studies-0450/2021-may-june/0450_s21_ms_11.pdf,Question Banks/Cambridge Curricula/IGCSE/Business Studies (0450)/2021/May-June (Variant 1),0450_s21_ms_11.pdf,,http,,MSMark Scheme 1 (v1),https://pastpapers.co/caie/igcse/business-studies-0450/2021-may-june/0450_s21_qp_12.pdf
https://pastpapers.co/caie/igcse/business-studies-0450/2021-may-june/0450_s21_ms_12.pdf,Question Banks/Cambridge Curricula/IGCSE/Business Studies (0450)/2021/May-June (Variant 2),0450_s21_ms_12.pdf,,http,,MSMark Scheme 1 (v2),https://pastpapers.co/caie/igcse/business-studies-0450/2021-may-june/0450_s21_qp_12.pdf
https://pastpapers.co/caie/igcse/business-studies-0450/2021-may-june/0450_s21_ms_13.pdf,Question Banks/Cambridge Curricula/IGCSE/Business Studies (0450)/2021/May-June (Variant 3),0450_s21_ms_13.pdf,,http,,MSMark Scheme 1 (v3),https://pastpapers.co/caie/igcse/business-studies-0450/2021-may-june/0450_s21_qp_12.pdf
https://pastpapers.co/caie/igcse/business-studies-0450/2021-may-june/0450_s21_ms_21.pdf,Question Banks/Cambridge Curricula/IGCSE/Business Studies (0450)/2021/May-June (Variant 1),0450_s21_ms_21.pdf,,http,,MSMark Scheme 2 (v1),https://pastpapers.co/caie/igcse/business-studies-0450/2021-may-june/0450_s21_qp_12.pdf
https://pastpapers.co/caie/igcse/business-studies-0450/2021-may-june/0450_s21_ms_22.pdf,Question Banks/Cambridge Curricula/IGCSE/Business Studies (0450)/2021/May-June (Variant 2),0450_s21_ms_22.pdf,,http,,MSMark Scheme 2 (v2),https://pastpapers.co/caie/igcse/business-studies-0450/2021-may-june/0450_s21_qp_12.pdf
https://pastpapers.co/caie/igcse/business-studies-0450/2021-may-june/0450_s21_ms_23.pdf,Question Banks/Cambridge Curricula/IGCSE/Business Studies (0450)/2021/May-June (Variant 3),0450_s21_ms_23.pdf,,http,,MSMark Scheme 2 (v3),https://pastpapers.co/caie/igcse/business-studies-0450/2021-may-june/0450_s21_qp_12.pdf
https://pastpapers.co/caie/igcse/business-studies-0450/2022-may-june/0450_s22_ms_11.pdf,Question Banks/Cambridge Curricula/IGCSE/Business Studies (0450)/2022/May-June (Variant 1),0450_s22_ms_11.pdf,,http,,MSMark Scheme 1 (v1),https://pastpapers.co/caie/igcse/business-studies-0450/2022-may-june/0450_s22_qp_12.pdf
https://pastpapers.co/caie/igcse/business-studies-0450/2022-may-june/0450_s22_ms_12.pdf,Question Banks/Cambridge Curricula/IGCSE/Business Studies (0450)/2022/May-June (Variant 2),0450_s22_ms_12.pdf,,http,,MSMark Scheme 1 (v2),https://pastpapers.co/caie/igcse/business-studies-0450/2022-may-june/0450_s22_qp_12.pdf
https://pastpapers.co/caie/igcse/business-studies-0450/2022-may-june/0450_s22_ms_13.pdf,Question Banks/Cambridge Curricula/IGCSE/Business Studies (0450)/2022/May-June (Variant 3),0450_s22_ms_13.pdf,,http,,MSMark Scheme 1 (v3),https://pastpapers.co/caie/igcse/business-studies-0450/2022-may-june/0450_s22_qp_12.pdf
https://pastpapers.co/caie/igcse/business-studies-0450/2022-may-june/0450_s22_ms_21.pdf,Question Banks/Cambridge Curricula/IGCSE/Business Studies (0450)/2022/May-June (Variant 1),0450_s22_ms_21.pdf,,http,,MSMark Scheme 2 (v1),https://pastpapers.co/caie/igcse/business-studies-0450/2022-may-june/0450_s22_qp_12.pdf
https://pastpapers.co/caie/igcse/business-studies-0450/2022-may-june/0450_s22_ms_22.pdf,Question Banks/Cambridge Curricula/IGCSE/Business Studies (0450)/2022/May-June (Variant 2),0450_s22_ms_22.pdf,,http,,MSMark Scheme 2 (v2),https://pastpapers.co/caie/igcse/business-studies-0450/2022-may-june/0450_s22_qp_12.pdf
https://pastpapers.co/caie/igcse/business-studies-0450/2022-may-june/0450_s22_ms_23.pdf,Question Banks/Cambridge Curricula/IGCSE/Business Studies (0450)/2022/May-June (Variant 3),0450_s22_ms_23.pdf,,http,,MSMark Scheme 2 (v3),https://pastpapers.co/caie/igcse/business-studies-0450/2022-may-june/0450_s22_qp_12.pdf
https://pastpapers.co/caie/igcse/business-studies-0450/2023-may-june/0450_s23_ms_11.pdf,Question Banks/Cambridge Curricula/IGCSE/Business Studies (0450)/2023/May-June (Variant 1),0450_s23_ms_11.pdf,,http,,MSMark Scheme 1 (v1),https://pastpapers.co/caie/igcse/business-studies-0450/2023-may-june/0450_s23_qp_12.pdf
https://pastpapers.co/caie/igcse/business-studies-0450/2023-may-june/0450_s23_ms_12.pdf,Question Banks/Cambridge Curricula/IGCSE/Business Studies (0450)/2023/May-June (Variant 2),0450_s23_ms_12.pdf,,http,,MSMark Scheme 1 (v2),https://pastpapers.co/caie/igcse/business-studies-0450/2023-may-june/0450_s23_qp_12.pdf
https://pastpapers.co/caie/igcse/business-studies-0450/2023-may-june/0450_s23_ms_13.pdf,Question Banks/Cambridge Curricula/IGCSE/Business Studies (0450)/2023/May-June (Variant 3),0450_s23_ms_13.pdf,,http,,MSMark Scheme 1 (v3),https://pastpapers.co/caie/igcse/business-studies-0450/2023-may-june/0450_s23_qp_12.pdf
https://pastpapers.co/caie/igcse/business-studies-0450/2023-may-june/0450_s23_ms_21.pdf,Question Banks/Cambridge Curricula/IGCSE/Business Studies (0450)/2023/May-June (Variant 1),0450_s23_ms_21.pdf,,http,,MSMark Scheme 2 (v1),https://pastpapers.co/caie/igcse/business-studies-0450/2023-may-june/0450_s23_qp_12.pdf
https://pastpapers.co/caie/igcse/business-studies-0450/2023-may-june/0450_s23_ms_22.pdf,Question Banks/Cambridge Curricula/IGCSE/Business Studies (0450)/2023/May-June (Variant 2),0450_s23_ms_22.pdf,,http,,MSMark Scheme 2 (v2),https://pastpapers.co/caie/igcse/business-studies-0450/2023-may-june/0450_s23_qp_12.pdf
https://pastpapers.co/caie/igcse/business-studies-0450/2023-may-june/0450_s23_ms_23.pdf,Question Banks/Cambridge Curricula/IGCSE/Business Studies (0450)/2023/May-June (Variant 3),0450_s23_ms_23.pdf,,http,,MSMark Scheme 2 (v3),https://pastpapers.co/caie/igcse/business-studies-0450/2023-may-june/0450_s23_qp_12.pdf
https://pastpapers.co/caie/igcse/business-studies-0450/2024-may-june/0450_s24_ms_11.pdf,Question Banks/Cambridge Curricula/IGCSE/Business Studies (0450)/2024/May-June (Variant 1),0450_s24_ms_11.pdf,,http,,MSMark Scheme 1 (v1),https://pastpapers.co/caie/igcse/business-studies-0450/2024-may-june/0450_s24_qp_12.pdf
https://pastpapers.co/caie/igcse/business-studies-0450/2024-may-june/0450_s24_ms_12.pdf,Question Banks/Cambridge Curricula/IGCSE/Business Studies (0450)/2024/May-June (Variant 2),0450_s24_ms_12.pdf,,http,,MSMark Scheme 1 (v2),https://pastpapers.co/caie/igcse/business-studies-0450/2024-may-june/0450_s24_qp_12.pdf
https://pastpapers.co/caie/igcse/business-studies-0450/2024-may-june/0450_s24_ms_13.pdf,Question Banks/Cambridge Curricula/IGCSE/Business Studies (0450)/2024/May-June (Variant 3),0450_s24_ms_13.pdf,,http,,MSMark Scheme 1 (v3),https://pastpapers.co/caie/igcse/business-studies-0450/2024-may-june/0450_s24_qp_12.pdf
https://pastpapers.co/caie/igcse/business-studies-0450/2024-may-june/0450_s24_ms_21.pdf,Question Banks/Cambridge Curricula/IGCSE/Business Studies (0450)/2024/May-June (Variant 1),0450_s24_ms_21.pdf,,http,,MSMark Scheme 2 (v1),https://pastpapers.co/caie/igcse/business-studies-0450/2024-may-june/0450_s24_qp_12.pdf
https://pastpapers.co/caie/igcse/business-studies-0450/2024-may-june/0450_s24_ms_22.pdf,Question Banks/Cambridge Curricula/IGCSE/Business Studies (0450)/2024/May-June (Variant 2),0450_s24_ms_22.pdf,,http,,MSMark Scheme 2 (v2),https://pastpapers.co/caie/igcse/business-studies-0450/2024-may-june/0450_s24_qp_12.pdf
https://pastpapers.co/caie/igcse/business-studies-0450/2024-may-june/0450_s24_ms_23.pdf,Question Banks/Cambridge Curricula/IGCSE/Business Studies (0450)/2024/May-June (Variant 3),0450_s24_ms_23.pdf,,http,,MSMark Scheme 2 (v3),https://pastpapers.co/caie/igcse/business-studies-0450/2024-may-june/0450_s24_qp_12.pdf
https://pastpapers.co/caie/igcse/business-studies-0450/2025-may-june/0450_s25_ms_11.pdf,Question Banks/Cambridge Curricula/IGCSE/Business Studies (0450)/2025/May-June (Variant 1),0450_s25_ms_11.pdf,,http,,MSMark Scheme 1 (v1),https://pastpapers.co/caie/igcse/business-studies-0450/2025-may-june/0450_s25_qp_12.pdf
https://pastpapers.co/caie/igcse/business-studies-0450/2025-may-june/0450_s25_ms_12.pdf,Question Banks/Cambridge Curricula/IGCSE/Business Studies (0450)/2025/May-June (Variant 2),0450_s25_ms_12.pdf,,http,,MSMark Scheme 1 (v2),https://pastpapers.co/caie/igcse/business-studies-0450/2025-may-june/0450_s25_qp_12.pdf
https://pastpapers.co/caie/igcse/business-studies-0450/2025-may-june/0450_s25_ms_13.pdf,Question Banks/Cambridge Curricula/IGCSE/Business Studies (0450)/2025/May-June (Variant 3),0450_s25_ms_13.pdf,,http,,MSMark Scheme 1 (v3),https://pastpapers.co/caie/igcse/business-studies-0450/2025-may-june/0450_s25_qp_12.pdf
https://pastpapers.co/caie/igcse/business-studies-0450/2025-may-june/0450_s25_ms_21.pdf,Question Banks/Cambridge Curricula/IGCSE/Business Studies (0450)/2025/May-June (Variant 1),0450_s25_ms_21.pdf,,http,,MSMark Scheme 2 (v1),https://pastpapers.co/caie/igcse/business-studies-0450/2025-may-june/0450_s25_qp_12.pdf
https://pastpapers.co/caie/igcse/business-studies-0450/2025-may-june/0450_s25_ms_22.pdf,Question Banks/Cambridge Curricula/IGCSE/Business Studies (0450)/2025/May-June (Variant 2),0450_s25_ms_22.pdf,,http,,MSMark Scheme 2 (v2),https://pastpapers.co/caie/igcse/business-studies-0450/2025-may-june/0450_s25_qp_12.pdf
https://pastpapers.co/caie/igcse/business-studies-0450/2025-may-june/0450_s25_ms_23.pdf,Question Banks/Cambridge Curricula/IGCSE/Business Studies (0450)/2025/May-June (Variant 3),0450_s25_ms_23.pdf,,http,,MSMark Scheme 2 (v3),https://pastpapers.co/caie/igcse/business-studies-0450/2025-may-june/0450_s25_qp_12.pdf
https://pastpapers.co/caie/igcse/business-studies-0450/2020-oct-nov/0450_w20_ms_11.pdf,Question Banks/Cambridge Curricula/IGCSE/Business Studies (0450)/2020/Oct-Nov (Variant 1),0450_w20_ms_11.pdf,,http,,MSMark Scheme 1 (v1),https://pastpapers.co/caie/igcse/business-studies-0450/2020-oct-nov/0450_w20_qp_12.pdf
https://pastpapers.co/caie/igcse/business-studies-0450/2020-oct-nov/0450_w20_ms_12.pdf,Question Banks/Cambridge Curricula/IGCSE/Business Studies (0450)/2020/Oct-Nov (Variant 2),0450_w20_ms_12.pdf,,http,,MSMark Scheme 1 (v2),https://pastpapers.co/caie/igcse/business-studies-0450/2020-oct-nov/0450_w20_qp_12.pdf
https://pastpapers.co/caie/igcse/business-studies-0450/2020-oct-nov/0450_w20_ms_13.pdf,Question Banks/Cambridge Curricula/IGCSE/Business Studies (0450)/2020/Oct-Nov (Variant 3),0450_w20_ms_13.pdf,,http,,MSMark Scheme 1 (v3),https://pastpapers.co/caie/igcse/business-studies-0450/2020-oct-nov/0450_w20_qp_12.pdf
https://pastpapers.co/caie/igcse/business-studies-0450/2020-oct-nov/0450_w20_ms_21.pdf,Question Banks/Cambridge Curricula/IGCSE/Business Studies (0450)/2020/Oct-Nov (Variant 1),0450_w20_ms_21.pdf,,http,,MSMark Scheme 2 (v1),https://pastpapers.co/caie/igcse/business-studies-0450/2020-oct-nov/0450_w20_qp_12.pdf
https://pastpapers.co/caie/igcse/business-studies-0450/2020-oct-nov/0450_w20_ms_22.pdf,Question Banks/Cambridge Curricula/IGCSE/Business Studies (0450)/2020/Oct-Nov (Variant 2),0450_w20_ms_22.pdf,,http,,MSMark Scheme 2 (v2),https://pastpapers.co/caie/igcse/business-studies-0450/2020-oct-nov/0450_w20_qp_12.pdf
https://pastpapers.co/caie/igcse/business-studies-0450/2020-oct-nov/0450_w20_ms_23.pdf,Question Banks/Cambridge Curricula/IGCSE/Business Studies (0450)/2020/Oct-Nov (Variant 3),0450_w20_ms_23.pdf,,http,,MSMark Scheme 2 (v3),https://pastpapers.co/caie/igcse/business-studies-0450/2020-oct-nov/0450_w20_qp_12.pdf
https://pastpapers.co/caie/igcse/business-studies-0450/2021-oct-nov/0450_w21_ms_11.pdf,Question Banks/Cambridge Curricula/IGCSE/Business Studies (0450)/2021/Oct-Nov (Variant 1),0450_w21_ms_11.pdf,,http,,MSMark Scheme 1 (v1),https://pastpapers.co/caie/igcse/business-studies-0450/2021-oct-nov/0450_w21_qp_12.pdf
https://pastpapers.co/caie/igcse/business-studies-0450/2021-oct-nov/0450_w21_ms_12.pdf,Question Banks/Cambridge Curricula/IGCSE/Business Studies (0450)/2021/Oct-Nov (Variant 2),0450_w21_ms_12.pdf,,http,,MSMark Scheme 1 (v2),https://pastpapers.co/caie/igcse/business-studies-0450/2021-oct-nov/0450_w21_qp_12.pdf
https://pastpapers.co/caie/igcse/business-studies-0450/2021-oct-nov/0450_w21_ms_13.pdf,Question Banks/Cambridge Curricula/IGCSE/Business Studies (0450)/2021/Oct-Nov (Variant 3),0450_w21_ms_13.pdf,,http,,MSMark Scheme 1 (v3),https://pastpapers.co/caie/igcse/business-studies-0450/2021-oct-nov/0450_w21_qp_12.pdf
https://pastpapers.co/caie/igcse/business-studies-0450/2021-oct-nov/0450_w21_ms_21.pdf,Question Banks/Cambridge Curricula/IGCSE/Business Studies (0450)/2021/Oct-Nov (Variant 1),0450_w21_ms_21.pdf,,http,,MSMark Scheme 2 (v1),https://pastpapers.co/caie/igcse/business-studies-0450/2021-oct-nov/0450_w21_qp_12.pdf
https://pastpapers.co/caie/igcse/business-studies-0450/2021-oct-nov/0450_w21_ms_22.pdf,Question Banks/Cambridge Curricula/IGCSE/Business Studies (0450)/2021/Oct-Nov (Variant 2),0450_w21_ms_22.pdf,,http,,MSMark Scheme 2 (v2),https://pastpapers.co/caie/igcse/business-studies-0450/2021-oct-nov/0450_w21_qp_12.pdf
https://pastpapers.co/caie/igcse/business-studies-0450/2021-oct-nov/0450_w21_ms_23.pdf,Question Banks/Cambridge Curricula/IGCSE/Business Studies (0450)/2021/Oct-Nov (Variant 3),0450_w21_ms_23.pdf,,http,,MSMark Scheme 2 (v3),https://pastpapers.co/caie/igcse/business-studies-0450/2021-oct-nov/0450_w21_qp_12.pdf
https://pastpapers.co/caie/igcse/business-studies-0450/2022-oct-nov/0450_w22_ms_11.pdf,Question Banks/Cambridge Curricula/IGCSE/Business Studies (0450)/2022/Oct-Nov (Variant 1),0450_w22_ms_11.pdf,,http,,MSMark Scheme 1 (v1),https://pastpapers.co/caie/igcse/business-studies-0450/2022-oct-nov/0450_w22_qp_12.pdf
https://pastpapers.co/caie/igcse/business-studies-0450/2022-oct-nov/0450_w22_ms_12.pdf,Question Banks/Cambridge Curricula/IGCSE/Business Studies (0450)/2022/Oct-Nov (Variant 2),0450_w22_ms_12.pdf,,http,,MSMark Scheme 1 (v2),https://pastpapers.co/caie/igcse/business-studies-0450/2022-oct-nov/0450_w22_qp_12.pdf
https://pastpapers.co/caie/igcse/business-studies-0450/2022-oct-nov/0450_w22_ms_13.pdf,Question Banks/Cambridge Curricula/IGCSE/Business Studies (0450)/2022/Oct-Nov (Variant 3),0450_w22_ms_13.pdf,,http,,MSMark Scheme 1 (v3),https://pastpapers.co/caie/igcse/business-studies-0450/2022-oct-nov/0450_w22_qp_12.pdf
https://pastpapers.co/caie/igcse/business-studies-0450/2022-oct-nov/0450_w22_ms_21.pdf,Question Banks/Cambridge Curricula/IGCSE/Business Studies (0450)/2022/Oct-Nov (Variant 1),0450_w22_ms_21.pdf,,http,,MSMark Scheme 2 (v1),https://pastpapers.co/caie/igcse/business-studies-0450/2022-oct-nov/0450_w22_qp_12.pdf
https://pastpapers.co/caie/igcse/business-studies-0450/2022-oct-nov/0450_w22_ms_22.pdf,Question Banks/Cambridge Curricula/IGCSE/Business Studies (0450)/2022/Oct-Nov (Variant 2),0450_w22_ms_22.pdf,,http,,MSMark Scheme 2 (v2),https://pastpapers.co/caie/igcse/business-studies-0450/2022-oct-nov/0450_w22_qp_12.pdf
https://pastpapers.co/caie/igcse/business-studies-0450/2022-oct-nov/0450_w22_ms_23.pdf,Question Banks/Cambridge Curricula/IGCSE/Business Studies (0450)/2022/Oct-Nov (Variant 3),0450_w22_ms_23.pdf,,http,,MSMark Scheme 2 (v3),https://pastpapers.co/caie/igcse/business-studies-0450/2022-oct-nov/0450_w22_qp_12.pdf
https://pastpapers.co/caie/igcse/business-studies-0450/2023-oct-nov/0450_w23_ms_11.pdf,Question Banks/Cambridge Curricula/IGCSE/Business Studies (0450)/2023/Oct-Nov (Variant 1),0450_w23_ms_11.pdf,,http,,MSMark Scheme 1 (v1),https://pastpapers.co/caie/igcse/business-studies-0450/2023-oct-nov/0450_w23_qp_12.pdf
https://pastpapers.co/caie/igcse/business-studies-0450/2023-oct-nov/0450_w23_ms_12.pdf,Question Banks/Cambridge Curricula/IGCSE/Business Studies (0450)/2023/Oct-Nov (Variant 2),0450_w23_ms_12.pdf,,http,,MSMark Scheme 1 (v2),https://pastpapers.co/caie/igcse/business-studies-0450/2023-oct-nov/0450_w23_qp_12.pdf
https://pastpapers.co/caie/igcse/business-studies-0450/2023-oct-nov/0450_w23_ms_13.pdf,Question Banks/Cambridge Curricula/IGCSE/Business Studies (0450)/2023/Oct-Nov (Variant 3),0450_w23_ms_13.pdf,,http,,MSMark Scheme 1 (v3),https://pastpapers.co/caie/igcse/business-studies-0450/2023-oct-nov/0450_w23_qp_12.pdf
https://pastpapers.co/caie/igcse/business-studies-0450/2023-oct-nov/0450_w23_ms_21.pdf,Question Banks/Cambridge Curricula/IGCSE/Business Studies (0450)/2023/Oct-Nov (Variant 1),0450_w23_ms_21.pdf,,http,,MSMark Scheme 2 (v1),https://pastpapers.co/caie/igcse/business-studies-0450/2023-oct-nov/0450_w23_qp_12.pdf
https://pastpapers.co/caie/igcse/business-studies-0450/2023-oct-nov/0450_w23_ms_22.pdf,Question Banks/Cambridge Curricula/IGCSE/Business Studies (0450)/2023/Oct-Nov (Variant 2),0450_w23_ms_22.pdf,,http,,MSMark Scheme 2 (v2),https://pastpapers.co/caie/igcse/business-studies-0450/2023-oct-nov/0450_w23_qp_12.pdf
https://pastpapers.co/caie/igcse/business-studies-0450/2023-oct-nov/0450_w23_ms_23.pdf,Question Banks/Cambridge Curricula/IGCSE/Business Studies (0450)/2023/Oct-Nov (Variant 3),0450_w23_ms_23.pdf,,http,,MSMark Scheme 2 (v3),https://pastpapers.co/caie/igcse/business-studies-0450/2023-oct-nov/0450_w23_qp_12.pdf
https://pastpapers.co/caie/igcse/business-studies-0450/2024-oct-nov/0450_w24_ms_11.pdf,Question Banks/Cambridge Curricula/IGCSE/Business Studies (0450)/2024/Oct-Nov (Variant 1),0450_w24_ms_11.pdf,,http,,MSMark Scheme 1 (v1),https://pastpapers.co/caie/igcse/business-studies-0450/2024-oct-nov/0450_w24_qp_12.pdf
https://pastpapers.co/caie/igcse/business-studies-0450/2024-oct-nov/0450_w24_ms_12.pdf,Question Banks/Cambridge Curricula/IGCSE/Business Studies (0450)/2024/Oct-Nov (Variant 2),0450_w24_ms_12.pdf,,http,,MSMark Scheme 1 (v2),https://pastpapers.co/caie/igcse/business-studies-0450/2024-oct-nov/0450_w24_qp_12.pdf
https://pastpapers.co/caie/igcse/business-studies-0450/2024-oct-nov/0450_w24_ms_13.pdf,Question Banks/Cambridge Curricula/IGCSE/Business Studies (0450)/2024/Oct-Nov (Variant 3),0450_w24_ms_13.pdf,,http,,MSMark Scheme 1 (v3),https://pastpapers.co/caie/igcse/business-studies-0450/2024-oct-nov/0450_w24_qp_12.pdf
https://pastpapers.co/caie/igcse/business-studies-0450/2024-oct-nov/0450_w24_ms_21.pdf,Question Banks/Cambridge Curricula/IGCSE/Business Studies (0450)/2024/Oct-Nov (Variant 1),0450_w24_ms_21.pdf,,http,,MSMark Scheme 2 (v1),https://pastpapers.co/caie/igcse/business-studies-0450/2024-oct-nov/0450_w24_qp_12.pdf
https://pastpapers.co/caie/igcse/business-studies-0450/2024-oct-nov/0450_w24_ms_22.pdf,Question Banks/Cambridge Curricula/IGCSE/Business Studies (0450)/2024/Oct-Nov (Variant 2),0450_w24_ms_22.pdf,,http,,MSMark Scheme 2 (v2),https://pastpapers.co/caie/igcse/business-studies-0450/2024-oct-nov/0450_w24_qp_12.pdf
https://pastpapers.co/caie/igcse/business-studies-0450/2024-oct-nov/0450_w24_ms_23.pdf,Question Banks/Cambridge Curricula/IGCSE/Business Studies (0450)/2024/Oct-Nov (Variant 3),0450_w24_ms_23.pdf,,http,,MSMark Scheme 2 (v3),https://pastpapers.co/caie/igcse/business-studies-0450/2024-oct-nov/0450_w24_qp_12.pdf
https://pastpapers.co/caie/igcse/business-studies-0450/2025-oct-nov/0450_w25_ms_11.pdf,Question Banks/Cambridge Curricula/IGCSE/Business Studies (0450)/2025/Oct-Nov (Variant 1),0450_w25_ms_11.pdf,,http,,MSMark Scheme 1 (v1),https://pastpapers.co/caie/igcse/business-studies-0450/2025-oct-nov/0450_w25_qp_12.pdf
https://pastpapers.co/caie/igcse/business-studies-0450/2025-oct-nov/0450_w25_ms_12.pdf,Question Banks/Cambridge Curricula/IGCSE/Business Studies (0450)/2025/Oct-Nov (Variant 2),0450_w25_ms_12.pdf,,http,,MSMark Scheme 1 (v2),https://pastpapers.co/caie/igcse/business-studies-0450/2025-oct-nov/0450_w25_qp_12.pdf
https://pastpapers.co/caie/igcse/business-studies-0450/2025-oct-nov/0450_w25_ms_13.pdf,Question Banks/Cambridge Curricula/IGCSE/Business Studies (0450)/2025/Oct-Nov (Variant 3),0450_w25_ms_13.pdf,,http,,MSMark Scheme 1 (v3),https://pastpapers.co/caie/igcse/business-studies-0450/2025-oct-nov/0450_w25_qp_12.pdf
https://pastpapers.co/caie/igcse/business-studies-0450/2025-oct-nov/0450_w25_ms_21.pdf,Question Banks/Cambridge Curricula/IGCSE/Business Studies (0450)/2025/Oct-Nov (Variant 1),0450_w25_ms_21.pdf,,http,,MSMark Scheme 2 (v1),https://pastpapers.co/caie/igcse/business-studies-0450/2025-oct-nov/0450_w25_qp_12.pdf
https://pastpapers.co/caie/igcse/business-studies-0450/2025-oct-nov/0450_w25_ms_22.pdf,Question Banks/Cambridge Curricula/IGCSE/Business Studies (0450)/2025/Oct-Nov (Variant 2),0450_w25_ms_22.pdf,,http,,MSMark Scheme 2 (v2),https://pastpapers.co/caie/igcse/business-studies-0450/2025-oct-nov/0450_w25_qp_12.pdf
https://pastpapers.co/caie/igcse/business-studies-0450/2025-oct-nov/0450_w25_ms_23.pdf,Question Banks/Cambridge Curricula/IGCSE/Business Studies (0450)/2025/Oct-Nov (Variant 3),0450_w25_ms_23.pdf,,http,,MSMark Scheme 2 (v3),https://pastpapers.co/caie/igcse/business-studies-0450/2025-oct-nov/0450_w25_qp_12.pdf
https://pastpapers.co/caie/igcse/economics-0455/2021-march/0455_m21_ms_12.pdf,Question Banks/Cambridge Curricula/IGCSE/Economics (0455)/2021/March (Variant 2),0455_m21_ms_12.pdf,,http,,MSMark Scheme 1 (v2),https://pastpapers.co/caie/igcse/economics-0455/2021-march/0455_m21_qp_12.pdf
https://pastpapers.co/caie/igcse/economics-0455/2021-march/0455_m21_ms_22.pdf,Question Banks/Cambridge Curricula/IGCSE/Economics (0455)/2021/March (Variant 2),0455_m21_ms_22.pdf,,http,,MSMark Scheme 2 (v2),https://pastpapers.co/caie/igcse/economics-0455/2021-march/0455_m21_qp_12.pdf
https://pastpapers.co/caie/igcse/economics-0455/2023-march/0455_m23_ms_12.pdf,Question Banks/Cambridge Curricula/IGCSE/Economics (0455)/2023/March (Variant 2),0455_m23_ms_12.pdf,,http,,MSMark Scheme 1 (v2),https://pastpapers.co/caie/igcse/economics-0455/2023-march/0455_m23_qp_12.pdf
https://pastpapers.co/caie/igcse/economics-0455/2023-march/0455_m23_ms_22.pdf,Question Banks/Cambridge Curricula/IGCSE/Economics (0455)/2023/March (Variant 2),0455_m23_ms_22.pdf,,http,,MSMark Scheme 2 (v2),https://pastpapers.co/caie/igcse/economics-0455/2023-march/0455_m23_qp_12.pdf
https://pastpapers.co/caie/igcse/economics-0455/2024-march/0455_m24_ms_12.pdf,Question Banks/Cambridge Curricula/IGCSE/Economics (0455)/2024/March (Variant 2),0455_m24_ms_12.pdf,,http,,MSMark Scheme 1 (v2),https://pastpapers.co/caie/igcse/economics-0455/2024-march/0455_m24_qp_12.pdf
https://pastpapers.co/caie/igcse/economics-0455/2024-march/0455_m24_ms_22.pdf,Question Banks/Cambridge Curricula/IGCSE/Economics (0455)/2024/March (Variant 2),0455_m24_ms_22.pdf,,http,,MSMark Scheme 2 (v2),https://pastpapers.co/caie/igcse/economics-0455/2024-march/0455_m24_qp_12.pdf
https://pastpapers.co/caie/igcse/economics-0455/2025-march/0455_m25_ms_12.pdf,Question Banks/Cambridge Curricula/IGCSE/Economics (0455)/2025/March (Variant 2),0455_m25_ms_12.pdf,,http,,MSMark Scheme 1 (v2),https://pastpapers.co/caie/igcse/economics-0455/2025-march/0455_m25_qp_12.pdf
https://pastpapers.co/caie/igcse/economics-0455/2025-march/0455_m25_ms_22.pdf,Question Banks/Cambridge Curricula/IGCSE/Economics (0455)/2025/March (Variant 2),0455_m25_ms_22.pdf,,http,,MSMark Scheme 2 (v2),https://pastpapers.co/caie/igcse/economics-0455/2025-march/0455_m25_qp_12.pdf
https://pastpapers.co/caie/igcse/economics-0455/2020-may-june/0455_s20_ms_11.pdf,Question Banks/Cambridge Curricula/IGCSE/Economics (0455)/2020/May-June (Variant 1),0455_s20_ms_11.pdf,,http,,MSMark Scheme 1 (v1),https://pastpapers.co/caie/igcse/economics-0455/2020-may-june/0455_s20_qp_12.pdf
https://pastpapers.co/caie/igcse/economics-0455/2020-may-june/0455_s20_ms_12.pdf,Question Banks/Cambridge Curricula/IGCSE/Economics (0455)/2020/May-June (Variant 2),0455_s20_ms_12.pdf,,http,,MSMark Scheme 1 (v2),https://pastpapers.co/caie/igcse/economics-0455/2020-may-june/0455_s20_qp_12.pdf
https://pastpapers.co/caie/igcse/economics-0455/2020-may-june/0455_s20_ms_13.pdf,Question Banks/Cambridge Curricula/IGCSE/Economics (0455)/2020/May-June (Variant 3),0455_s20_ms_13.pdf,,http,,MSMark Scheme 1 (v3),https://pastpapers.co/caie/igcse/economics-0455/2020-may-june/0455_s20_qp_12.pdf
https://pastpapers.co/caie/igcse/economics-0455/2020-may-june/0455_s20_ms_21.pdf,Question Banks/Cambridge Curricula/IGCSE/Economics (0455)/2020/May-June (Variant 1),0455_s20_ms_21.pdf,,http,,MSMark Scheme 2 (v1),https://pastpapers.co/caie/igcse/economics-0455/2020-may-june/0455_s20_qp_12.pdf
https://pastpapers.co/caie/igcse/economics-0455/2020-may-june/0455_s20_ms_22.pdf,Question Banks/Cambridge Curricula/IGCSE/Economics (0455)/2020/May-June (Variant 2),0455_s20_ms_22.pdf,,http,,MSMark Scheme 2 (v2),https://pastpapers.co/caie/igcse/economics-0455/2020-may-june/0455_s20_qp_12.pdf
https://pastpapers.co/caie/igcse/economics-0455/2020-may-june/0455_s20_ms_23.pdf,Question Banks/Cambridge Curricula/IGCSE/Economics (0455)/2020/May-June (Variant 3),0455_s20_ms_23.pdf,,http,,MSMark Scheme 2 (v3),https://pastpapers.co/caie/igcse/economics-0455/2020-may-june/0455_s20_qp_12.pdf
https://pastpapers.co/caie/igcse/economics-0455/2021-may-june/0455_s21_ms_11.pdf,Question Banks/Cambridge Curricula/IGCSE/Economics (0455)/2021/May-June (Variant 1),0455_s21_ms_11.pdf,,http,,MSMark Scheme 1 (v1),https://pastpapers.co/caie/igcse/economics-0455/2021-may-june/0455_s21_qp_12.pdf
https://pastpapers.co/caie/igcse/economics-0455/2021-may-june/0455_s21_ms_12.pdf,Question Banks/Cambridge Curricula/IGCSE/Economics (0455)/2021/May-June (Variant 2),0455_s21_ms_12.pdf,,http,,MSMark Scheme 1 (v2),https://pastpapers.co/caie/igcse/economics-0455/2021-may-june/0455_s21_qp_12.pdf
https://pastpapers.co/caie/igcse/economics-0455/2021-may-june/0455_s21_ms_13.pdf,Question Banks/Cambridge Curricula/IGCSE/Economics (0455)/2021/May-June (Variant 3),0455_s21_ms_13.pdf,,http,,MSMark Scheme 1 (v3),https://pastpapers.co/caie/igcse/economics-0455/2021-may-june/0455_s21_qp_12.pdf
https://pastpapers.co/caie/igcse/economics-0455/2021-may-june/0455_s21_ms_21.pdf,Question Banks/Cambridge Curricula/IGCSE/Economics (0455)/2021/May-June (Variant 1),0455_s21_ms_21.pdf,,http,,MSMark Scheme 2 (v1),https://pastpapers.co/caie/igcse/economics-0455/2021-may-june/0455_s21_qp_12.pdf
https://pastpapers.co/caie/igcse/economics-0455/2021-may-june/0455_s21_ms_22.pdf,Question Banks/Cambridge Curricula/IGCSE/Economics (0455)/2021/May-June (Variant 2),0455_s21_ms_22.pdf,,http,,MSMark Scheme 2 (v2),https://pastpapers.co/caie/igcse/economics-0455/2021-may-june/0455_s21_qp_12.pdf
https://pastpapers.co/caie/igcse/economics-0455/2021-may-june/0455_s21_ms_23.pdf,Question Banks/Cambridge Curricula/IGCSE/Economics (0455)/2021/May-June (Variant 3),0455_s21_ms_23.pdf,,http,,MSMark Scheme 2 (v3),https://pastpapers.co/caie/igcse/economics-0455/2021-may-june/0455_s21_qp_12.pdf
https://pastpapers.co/caie/igcse/economics-0455/2022-may-june/0455_s22_ms_11.pdf,Question Banks/Cambridge Curricula/IGCSE/Economics (0455)/2022/May-June (Variant 1),0455_s22_ms_11.pdf,,http,,MSMark Scheme 1 (v1),https://pastpapers.co/caie/igcse/economics-0455/2022-may-june/0455_s22_qp_12.pdf
https://pastpapers.co/caie/igcse/economics-0455/2022-may-june/0455_s22_ms_12.pdf,Question Banks/Cambridge Curricula/IGCSE/Economics (0455)/2022/May-June (Variant 2),0455_s22_ms_12.pdf,,http,,MSMark Scheme 1 (v2),https://pastpapers.co/caie/igcse/economics-0455/2022-may-june/0455_s22_qp_12.pdf
https://pastpapers.co/caie/igcse/economics-0455/2022-may-june/0455_s22_ms_13.pdf,Question Banks/Cambridge Curricula/IGCSE/Economics (0455)/2022/May-June (Variant 3),0455_s22_ms_13.pdf,,http,,MSMark Scheme 1 (v3),https://pastpapers.co/caie/igcse/economics-0455/2022-may-june/0455_s22_qp_12.pdf
https://pastpapers.co/caie/igcse/economics-0455/2022-may-june/0455_s22_ms_21.pdf,Question Banks/Cambridge Curricula/IGCSE/Economics (0455)/2022/May-June (Variant 1),0455_s22_ms_21.pdf,,http,,MSMark Scheme 2 (v1),https://pastpapers.co/caie/igcse/economics-0455/2022-may-june/0455_s22_qp_12.pdf
https://pastpapers.co/caie/igcse/economics-0455/2022-may-june/0455_s22_ms_22.pdf,Question Banks/Cambridge Curricula/IGCSE/Economics (0455)/2022/May-June (Variant 2),0455_s22_ms_22.pdf,,http,,MSMark Scheme 2 (v2),https://pastpapers.co/caie/igcse/economics-0455/2022-may-june/0455_s22_qp_12.pdf
https://pastpapers.co/caie/igcse/economics-0455/2022-may-june/0455_s22_ms_23.pdf,Question Banks/Cambridge Curricula/IGCSE/Economics (0455)/2022/May-June (Variant 3),0455_s22_ms_23.pdf,,http,,MSMark Scheme 2 (v3),https://pastpapers.co/caie/igcse/economics-0455/2022-may-june/0455_s22_qp_12.pdf
https://pastpapers.co/caie/igcse/economics-0455/2023-may-june/0455_s23_ms_11.pdf,Question Banks/Cambridge Curricula/IGCSE/Economics (0455)/2023/May-June (Variant 1),0455_s23_ms_11.pdf,,http,,MSMark Scheme 1 (v1),https://pastpapers.co/caie/igcse/economics-0455/2023-may-june/0455_s23_qp_12.pdf
https://pastpapers.co/caie/igcse/economics-0455/2023-may-june/0455_s23_ms_12.pdf,Question Banks/Cambridge Curricula/IGCSE/Economics (0455)/2023/May-June (Variant 2),0455_s23_ms_12.pdf,,http,,MSMark Scheme 1 (v2),https://pastpapers.co/caie/igcse/economics-0455/2023-may-june/0455_s23_qp_12.pdf
https://pastpapers.co/caie/igcse/economics-0455/2023-may-june/0455_s23_ms_13.pdf,Question Banks/Cambridge Curricula/IGCSE/Economics (0455)/2023/May-June (Variant 3),0455_s23_ms_13.pdf,,http,,MSMark Scheme 1 (v3),https://pastpapers.co/caie/igcse/economics-0455/2023-may-june/0455_s23_qp_12.pdf
https://pastpapers.co/caie/igcse/economics-0455/2023-may-june/0455_s23_ms_21.pdf,Question Banks/Cambridge Curricula/IGCSE/Economics (0455)/2023/May-June (Variant 1),0455_s23_ms_21.pdf,,http,,MSMark Scheme 2 (v1),https://pastpapers.co/caie/igcse/economics-0455/2023-may-june/0455_s23_qp_12.pdf
https://pastpapers.co/caie/igcse/economics-0455/2023-may-june/0455_s23_ms_22.pdf,Question Banks/Cambridge Curricula/IGCSE/Economics (0455)/2023/May-June (Variant 2),0455_s23_ms_22.pdf,,http,,MSMark Scheme 2 (v2),https://pastpapers.co/caie/igcse/economics-0455/2023-may-june/0455_s23_qp_12.pdf
https://pastpapers.co/caie/igcse/economics-0455/2023-may-june/0455_s23_ms_23.pdf,Question Banks/Cambridge Curricula/IGCSE/Economics (0455)/2023/May-June (Variant 3),0455_s23_ms_23.pdf,,http,,MSMark Scheme 2 (v3),https://pastpapers.co/caie/igcse/economics-0455/2023-may-june/0455_s23_qp_12.pdf
https://pastpapers.co/caie/igcse/economics-0455/2024-may-june/0455_s24_ms_11.pdf,Question Banks/Cambridge Curricula/IGCSE/Economics (0455)/2024/May-June (Variant 1),0455_s24_ms_11.pdf,,http,,MSMark Scheme 1 (v1),https://pastpapers.co/caie/igcse/economics-0455/2024-may-june/0455_s24_qp_12.pdf
https://pastpapers.co/caie/igcse/economics-0455/2024-may-june/0455_s24_ms_12.pdf,Question Banks/Cambridge Curricula/IGCSE/Economics (0455)/2024/May-June (Variant 2),0455_s24_ms_12.pdf,,http,,MSMark Scheme 1 (v2),https://pastpapers.co/caie/igcse/economics-0455/2024-may-june/0455_s24_qp_12.pdf
https://pastpapers.co/caie/igcse/economics-0455/2024-may-june/0455_s24_ms_13.pdf,Question Banks/Cambridge Curricula/IGCSE/Economics (0455)/2024/May-June (Variant 3),0455_s24_ms_13.pdf,,http,,MSMark Scheme 1 (v3),https://pastpapers.co/caie/igcse/economics-0455/2024-may-june/0455_s24_qp_12.pdf
https://pastpapers.co/caie/igcse/economics-0455/2024-may-june/0455_s24_ms_21.pdf,Question Banks/Cambridge Curricula/IGCSE/Economics (0455)/2024/May-June (Variant 1),0455_s24_ms_21.pdf,,http,,MSMark Scheme 2 (v1),https://pastpapers.co/caie/igcse/economics-0455/2024-may-june/0455_s24_qp_12.pdf
https://pastpapers.co/caie/igcse/economics-0455/2024-may-june/0455_s24_ms_22.pdf,Question Banks/Cambridge Curricula/IGCSE/Economics (0455)/2024/May-June (Variant 2),0455_s24_ms_22.pdf,,http,,MSMark Scheme 2 (v2),https://pastpapers.co/caie/igcse/economics-0455/2024-may-june/0455_s24_qp_12.pdf
https://pastpapers.co/caie/igcse/economics-0455/2024-may-june/0455_s24_ms_23.pdf,Question Banks/Cambridge Curricula/IGCSE/Economics (0455)/2024/May-June (Variant 3),0455_s24_ms_23.pdf,,http,,MSMark Scheme 2 (v3),https://pastpapers.co/caie/igcse/economics-0455/2024-may-june/0455_s24_qp_12.pdf
https://pastpapers.co/caie/igcse/economics-0455/2025-may-june/0455_s25_ms_11.pdf,Question Banks/Cambridge Curricula/IGCSE/Economics (0455)/2025/May-June (Variant 1),0455_s25_ms_11.pdf,,http,,MSMark Scheme 1 (v1),https://pastpapers.co/caie/igcse/economics-0455/2025-may-june/0455_s25_qp_12.pdf
https://pastpapers.co/caie/igcse/economics-0455/2025-may-june/0455_s25_ms_12.pdf,Question Banks/Cambridge Curricula/IGCSE/Economics (0455)/2025/May-June (Variant 2),0455_s25_ms_12.pdf,,http,,MSMark Scheme 1 (v2),https://pastpapers.co/caie/igcse/economics-0455/2025-may-june/0455_s25_qp_12.pdf
https://pastpapers.co/caie/igcse/economics-0455/2025-may-june/0455_s25_ms_13.pdf,Question Banks/Cambridge Curricula/IGCSE/Economics (0455)/2025/May-June (Variant 3),0455_s25_ms_13.pdf,,http,,MSMark Scheme 1 (v3),https://pastpapers.co/caie/igcse/economics-0455/2025-may-june/0455_s25_qp_12.pdf
https://pastpapers.co/caie/igcse/economics-0455/2025-may-june/0455_s25_ms_21.pdf,Question Banks/Cambridge Curricula/IGCSE/Economics (0455)/2025/May-June (Variant 1),0455_s25_ms_21.pdf,,http,,MSMark Scheme 2 (v1),https://pastpapers.co/caie/igcse/economics-0455/2025-may-june/0455_s25_qp_12.pdf
https://pastpapers.co/caie/igcse/economics-0455/2025-may-june/0455_s25_ms_22.pdf,Question Banks/Cambridge Curricula/IGCSE/Economics (0455)/2025/May-June (Variant 2),0455_s25_ms_22.pdf,,http,,MSMark Scheme 2 (v2),https://pastpapers.co/caie/igcse/economics-0455/2025-may-june/0455_s25_qp_12.pdf
https://pastpapers.co/caie/igcse/economics-0455/2025-may-june/0455_s25_ms_23.pdf,Question Banks/Cambridge Curricula/IGCSE/Economics (0455)/2025/May-June (Variant 3),0455_s25_ms_23.pdf,,http,,MSMark Scheme 2 (v3),https://pastpapers.co/caie/igcse/economics-0455/2025-may-june/0455_s25_qp_12.pdf
https://pastpapers.co/caie/igcse/economics-0455/2020-oct-nov/0455_w20_ms_11.pdf,Question Banks/Cambridge Curricula/IGCSE/Economics (0455)/2020/Oct-Nov (Variant 1),0455_w20_ms_11.pdf,,http,,MSMark Scheme 1 (v1),https://pastpapers.co/caie/igcse/economics-0455/2020-oct-nov/0455_w20_qp_12.pdf
https://pastpapers.co/caie/igcse/economics-0455/2020-oct-nov/0455_w20_ms_12.pdf,Question Banks/Cambridge Curricula/IGCSE/Economics (0455)/2020/Oct-Nov (Variant 2),0455_w20_ms_12.pdf,,http,,MSMark Scheme 1 (v2),https://pastpapers.co/caie/igcse/economics-0455/2020-oct-nov/0455_w20_qp_12.pdf
https://pastpapers.co/caie/igcse/economics-0455/2020-oct-nov/0455_w20_ms_13.pdf,Question Banks/Cambridge Curricula/IGCSE/Economics (0455)/2020/Oct-Nov (Variant 3),0455_w20_ms_13.pdf,,http,,MSMark Scheme 1 (v3),https://pastpapers.co/caie/igcse/economics-0455/2020-oct-nov/0455_w20_qp_12.pdf
https://pastpapers.co/caie/igcse/economics-0455/2020-oct-nov/0455_w20_ms_21.pdf,Question Banks/Cambridge Curricula/IGCSE/Economics (0455)/2020/Oct-Nov (Variant 1),0455_w20_ms_21.pdf,,http,,MSMark Scheme 2 (v1),https://pastpapers.co/caie/igcse/economics-0455/2020-oct-nov/0455_w20_qp_12.pdf
https://pastpapers.co/caie/igcse/economics-0455/2020-oct-nov/0455_w20_ms_22.pdf,Question Banks/Cambridge Curricula/IGCSE/Economics (0455)/2020/Oct-Nov (Variant 2),0455_w20_ms_22.pdf,,http,,MSMark Scheme 2 (v2),https://pastpapers.co/caie/igcse/economics-0455/2020-oct-nov/0455_w20_qp_12.pdf
https://pastpapers.co/caie/igcse/economics-0455/2020-oct-nov/0455_w20_ms_23.pdf,Question Banks/Cambridge Curricula/IGCSE/Economics (0455)/2020/Oct-Nov (Variant 3),0455_w20_ms_23.pdf,,http,,MSMark Scheme 2 (v3),https://pastpapers.co/caie/igcse/economics-0455/2020-oct-nov/0455_w20_qp_12.pdf
https://pastpapers.co/caie/igcse/economics-0455/2021-oct-nov/0455_w21_ms_11.pdf,Question Banks/Cambridge Curricula/IGCSE/Economics (0455)/2021/Oct-Nov (Variant 1),0455_w21_ms_11.pdf,,http,,MSMark Scheme 1 (v1),https://pastpapers.co/caie/igcse/economics-0455/2021-oct-nov/0455_w21_qp_12.pdf
https://pastpapers.co/caie/igcse/economics-0455/2021-oct-nov/0455_w21_ms_12.pdf,Question Banks/Cambridge Curricula/IGCSE/Economics (0455)/2021/Oct-Nov (Variant 2),0455_w21_ms_12.pdf,,http,,MSMark Scheme 1 (v2),https://pastpapers.co/caie/igcse/economics-0455/2021-oct-nov/0455_w21_qp_12.pdf
https://pastpapers.co/caie/igcse/economics-0455/2021-oct-nov/0455_w21_ms_13.pdf,Question Banks/Cambridge Curricula/IGCSE/Economics (0455)/2021/Oct-Nov (Variant 3),0455_w21_ms_13.pdf,,http,,MSMark Scheme 1 (v3),https://pastpapers.co/caie/igcse/economics-0455/2021-oct-nov/0455_w21_qp_12.pdf
https://pastpapers.co/caie/igcse/economics-0455/2021-oct-nov/0455_w21_ms_21.pdf,Question Banks/Cambridge Curricula/IGCSE/Economics (0455)/2021/Oct-Nov (Variant 1),0455_w21_ms_21.pdf,,http,,MSMark Scheme 2 (v1),https://pastpapers.co/caie/igcse/economics-0455/2021-oct-nov/0455_w21_qp_12.pdf
https://pastpapers.co/caie/igcse/economics-0455/2021-oct-nov/0455_w21_ms_22.pdf,Question Banks/Cambridge Curricula/IGCSE/Economics (0455)/2021/Oct-Nov (Variant 2),0455_w21_ms_22.pdf,,http,,MSMark Scheme 2 (v2),https://pastpapers.co/caie/igcse/economics-0455/2021-oct-nov/0455_w21_qp_12.pdf
https://pastpapers.co/caie/igcse/economics-0455/2021-oct-nov/0455_w21_ms_23.pdf,Question Banks/Cambridge Curricula/IGCSE/Economics (0455)/2021/Oct-Nov (Variant 3),0455_w21_ms_23.pdf,,http,,MSMark Scheme 2 (v3),https://pastpapers.co/caie/igcse/economics-0455/2021-oct-nov/0455_w21_qp_12.pdf
https://pastpapers.co/caie/igcse/economics-0455/2022-oct-nov/0455_w22_ms_11.pdf,Question Banks/Cambridge Curricula/IGCSE/Economics (0455)/2022/Oct-Nov (Variant 1),0455_w22_ms_11.pdf,,http,,MSMark Scheme 1 (v1),https://pastpapers.co/caie/igcse/economics-0455/2022-oct-nov/0455_w22_qp_12.pdf
https://pastpapers.co/caie/igcse/economics-0455/2022-oct-nov/0455_w22_ms_12.pdf,Question Banks/Cambridge Curricula/IGCSE/Economics (0455)/2022/Oct-Nov (Variant 2),0455_w22_ms_12.pdf,,http,,MSMark Scheme 1 (v2),https://pastpapers.co/caie/igcse/economics-0455/2022-oct-nov/0455_w22_qp_12.pdf
https://pastpapers.co/caie/igcse/economics-0455/2022-oct-nov/0455_w22_ms_13.pdf,Question Banks/Cambridge Curricula/IGCSE/Economics (0455)/2022/Oct-Nov (Variant 3),0455_w22_ms_13.pdf,,http,,MSMark Scheme 1 (v3),https://pastpapers.co/caie/igcse/economics-0455/2022-oct-nov/0455_w22_qp_12.pdf
https://pastpapers.co/caie/igcse/economics-0455/2022-oct-nov/0455_w22_ms_21.pdf,Question Banks/Cambridge Curricula/IGCSE/Economics (0455)/2022/Oct-Nov (Variant 1),0455_w22_ms_21.pdf,,http,,MSMark Scheme 2 (v1),https://pastpapers.co/caie/igcse/economics-0455/2022-oct-nov/0455_w22_qp_12.pdf
https://pastpapers.co/caie/igcse/economics-0455/2022-oct-nov/0455_w22_ms_22.pdf,Question Banks/Cambridge Curricula/IGCSE/Economics (0455)/2022/Oct-Nov (Variant 2),0455_w22_ms_22.pdf,,http,,MSMark Scheme 2 (v2),https://pastpapers.co/caie/igcse/economics-0455/2022-oct-nov/0455_w22_qp_12.pdf
https://pastpapers.co/caie/igcse/economics-0455/2022-oct-nov/0455_w22_ms_23.pdf,Question Banks/Cambridge Curricula/IGCSE/Economics (0455)/2022/Oct-Nov (Variant 3),0455_w22_ms_23.pdf,,http,,MSMark Scheme 2 (v3),https://pastpapers.co/caie/igcse/economics-0455/2022-oct-nov/0455_w22_qp_12.pdf
https://pastpapers.co/caie/igcse/economics-0455/2023-oct-nov/0455_w23_ms_11.pdf,Question Banks/Cambridge Curricula/IGCSE/Economics (0455)/2023/Oct-Nov (Variant 1),0455_w23_ms_11.pdf,,http,,MSMark Scheme 1 (v1),https://pastpapers.co/caie/igcse/economics-0455/2023-oct-nov/0455_w23_qp_12.pdf
https://pastpapers.co/caie/igcse/economics-0455/2023-oct-nov/0455_w23_ms_12.pdf,Question Banks/Cambridge Curricula/IGCSE/Economics (0455)/2023/Oct-Nov (Variant 2),0455_w23_ms_12.pdf,,http,,MSMark Scheme 1 (v2),https://pastpapers.co/caie/igcse/economics-0455/2023-oct-nov/0455_w23_qp_12.pdf
https://pastpapers.co/caie/igcse/economics-0455/2023-oct-nov/0455_w23_ms_13.pdf,Question Banks/Cambridge Curricula/IGCSE/Economics (0455)/2023/Oct-Nov (Variant 3),0455_w23_ms_13.pdf,,http,,MSMark Scheme 1 (v3),https://pastpapers.co/caie/igcse/economics-0455/2023-oct-nov/0455_w23_qp_12.pdf
https://pastpapers.co/caie/igcse/economics-0455/2023-oct-nov/0455_w23_ms_21.pdf,Question Banks/Cambridge Curricula/IGCSE/Economics (0455)/2023/Oct-Nov (Variant 1),0455_w23_ms_21.pdf,,http,,MSMark Scheme 2 (v1),https://pastpapers.co/caie/igcse/economics-0455/2023-oct-nov/0455_w23_qp_12.pdf
https://pastpapers.co/caie/igcse/economics-0455/2023-oct-nov/0455_w23_ms_22.pdf,Question Banks/Cambridge Curricula/IGCSE/Economics (0455)/2023/Oct-Nov (Variant 2),0455_w23_ms_22.pdf,,http,,MSMark Scheme 2 (v2),https://pastpapers.co/caie/igcse/economics-0455/2023-oct-nov/0455_w23_qp_12.pdf
https://pastpapers.co/caie/igcse/economics-0455/2023-oct-nov/0455_w23_ms_23.pdf,Question Banks/Cambridge Curricula/IGCSE/Economics (0455)/2023/Oct-Nov (Variant 3),0455_w23_ms_23.pdf,,http,,MSMark Scheme 2 (v3),https://pastpapers.co/caie/igcse/economics-0455/2023-oct-nov/0455_w23_qp_12.pdf
https://pastpapers.co/caie/igcse/economics-0455/2024-oct-nov/0455_w24_ms_11.pdf,Question Banks/Cambridge Curricula/IGCSE/Economics (0455)/2024/Oct-Nov (Variant 1),0455_w24_ms_11.pdf,,http,,MSMark Scheme 1 (v1),https://pastpapers.co/caie/igcse/economics-0455/2024-oct-nov/0455_w24_qp_12.pdf
https://pastpapers.co/caie/igcse/economics-0455/2024-oct-nov/0455_w24_ms_12.pdf,Question Banks/Cambridge Curricula/IGCSE/Economics (0455)/2024/Oct-Nov (Variant 2),0455_w24_ms_12.pdf,,http,,MSMark Scheme 1 (v2),https://pastpapers.co/caie/igcse/economics-0455/2024-oct-nov/0455_w24_qp_12.pdf
https://pastpapers.co/caie/igcse/economics-0455/2024-oct-nov/0455_w24_ms_13.pdf,Question Banks/Cambridge Curricula/IGCSE/Economics (0455)/2024/Oct-Nov (Variant 3),0455_w24_ms_13.pdf,,http,,MSMark Scheme 1 (v3),https://pastpapers.co/caie/igcse/economics-0455/2024-oct-nov/0455_w24_qp_12.pdf
https://pastpapers.co/caie/igcse/economics-0455/2024-oct-nov/0455_w24_ms_21.pdf,Question Banks/Cambridge Curricula/IGCSE/Economics (0455)/2024/Oct-Nov (Variant 1),0455_w24_ms_21.pdf,,http,,MSMark Scheme 2 (v1),https://pastpapers.co/caie/igcse/economics-0455/2024-oct-nov/0455_w24_qp_12.pdf
https://pastpapers.co/caie/igcse/economics-0455/2024-oct-nov/0455_w24_ms_22.pdf,Question Banks/Cambridge Curricula/IGCSE/Economics (0455)/2024/Oct-Nov (Variant 2),0455_w24_ms_22.pdf,,http,,MSMark Scheme 2 (v2),https://pastpapers.co/caie/igcse/economics-0455/2024-oct-nov/0455_w24_qp_12.pdf
https://pastpapers.co/caie/igcse/economics-0455/2024-oct-nov/0455_w24_ms_23.pdf,Question Banks/Cambridge Curricula/IGCSE/Economics (0455)/2024/Oct-Nov (Variant 3),0455_w24_ms_23.pdf,,http,,MSMark Scheme 2 (v3),https://pastpapers.co/caie/igcse/economics-0455/2024-oct-nov/0455_w24_qp_12.pdf
https://pastpapers.co/caie/igcse/economics-0455/2025-oct-nov/0455_w25_ms_11.pdf,Question Banks/Cambridge Curricula/IGCSE/Economics (0455)/2025/Oct-Nov (Variant 1),0455_w25_ms_11.pdf,,http,,MSMark Scheme 1 (v1),https://pastpapers.co/caie/igcse/economics-0455/2025-oct-nov/0455_w25_qp_12.pdf
https://pastpapers.co/caie/igcse/economics-0455/2025-oct-nov/0455_w25_ms_12.pdf,Question Banks/Cambridge Curricula/IGCSE/Economics (0455)/2025/Oct-Nov (Variant 2),0455_w25_ms_12.pdf,,http,,MSMark Scheme 1 (v2),https://pastpapers.co/caie/igcse/economics-0455/2025-oct-nov/0455_w25_qp_12.pdf
https://pastpapers.co/caie/igcse/economics-0455/2025-oct-nov/0455_w25_ms_13.pdf,Question Banks/Cambridge Curricula/IGCSE/Economics (0455)/2025/Oct-Nov (Variant 3),0455_w25_ms_13.pdf,,http,,MSMark Scheme 1 (v3),https://pastpapers.co/caie/igcse/economics-0455/2025-oct-nov/0455_w25_qp_12.pdf
https://pastpapers.co/caie/igcse/economics-0455/2025-oct-nov/0455_w25_ms_21.pdf,Question Banks/Cambridge Curricula/IGCSE/Economics (0455)/2025/Oct-Nov (Variant 1),0455_w25_ms_21.pdf,,http,,MSMark Scheme 2 (v1),https://pastpapers.co/caie/igcse/economics-0455/2025-oct-nov/0455_w25_qp_12.pdf
https://pastpapers.co/caie/igcse/economics-0455/2025-oct-nov/0455_w25_ms_22.pdf,Question Banks/Cambridge Curricula/IGCSE/Economics (0455)/2025/Oct-Nov (Variant 2),0455_w25_ms_22.pdf,,http,,MSMark Scheme 2 (v2),https://pastpapers.co/caie/igcse/economics-0455/2025-oct-nov/0455_w25_qp_12.pdf
https://pastpapers.co/caie/igcse/economics-0455/2025-oct-nov/0455_w25_ms_23.pdf,Question Banks/Cambridge Curricula/IGCSE/Economics (0455)/2025/Oct-Nov (Variant 3),0455_w25_ms_23.pdf,,http,,MSMark Scheme 2 (v3),https://pastpapers.co/caie/igcse/economics-0455/2025-oct-nov/0455_w25_qp_12.pdf
https://pastpapers.co/api/file/caie/igcse/business-studies-0450/2021-march/0450_m21_qp_12.pdf,Question Banks/Cambridge Curricula/IGCSE/Business Studies (0450)/2021/March (Variant 2),0450_m21_qp_12.pdf,,http,https://pastpapers.co/api/file/caie/igcse/business-studies-0450/2021-march/0450_m21_qp_12.pdf?download=1,,https://pastpapers.co/caie/igcse/business-studies-0450/2021-march/0450_m21_qp_12.pdf
https://pastpapers.co/caie/igcse/business-studies-0450/2021-march/0450_m21_qp_22.pdf,Question Banks/Cambridge Curricula/IGCSE/Business Studies (0450)/2021/March (Variant 2),0450_m21_qp_22.pdf,,http,,QPQuestion Paper 2 (v2),https://pastpapers.co/caie/igcse/business-studies-0450/2021-march/0450_m21_qp_12.pdf
https://pastpapers.co/api/file/caie/igcse/business-studies-0450/2023-march/0450_m23_qp_12.pdf,Question Banks/Cambridge Curricula/IGCSE/Business Studies (0450)/2023/March (Variant 2),0450_m23_qp_12.pdf,,http,https://pastpapers.co/api/file/caie/igcse/business-studies-0450/2023-march/0450_m23_qp_12.pdf?download=1,,https://pastpapers.co/caie/igcse/business-studies-0450/2023-march/0450_m23_qp_12.pdf
https://pastpapers.co/caie/igcse/business-studies-0450/2023-march/0450_m23_qp_22.pdf,Question Banks/Cambridge Curricula/IGCSE/Business Studies (0450)/2023/March (Variant 2),0450_m23_qp_22.pdf,,http,,QPQuestion Paper 2 (v2),https://pastpapers.co/caie/igcse/business-studies-0450/2023-march/0450_m23_qp_12.pdf
https://pastpapers.co/api/file/caie/igcse/business-studies-0450/2024-march/0450_m24_qp_12.pdf,Question Banks/Cambridge Curricula/IGCSE/Business Studies (0450)/2024/March (Variant 2),0450_m24_qp_12.pdf,,http,https://pastpapers.co/api/file/caie/igcse/business-studies-0450/2024-march/0450_m24_qp_12.pdf?download=1,,https://pastpapers.co/caie/igcse/business-studies-0450/2024-march/0450_m24_qp_12.pdf
https://pastpapers.co/caie/igcse/business-studies-0450/2024-march/0450_m24_qp_22.pdf,Question Banks/Cambridge Curricula/IGCSE/Business Studies (0450)/2024/March (Variant 2),0450_m24_qp_22.pdf,,http,,QPQuestion Paper 2 (v2),https://pastpapers.co/caie/igcse/business-studies-0450/2024-march/0450_m24_qp_12.pdf
https://pastpapers.co/api/file/caie/igcse/business-studies-0450/2025-march/0450_m25_qp_12.pdf,Question Banks/Cambridge Curricula/IGCSE/Business Studies (0450)/2025/March (Variant 2),0450_m25_qp_12.pdf,,http,https://pastpapers.co/api/file/caie/igcse/business-studies-0450/2025-march/0450_m25_qp_12.pdf?download=1,,https://pastpapers.co/caie/igcse/business-studies-0450/2025-march/0450_m25_qp_12.pdf
https://pastpapers.co/caie/igcse/business-studies-0450/2025-march/0450_m25_qp_22.pdf,Question Banks/Cambridge Curricula/IGCSE/Business Studies (0450)/2025/March (Variant 2),0450_m25_qp_22.pdf,,http,,QPQuestion Paper 2 (v2),https://pastpapers.co/caie/igcse/business-studies-0450/2025-march/0450_m25_qp_12.pdf
https://pastpapers.co/caie/igcse/business-studies-0450/2020-may-june/0450_s20_qp_11.pdf,Question Banks/Cambridge Curricula/IGCSE/Business Studies (0450)/2020/May-June (Variant 1),0450_s20_qp_11.pdf,,http,,QPQuestion Paper 1 (v1),https://pastpapers.co/caie/igcse/business-studies-0450/2020-may-june/0450_s20_qp_12.pdf
https://pastpapers.co/api/file/caie/igcse/business-studies-0450/2020-may-june/0450_s20_qp_12.pdf,Question Banks/Cambridge Curricula/IGCSE/Business Studies (0450)/2020/May-June (Variant 2),0450_s20_qp_12.pdf,,http,https://pastpapers.co/api/file/caie/igcse/business-studies-0450/2020-may-june/0450_s20_qp_12.pdf?download=1,,https://pastpapers.co/caie/igcse/business-studies-0450/2020-may-june/0450_s20_qp_12.pdf
https://pastpapers.co/caie/igcse/business-studies-0450/2020-may-june/0450_s20_qp_13.pdf,Question Banks/Cambridge Curricula/IGCSE/Business Studies (0450)/2020/May-June (Variant 3),0450_s20_qp_13.pdf,,http,,QPQuestion Paper 1 (v3),https://pastpapers.co/caie/igcse/business-studies-0450/2020-may-june/0450_s20_qp_12.pdf
https://pastpapers.co/caie/igcse/business-studies-0450/2020-may-june/0450_s20_qp_21.pdf,Question Banks/Cambridge Curricula/IGCSE/Business Studies (0450)/2020/May-June (Variant 1),0450_s20_qp_21.pdf,,http,,QPQuestion Paper 2 (v1),https://pastpapers.co/caie/igcse/business-studies-0450/2020-may-june/0450_s20_qp_12.pdf
https://pastpapers.co/caie/igcse/business-studies-0450/2020-may-june/0450_s20_qp_22.pdf,Question Banks/Cambridge Curricula/IGCSE/Business Studies (0450)/2020/May-June (Variant 2),0450_s20_qp_22.pdf,,http,,QPQuestion Paper 2 (v2),https://pastpapers.co/caie/igcse/business-studies-0450/2020-may-june/0450_s20_qp_12.pdf
https://pastpapers.co/caie/igcse/business-studies-0450/2020-may-june/0450_s20_qp_23.pdf,Question Banks/Cambridge Curricula/IGCSE/Business Studies (0450)/2020/May-June (Variant 3),0450_s20_qp_23.pdf,,http,,QPQuestion Paper 2 (v3),https://pastpapers.co/caie/igcse/business-studies-0450/2020-may-june/0450_s20_qp_12.pdf
https://pastpapers.co/caie/igcse/business-studies-0450/2021-may-june/0450_s21_qp_11.pdf,Question Banks/Cambridge Curricula/IGCSE/Business Studies (0450)/2021/May-June (Variant 1),0450_s21_qp_11.pdf,,http,,QPQuestion Paper 1 (v1),https://pastpapers.co/caie/igcse/business-studies-0450/2021-may-june/0450_s21_qp_12.pdf
https://pastpapers.co/api/file/caie/igcse/business-studies-0450/2021-may-june/0450_s21_qp_12.pdf,Question Banks/Cambridge Curricula/IGCSE/Business Studies (0450)/2021/May-June (Variant 2),0450_s21_qp_12.pdf,,http,https://pastpapers.co/api/file/caie/igcse/business-studies-0450/2021-may-june/0450_s21_qp_12.pdf?download=1,,https://pastpapers.co/caie/igcse/business-studies-0450/2021-may-june/0450_s21_qp_12.pdf
https://pastpapers.co/caie/igcse/business-studies-0450/2021-may-june/0450_s21_qp_13.pdf,Question Banks/Cambridge Curricula/IGCSE/Business Studies (0450)/2021/May-June (Variant 3),0450_s21_qp_13.pdf,,http,,QPQuestion Paper 1 (v3),https://pastpapers.co/caie/igcse/business-studies-0450/2021-may-june/0450_s21_qp_12.pdf
https://pastpapers.co/caie/igcse/business-studies-0450/2021-may-june/0450_s21_qp_21.pdf,Question Banks/Cambridge Curricula/IGCSE/Business Studies (0450)/2021/May-June (Variant 1),0450_s21_qp_21.pdf,,http,,QPQuestion Paper 2 (v1),https://pastpapers.co/caie/igcse/business-studies-0450/2021-may-june/0450_s21_qp_12.pdf
https://pastpapers.co/caie/igcse/business-studies-0450/2021-may-june/0450_s21_qp_22.pdf,Question Banks/Cambridge Curricula/IGCSE/Business Studies (0450)/2021/May-June (Variant 2),0450_s21_qp_22.pdf,,http,,QPQuestion Paper 2 (v2),https://pastpapers.co/caie/igcse/business-studies-0450/2021-may-june/0450_s21_qp_12.pdf
https://pastpapers.co/caie/igcse/business-studies-0450/2021-may-june/0450_s21_qp_23.pdf,Question Banks/Cambridge Curricula/IGCSE/Business Studies (0450)/2021/May-June (Variant 3),0450_s21_qp_23.pdf,,http,,QPQuestion Paper 2 (v3),https://pastpapers.co/caie/igcse/business-studies-0450/2021-may-june/0450_s21_qp_12.pdf
https://pastpapers.co/caie/igcse/business-studies-0450/2022-may-june/0450_s22_qp_11.pdf,Question Banks/Cambridge Curricula/IGCSE/Business Studies (0450)/2022/May-June (Variant 1),0450_s22_qp_11.pdf,,http,,QPQuestion Paper 1 (v1),https://pastpapers.co/caie/igcse/business-studies-0450/2022-may-june/0450_s22_qp_12.pdf
https://pastpapers.co/api/file/caie/igcse/business-studies-0450/2022-may-june/0450_s22_qp_12.pdf,Question Banks/Cambridge Curricula/IGCSE/Business Studies (0450)/2022/May-June (Variant 2),0450_s22_qp_12.pdf,,http,https://pastpapers.co/api/file/caie/igcse/business-studies-0450/2022-may-june/0450_s22_qp_12.pdf?download=1,,https://pastpapers.co/caie/igcse/business-studies-0450/2022-may-june/0450_s22_qp_12.pdf
https://pastpapers.co/caie/igcse/business-studies-0450/2022-may-june/0450_s22_qp_13.pdf,Question Banks/Cambridge Curricula/IGCSE/Business Studies (0450)/2022/May-June (Variant 3),0450_s22_qp_13.pdf,,http,,QPQuestion Paper 1 (v3),https://pastpapers.co/caie/igcse/business-studies-0450/2022-may-june/0450_s22_qp_12.pdf
https://pastpapers.co/caie/igcse/business-studies-0450/2022-may-june/0450_s22_qp_21.pdf,Question Banks/Cambridge Curricula/IGCSE/Business Studies (0450)/2022/May-June (Variant 1),0450_s22_qp_21.pdf,,http,,QPQuestion Paper 2 (v1),https://pastpapers.co/caie/igcse/business-studies-0450/2022-may-june/0450_s22_qp_12.pdf
https://pastpapers.co/caie/igcse/business-studies-0450/2022-may-june/0450_s22_qp_22.pdf,Question Banks/Cambridge Curricula/IGCSE/Business Studies (0450)/2022/May-June (Variant 2),0450_s22_qp_22.pdf,,http,,QPQuestion Paper 2 (v2),https://pastpapers.co/caie/igcse/business-studies-0450/2022-may-june/0450_s22_qp_12.pdf
https://pastpapers.co/caie/igcse/business-studies-0450/2022-may-june/0450_s22_qp_23.pdf,Question Banks/Cambridge Curricula/IGCSE/Business Studies (0450)/2022/May-June (Variant 3),0450_s22_qp_23.pdf,,http,,QPQuestion Paper 2 (v3),https://pastpapers.co/caie/igcse/business-studies-0450/2022-may-june/0450_s22_qp_12.pdf
https://pastpapers.co/caie/igcse/business-studies-0450/2023-may-june/0450_s23_qp_11.pdf,Question Banks/Cambridge Curricula/IGCSE/Business Studies (0450)/2023/May-June (Variant 1),0450_s23_qp_11.pdf,,http,,QPQuestion Paper 1 (v1),https://pastpapers.co/caie/igcse/business-studies-0450/2023-may-june/0450_s23_qp_12.pdf
https://pastpapers.co/api/file/caie/igcse/business-studies-0450/2023-may-june/0450_s23_qp_12.pdf,Question Banks/Cambridge Curricula/IGCSE/Business Studies (0450)/2023/May-June (Variant 2),0450_s23_qp_12.pdf,,http,https://pastpapers.co/api/file/caie/igcse/business-studies-0450/2023-may-june/0450_s23_qp_12.pdf?download=1,,https://pastpapers.co/caie/igcse/business-studies-0450/2023-may-june/0450_s23_qp_12.pdf
https://pastpapers.co/caie/igcse/business-studies-0450/2023-may-june/0450_s23_qp_13.pdf,Question Banks/Cambridge Curricula/IGCSE/Business Studies (0450)/2023/May-June (Variant 3),0450_s23_qp_13.pdf,,http,,QPQuestion Paper 1 (v3),https://pastpapers.co/caie/igcse/business-studies-0450/2023-may-june/0450_s23_qp_12.pdf
https://pastpapers.co/caie/igcse/business-studies-0450/2023-may-june/0450_s23_qp_21.pdf,Question Banks/Cambridge Curricula/IGCSE/Business Studies (0450)/2023/May-June (Variant 1),0450_s23_qp_21.pdf,,http,,QPQuestion Paper 2 (v1),https://pastpapers.co/caie/igcse/business-studies-0450/2023-may-june/0450_s23_qp_12.pdf
https://pastpapers.co/caie/igcse/business-studies-0450/2023-may-june/0450_s23_qp_22.pdf,Question Banks/Cambridge Curricula/IGCSE/Business Studies (0450)/2023/May-June (Variant 2),0450_s23_qp_22.pdf,,http,,QPQuestion Paper 2 (v2),https://pastpapers.co/caie/igcse/business-studies-0450/2023-may-june/0450_s23_qp_12.pdf
https://pastpapers.co/caie/igcse/business-studies-0450/2023-may-june/0450_s23_qp_23.pdf,Question Banks/Cambridge Curricula/IGCSE/Business Studies (0450)/2023/May-June (Variant 3),0450_s23_qp_23.pdf,,http,,QPQuestion Paper 2 (v3),https://pastpapers.co/caie/igcse/business-studies-0450/2023-may-june/0450_s23_qp_12.pdf
https://pastpapers.co/caie/igcse/business-studies-0450/2024-may-june/0450_s24_qp_11.pdf,Question Banks/Cambridge Curricula/IGCSE/Business Studies (0450)/2024/May-June (Variant 1),0450_s24_qp_11.pdf,,http,,QPQuestion Paper 1 (v1),https://pastpapers.co/caie/igcse/business-studies-0450/2024-may-june/0450_s24_qp_12.pdf
https://pastpapers.co/api/file/caie/igcse/business-studies-0450/2024-may-june/0450_s24_qp_12.pdf,Question Banks/Cambridge Curricula/IGCSE/Business Studies (0450)/2024/May-June (Variant 2),0450_s24_qp_12.pdf,,http,https://pastpapers.co/api/file/caie/igcse/business-studies-0450/2024-may-june/0450_s24_qp_12.pdf?download=1,,https://pastpapers.co/caie/igcse/business-studies-0450/2024-may-june/0450_s24_qp_12.pdf
https://pastpapers.co/caie/igcse/business-studies-0450/2024-may-june/0450_s24_qp_13.pdf,Question Banks/Cambridge Curricula/IGCSE/Business Studies (0450)/2024/May-June (Variant 3),0450_s24_qp_13.pdf,,http,,QPQuestion Paper 1 (v3),https://pastpapers.co/caie/igcse/business-studies-0450/2024-may-june/0450_s24_qp_12.pdf
https://pastpapers.co/caie/igcse/business-studies-0450/2024-may-june/0450_s24_qp_21.pdf,Question Banks/Cambridge Curricula/IGCSE/Business Studies (0450)/2024/May-June (Variant 1),0450_s24_qp_21.pdf,,http,,QPQuestion Paper 2 (v1),https://pastpapers.co/caie/igcse/business-studies-0450/2024-may-june/0450_s24_qp_12.pdf
https://pastpapers.co/caie/igcse/business-studies-0450/2024-may-june/0450_s24_qp_22.pdf,Question Banks/Cambridge Curricula/IGCSE/Business Studies (0450)/2024/May-June (Variant 2),0450_s24_qp_22.pdf,,http,,QPQuestion Paper 2 (v2),https://pastpapers.co/caie/igcse/business-studies-0450/2024-may-june/0450_s24_qp_12.pdf
https://pastpapers.co/caie/igcse/business-studies-0450/2024-may-june/0450_s24_qp_23.pdf,Question Banks/Cambridge Curricula/IGCSE/Business Studies (0450)/2024/May-June (Variant 3),0450_s24_qp_23.pdf,,http,,QPQuestion Paper 2 (v3),https://pastpapers.co/caie/igcse/business-studies-0450/2024-may-june/0450_s24_qp_12.pdf
https://pastpapers.co/caie/igcse/business-studies-0450/2025-may-june/0450_s25_qp_11.pdf,Question Banks/Cambridge Curricula/IGCSE/Business Studies (0450)/2025/May-June (Variant 1),0450_s25_qp_11.pdf,,http,,QPQuestion Paper 1 (v1),https://pastpapers.co/caie/igcse/business-studies-0450/2025-may-june/0450_s25_qp_12.pdf
https://pastpapers.co/api/file/caie/igcse/business-studies-0450/2025-may-june/0450_s25_qp_12.pdf,Question Banks/Cambridge Curricula/IGCSE/Business Studies (0450)/2025/May-June (Variant 2),0450_s25_qp_12.pdf,,http,https://pastpapers.co/api/file/caie/igcse/business-studies-0450/2025-may-june/0450_s25_qp_12.pdf?download=1,,https://pastpapers.co/caie/igcse/business-studies-0450/2025-may-june/0450_s25_qp_12.pdf
https://pastpapers.co/caie/igcse/business-studies-0450/2025-may-june/0450_s25_qp_13.pdf,Question Banks/Cambridge Curricula/IGCSE/Business Studies (0450)/2025/May-June (Variant 3),0450_s25_qp_13.pdf,,http,,QPQuestion Paper 1 (v3),https://pastpapers.co/caie/igcse/business-studies-0450/2025-may-june/0450_s25_qp_12.pdf
https://pastpapers.co/caie/igcse/business-studies-0450/2025-may-june/0450_s25_qp_21.pdf,Question Banks/Cambridge Curricula/IGCSE/Business Studies (0450)/2025/May-June (Variant 1),0450_s25_qp_21.pdf,,http,,QPQuestion Paper 2 (v1),https://pastpapers.co/caie/igcse/business-studies-0450/2025-may-june/0450_s25_qp_12.pdf
https://pastpapers.co/caie/igcse/business-studies-0450/2025-may-june/0450_s25_qp_22.pdf,Question Banks/Cambridge Curricula/IGCSE/Business Studies (0450)/2025/May-June (Variant 2),0450_s25_qp_22.pdf,,http,,QPQuestion Paper 2 (v2),https://pastpapers.co/caie/igcse/business-studies-0450/2025-may-june/0450_s25_qp_12.pdf
https://pastpapers.co/caie/igcse/business-studies-0450/2025-may-june/0450_s25_qp_23.pdf,Question Banks/Cambridge Curricula/IGCSE/Business Studies (0450)/2025/May-June (Variant 3),0450_s25_qp_23.pdf,,http,,QPQuestion Paper 2 (v3),https://pastpapers.co/caie/igcse/business-studies-0450/2025-may-june/0450_s25_qp_12.pdf
https://pastpapers.co/caie/igcse/business-studies-0450/2020-oct-nov/0450_w20_qp_11.pdf,Question Banks/Cambridge Curricula/IGCSE/Business Studies (0450)/2020/Oct-Nov (Variant 1),0450_w20_qp_11.pdf,,http,,QPQuestion Paper 1 (v1),https://pastpapers.co/caie/igcse/business-studies-0450/2020-oct-nov/0450_w20_qp_12.pdf
https://pastpapers.co/api/file/caie/igcse/business-studies-0450/2020-oct-nov/0450_w20_qp_12.pdf,Question Banks/Cambridge Curricula/IGCSE/Business Studies (0450)/2020/Oct-Nov (Variant 2),0450_w20_qp_12.pdf,,http,https://pastpapers.co/api/file/caie/igcse/business-studies-0450/2020-oct-nov/0450_w20_qp_12.pdf?download=1,,https://pastpapers.co/caie/igcse/business-studies-0450/2020-oct-nov/0450_w20_qp_12.pdf
https://pastpapers.co/caie/igcse/business-studies-0450/2020-oct-nov/0450_w20_qp_13.pdf,Question Banks/Cambridge Curricula/IGCSE/Business Studies (0450)/2020/Oct-Nov (Variant 3),0450_w20_qp_13.pdf,,http,,QPQuestion Paper 1 (v3),https://pastpapers.co/caie/igcse/business-studies-0450/2020-oct-nov/0450_w20_qp_12.pdf
https://pastpapers.co/caie/igcse/business-studies-0450/2020-oct-nov/0450_w20_qp_21.pdf,Question Banks/Cambridge Curricula/IGCSE/Business Studies (0450)/2020/Oct-Nov (Variant 1),0450_w20_qp_21.pdf,,http,,QPQuestion Paper 2 (v1),https://pastpapers.co/caie/igcse/business-studies-0450/2020-oct-nov/0450_w20_qp_12.pdf
https://pastpapers.co/caie/igcse/business-studies-0450/2020-oct-nov/0450_w20_qp_22.pdf,Question Banks/Cambridge Curricula/IGCSE/Business Studies (0450)/2020/Oct-Nov (Variant 2),0450_w20_qp_22.pdf,,http,,QPQuestion Paper 2 (v2),https://pastpapers.co/caie/igcse/business-studies-0450/2020-oct-nov/0450_w20_qp_12.pdf
https://pastpapers.co/caie/igcse/business-studies-0450/2020-oct-nov/0450_w20_qp_23.pdf,Question Banks/Cambridge Curricula/IGCSE/Business Studies (0450)/2020/Oct-Nov (Variant 3),0450_w20_qp_23.pdf,,http,,QPQuestion Paper 2 (v3),https://pastpapers.co/caie/igcse/business-studies-0450/2020-oct-nov/0450_w20_qp_12.pdf
https://pastpapers.co/caie/igcse/business-studies-0450/2021-oct-nov/0450_w21_qp_11.pdf,Question Banks/Cambridge Curricula/IGCSE/Business Studies (0450)/2021/Oct-Nov (Variant 1),0450_w21_qp_11.pdf,,http,,QPQuestion Paper 1 (v1),https://pastpapers.co/caie/igcse/business-studies-0450/2021-oct-nov/0450_w21_qp_12.pdf
https://pastpapers.co/api/file/caie/igcse/business-studies-0450/2021-oct-nov/0450_w21_qp_12.pdf,Question Banks/Cambridge Curricula/IGCSE/Business Studies (0450)/2021/Oct-Nov (Variant 2),0450_w21_qp_12.pdf,,http,https://pastpapers.co/api/file/caie/igcse/business-studies-0450/2021-oct-nov/0450_w21_qp_12.pdf?download=1,,https://pastpapers.co/caie/igcse/business-studies-0450/2021-oct-nov/0450_w21_qp_12.pdf
https://pastpapers.co/caie/igcse/business-studies-0450/2021-oct-nov/0450_w21_qp_13.pdf,Question Banks/Cambridge Curricula/IGCSE/Business Studies (0450)/2021/Oct-Nov (Variant 3),0450_w21_qp_13.pdf,,http,,QPQuestion Paper 1 (v3),https://pastpapers.co/caie/igcse/business-studies-0450/2021-oct-nov/0450_w21_qp_12.pdf
https://pastpapers.co/caie/igcse/business-studies-0450/2021-oct-nov/0450_w21_qp_21.pdf,Question Banks/Cambridge Curricula/IGCSE/Business Studies (0450)/2021/Oct-Nov (Variant 1),0450_w21_qp_21.pdf,,http,,QPQuestion Paper 2 (v1),https://pastpapers.co/caie/igcse/business-studies-0450/2021-oct-nov/0450_w21_qp_12.pdf
https://pastpapers.co/caie/igcse/business-studies-0450/2021-oct-nov/0450_w21_qp_22.pdf,Question Banks/Cambridge Curricula/IGCSE/Business Studies (0450)/2021/Oct-Nov (Variant 2),0450_w21_qp_22.pdf,,http,,QPQuestion Paper 2 (v2),https://pastpapers.co/caie/igcse/business-studies-0450/2021-oct-nov/0450_w21_qp_12.pdf
https://pastpapers.co/caie/igcse/business-studies-0450/2021-oct-nov/0450_w21_qp_23.pdf,Question Banks/Cambridge Curricula/IGCSE/Business Studies (0450)/2021/Oct-Nov (Variant 3),0450_w21_qp_23.pdf,,http,,QPQuestion Paper 2 (v3),https://pastpapers.co/caie/igcse/business-studies-0450/2021-oct-nov/0450_w21_qp_12.pdf
https://pastpapers.co/caie/igcse/business-studies-0450/2022-oct-nov/0450_w22_qp_11.pdf,Question Banks/Cambridge Curricula/IGCSE/Business Studies (0450)/2022/Oct-Nov (Variant 1),0450_w22_qp_11.pdf,,http,,QPQuestion Paper 1 (v1),https://pastpapers.co/caie/igcse/business-studies-0450/2022-oct-nov/0450_w22_qp_12.pdf
https://pastpapers.co/api/file/caie/igcse/business-studies-0450/2022-oct-nov/0450_w22_qp_12.pdf,Question Banks/Cambridge Curricula/IGCSE/Business Studies (0450)/2022/Oct-Nov (Variant 2),0450_w22_qp_12.pdf,,http,https://pastpapers.co/api/file/caie/igcse/business-studies-0450/2022-oct-nov/0450_w22_qp_12.pdf?download=1,,https://pastpapers.co/caie/igcse/business-studies-0450/2022-oct-nov/0450_w22_qp_12.pdf
https://pastpapers.co/caie/igcse/business-studies-0450/2022-oct-nov/0450_w22_qp_13.pdf,Question Banks/Cambridge Curricula/IGCSE/Business Studies (0450)/2022/Oct-Nov (Variant 3),0450_w22_qp_13.pdf,,http,,QPQuestion Paper 1 (v3),https://pastpapers.co/caie/igcse/business-studies-0450/2022-oct-nov/0450_w22_qp_12.pdf
https://pastpapers.co/caie/igcse/business-studies-0450/2022-oct-nov/0450_w22_qp_21.pdf,Question Banks/Cambridge Curricula/IGCSE/Business Studies (0450)/2022/Oct-Nov (Variant 1),0450_w22_qp_21.pdf,,http,,QPQuestion Paper 2 (v1),https://pastpapers.co/caie/igcse/business-studies-0450/2022-oct-nov/0450_w22_qp_12.pdf
https://pastpapers.co/caie/igcse/business-studies-0450/2022-oct-nov/0450_w22_qp_22.pdf,Question Banks/Cambridge Curricula/IGCSE/Business Studies (0450)/2022/Oct-Nov (Variant 2),0450_w22_qp_22.pdf,,http,,QPQuestion Paper 2 (v2),https://pastpapers.co/caie/igcse/business-studies-0450/2022-oct-nov/0450_w22_qp_12.pdf
https://pastpapers.co/caie/igcse/business-studies-0450/2022-oct-nov/0450_w22_qp_23.pdf,Question Banks/Cambridge Curricula/IGCSE/Business Studies (0450)/2022/Oct-Nov (Variant 3),0450_w22_qp_23.pdf,,http,,QPQuestion Paper 2 (v3),https://pastpapers.co/caie/igcse/business-studies-0450/2022-oct-nov/0450_w22_qp_12.pdf
https://pastpapers.co/caie/igcse/business-studies-0450/2023-oct-nov/0450_w23_qp_11.pdf,Question Banks/Cambridge Curricula/IGCSE/Business Studies (0450)/2023/Oct-Nov (Variant 1),0450_w23_qp_11.pdf,,http,,QPQuestion Paper 1 (v1),https://pastpapers.co/caie/igcse/business-studies-0450/2023-oct-nov/0450_w23_qp_12.pdf
https://pastpapers.co/api/file/caie/igcse/business-studies-0450/2023-oct-nov/0450_w23_qp_12.pdf,Question Banks/Cambridge Curricula/IGCSE/Business Studies (0450)/2023/Oct-Nov (Variant 2),0450_w23_qp_12.pdf,,http,https://pastpapers.co/api/file/caie/igcse/business-studies-0450/2023-oct-nov/0450_w23_qp_12.pdf?download=1,,https://pastpapers.co/caie/igcse/business-studies-0450/2023-oct-nov/0450_w23_qp_12.pdf
https://pastpapers.co/caie/igcse/business-studies-0450/2023-oct-nov/0450_w23_qp_13.pdf,Question Banks/Cambridge Curricula/IGCSE/Business Studies (0450)/2023/Oct-Nov (Variant 3),0450_w23_qp_13.pdf,,http,,QPQuestion Paper 1 (v3),https://pastpapers.co/caie/igcse/business-studies-0450/2023-oct-nov/0450_w23_qp_12.pdf
https://pastpapers.co/caie/igcse/business-studies-0450/2023-oct-nov/0450_w23_qp_21.pdf,Question Banks/Cambridge Curricula/IGCSE/Business Studies (0450)/2023/Oct-Nov (Variant 1),0450_w23_qp_21.pdf,,http,,QPQuestion Paper 2 (v1),https://pastpapers.co/caie/igcse/business-studies-0450/2023-oct-nov/0450_w23_qp_12.pdf
https://pastpapers.co/caie/igcse/business-studies-0450/2023-oct-nov/0450_w23_qp_22.pdf,Question Banks/Cambridge Curricula/IGCSE/Business Studies (0450)/2023/Oct-Nov (Variant 2),0450_w23_qp_22.pdf,,http,,QPQuestion Paper 2 (v2),https://pastpapers.co/caie/igcse/business-studies-0450/2023-oct-nov/0450_w23_qp_12.pdf
https://pastpapers.co/caie/igcse/business-studies-0450/2023-oct-nov/0450_w23_qp_23.pdf,Question Banks/Cambridge Curricula/IGCSE/Business Studies (0450)/2023/Oct-Nov (Variant 3),0450_w23_qp_23.pdf,,http,,QPQuestion Paper 2 (v3),https://pastpapers.co/caie/igcse/business-studies-0450/2023-oct-nov/0450_w23_qp_12.pdf
https://pastpapers.co/caie/igcse/business-studies-0450/2024-oct-nov/0450_w24_qp_11.pdf,Question Banks/Cambridge Curricula/IGCSE/Business Studies (0450)/2024/Oct-Nov (Variant 1),0450_w24_qp_11.pdf,,http,,QPQuestion Paper 1 (v1),https://pastpapers.co/caie/igcse/business-studies-0450/2024-oct-nov/0450_w24_qp_12.pdf
https://pastpapers.co/api/file/caie/igcse/business-studies-0450/2024-oct-nov/0450_w24_qp_12.pdf,Question Banks/Cambridge Curricula/IGCSE/Business Studies (0450)/2024/Oct-Nov (Variant 2),0450_w24_qp_12.pdf,,http,https://pastpapers.co/api/file/caie/igcse/business-studies-0450/2024-oct-nov/0450_w24_qp_12.pdf?download=1,,https://pastpapers.co/caie/igcse/business-studies-0450/2024-oct-nov/0450_w24_qp_12.pdf
https://pastpapers.co/caie/igcse/business-studies-0450/2024-oct-nov/0450_w24_qp_13.pdf,Question Banks/Cambridge Curricula/IGCSE/Business Studies (0450)/2024/Oct-Nov (Variant 3),0450_w24_qp_13.pdf,,http,,QPQuestion Paper 1 (v3),https://pastpapers.co/caie/igcse/business-studies-0450/2024-oct-nov/0450_w24_qp_12.pdf
https://pastpapers.co/caie/igcse/business-studies-0450/2024-oct-nov/0450_w24_qp_21.pdf,Question Banks/Cambridge Curricula/IGCSE/Business Studies (0450)/2024/Oct-Nov (Variant 1),0450_w24_qp_21.pdf,,http,,QPQuestion Paper 2 (v1),https://pastpapers.co/caie/igcse/business-studies-0450/2024-oct-nov/0450_w24_qp_12.pdf
https://pastpapers.co/caie/igcse/business-studies-0450/2024-oct-nov/0450_w24_qp_22.pdf,Question Banks/Cambridge Curricula/IGCSE/Business Studies (0450)/2024/Oct-Nov (Variant 2),0450_w24_qp_22.pdf,,http,,QPQuestion Paper 2 (v2),https://pastpapers.co/caie/igcse/business-studies-0450/2024-oct-nov/0450_w24_qp_12.pdf
https://pastpapers.co/caie/igcse/business-studies-0450/2024-oct-nov/0450_w24_qp_23.pdf,Question Banks/Cambridge Curricula/IGCSE/Business Studies (0450)/2024/Oct-Nov (Variant 3),0450_w24_qp_23.pdf,,http,,QPQuestion Paper 2 (v3),https://pastpapers.co/caie/igcse/business-studies-0450/2024-oct-nov/0450_w24_qp_12.pdf
https://pastpapers.co/caie/igcse/business-studies-0450/2025-oct-nov/0450_w25_qp_11.pdf,Question Banks/Cambridge Curricula/IGCSE/Business Studies (0450)/2025/Oct-Nov (Variant 1),0450_w25_qp_11.pdf,,http,,QPQuestion Paper 1 (v1),https://pastpapers.co/caie/igcse/business-studies-0450/2025-oct-nov/0450_w25_qp_12.pdf
https://pastpapers.co/api/file/caie/igcse/business-studies-0450/2025-oct-nov/0450_w25_qp_12.pdf,Question Banks/Cambridge Curricula/IGCSE/Business Studies (0450)/2025/Oct-Nov (Variant 2),0450_w25_qp_12.pdf,,http,https://pastpapers.co/api/file/caie/igcse/business-studies-0450/2025-oct-nov/0450_w25_qp_12.pdf?download=1,,https://pastpapers.co/caie/igcse/business-studies-0450/2025-oct-nov/0450_w25_qp_12.pdf
https://pastpapers.co/caie/igcse/business-studies-0450/2025-oct-nov/0450_w25_qp_13.pdf,Question Banks/Cambridge Curricula/IGCSE/Business Studies (0450)/2025/Oct-Nov (Variant 3),0450_w25_qp_13.pdf,,http,,QPQuestion Paper 1 (v3),https://pastpapers.co/caie/igcse/business-studies-0450/2025-oct-nov/0450_w25_qp_12.pdf
https://pastpapers.co/caie/igcse/business-studies-0450/2025-oct-nov/0450_w25_qp_21.pdf,Question Banks/Cambridge Curricula/IGCSE/Business Studies (0450)/2025/Oct-Nov (Variant 1),0450_w25_qp_21.pdf,,http,,QPQuestion Paper 2 (v1),https://pastpapers.co/caie/igcse/business-studies-0450/2025-oct-nov/0450_w25_qp_12.pdf
https://pastpapers.co/caie/igcse/business-studies-0450/2025-oct-nov/0450_w25_qp_22.pdf,Question Banks/Cambridge Curricula/IGCSE/Business Studies (0450)/2025/Oct-Nov (Variant 2),0450_w25_qp_22.pdf,,http,,QPQuestion Paper 2 (v2),https://pastpapers.co/caie/igcse/business-studies-0450/2025-oct-nov/0450_w25_qp_12.pdf
https://pastpapers.co/caie/igcse/business-studies-0450/2025-oct-nov/0450_w25_qp_23.pdf,Question Banks/Cambridge Curricula/IGCSE/Business Studies (0450)/2025/Oct-Nov (Variant 3),0450_w25_qp_23.pdf,,http,,QPQuestion Paper 2 (v3),https://pastpapers.co/caie/igcse/business-studies-0450/2025-oct-nov/0450_w25_qp_12.pdf
https://pastpapers.co/api/file/caie/igcse/economics-0455/2021-march/0455_m21_qp_12.pdf,Question Banks/Cambridge Curricula/IGCSE/Economics (0455)/2021/March (Variant 2),0455_m21_qp_12.pdf,,http,https://pastpapers.co/api/file/caie/igcse/economics-0455/2021-march/0455_m21_qp_12.pdf?download=1,,https://pastpapers.co/caie/igcse/economics-0455/2021-march/0455_m21_qp_12.pdf
https://pastpapers.co/caie/igcse/economics-0455/2021-march/0455_m21_qp_22.pdf,Question Banks/Cambridge Curricula/IGCSE/Economics (0455)/2021/March (Variant 2),0455_m21_qp_22.pdf,,http,,QPQuestion Paper 2 (v2),https://pastpapers.co/caie/igcse/economics-0455/2021-march/0455_m21_qp_12.pdf
https://pastpapers.co/api/file/caie/igcse/economics-0455/2023-march/0455_m23_qp_12.pdf,Question Banks/Cambridge Curricula/IGCSE/Economics (0455)/2023/March (Variant 2),0455_m23_qp_12.pdf,,http,https://pastpapers.co/api/file/caie/igcse/economics-0455/2023-march/0455_m23_qp_12.pdf?download=1,,https://pastpapers.co/caie/igcse/economics-0455/2023-march/0455_m23_qp_12.pdf
https://pastpapers.co/caie/igcse/economics-0455/2023-march/0455_m23_qp_22.pdf,Question Banks/Cambridge Curricula/IGCSE/Economics (0455)/2023/March (Variant 2),0455_m23_qp_22.pdf,,http,,QPQuestion Paper 2 (v2),https://pastpapers.co/caie/igcse/economics-0455/2023-march/0455_m23_qp_12.pdf
https://pastpapers.co/api/file/caie/igcse/economics-0455/2024-march/0455_m24_qp_12.pdf,Question Banks/Cambridge Curricula/IGCSE/Economics (0455)/2024/March (Variant 2),0455_m24_qp_12.pdf,,http,https://pastpapers.co/api/file/caie/igcse/economics-0455/2024-march/0455_m24_qp_12.pdf?download=1,,https://pastpapers.co/caie/igcse/economics-0455/2024-march/0455_m24_qp_12.pdf
https://pastpapers.co/caie/igcse/economics-0455/2024-march/0455_m24_qp_22.pdf,Question Banks/Cambridge Curricula/IGCSE/Economics (0455)/2024/March (Variant 2),0455_m24_qp_22.pdf,,http,,QPQuestion Paper 2 (v2),https://pastpapers.co/caie/igcse/economics-0455/2024-march/0455_m24_qp_12.pdf
https://pastpapers.co/api/file/caie/igcse/economics-0455/2025-march/0455_m25_qp_12.pdf,Question Banks/Cambridge Curricula/IGCSE/Economics (0455)/2025/March (Variant 2),0455_m25_qp_12.pdf,,http,https://pastpapers.co/api/file/caie/igcse/economics-0455/2025-march/0455_m25_qp_12.pdf?download=1,,https://pastpapers.co/caie/igcse/economics-0455/2025-march/0455_m25_qp_12.pdf
https://pastpapers.co/caie/igcse/economics-0455/2025-march/0455_m25_qp_22.pdf,Question Banks/Cambridge Curricula/IGCSE/Economics (0455)/2025/March (Variant 2),0455_m25_qp_22.pdf,,http,,QPQuestion Paper 2 (v2),https://pastpapers.co/caie/igcse/economics-0455/2025-march/0455_m25_qp_12.pdf
https://pastpapers.co/caie/igcse/economics-0455/2020-may-june/0455_s20_qp_11.pdf,Question Banks/Cambridge Curricula/IGCSE/Economics (0455)/2020/May-June (Variant 1),0455_s20_qp_11.pdf,,http,,QPQuestion Paper 1 (v1),https://pastpapers.co/caie/igcse/economics-0455/2020-may-june/0455_s20_qp_12.pdf
https://pastpapers.co/api/file/caie/igcse/economics-0455/2020-may-june/0455_s20_qp_12.pdf,Question Banks/Cambridge Curricula/IGCSE/Economics (0455)/2020/May-June (Variant 2),0455_s20_qp_12.pdf,,http,https://pastpapers.co/api/file/caie/igcse/economics-0455/2020-may-june/0455_s20_qp_12.pdf?download=1,,https://pastpapers.co/caie/igcse/economics-0455/2020-may-june/0455_s20_qp_12.pdf
https://pastpapers.co/caie/igcse/economics-0455/2020-may-june/0455_s20_qp_13.pdf,Question Banks/Cambridge Curricula/IGCSE/Economics (0455)/2020/May-June (Variant 3),0455_s20_qp_13.pdf,,http,,QPQuestion Paper 1 (v3),https://pastpapers.co/caie/igcse/economics-0455/2020-may-june/0455_s20_qp_12.pdf
https://pastpapers.co/caie/igcse/economics-0455/2020-may-june/0455_s20_qp_21.pdf,Question Banks/Cambridge Curricula/IGCSE/Economics (0455)/2020/May-June (Variant 1),0455_s20_qp_21.pdf,,http,,QPQuestion Paper 2 (v1),https://pastpapers.co/caie/igcse/economics-0455/2020-may-june/0455_s20_qp_12.pdf
https://pastpapers.co/caie/igcse/economics-0455/2020-may-june/0455_s20_qp_22.pdf,Question Banks/Cambridge Curricula/IGCSE/Economics (0455)/2020/May-June (Variant 2),0455_s20_qp_22.pdf,,http,,QPQuestion Paper 2 (v2),https://pastpapers.co/caie/igcse/economics-0455/2020-may-june/0455_s20_qp_12.pdf
https://pastpapers.co/caie/igcse/economics-0455/2020-may-june/0455_s20_qp_23.pdf,Question Banks/Cambridge Curricula/IGCSE/Economics (0455)/2020/May-June (Variant 3),0455_s20_qp_23.pdf,,http,,QPQuestion Paper 2 (v3),https://pastpapers.co/caie/igcse/economics-0455/2020-may-june/0455_s20_qp_12.pdf
https://pastpapers.co/caie/igcse/economics-0455/2021-may-june/0455_s21_qp_11.pdf,Question Banks/Cambridge Curricula/IGCSE/Economics (0455)/2021/May-June (Variant 1),0455_s21_qp_11.pdf,,http,,QPQuestion Paper 1 (v1),https://pastpapers.co/caie/igcse/economics-0455/2021-may-june/0455_s21_qp_12.pdf
https://pastpapers.co/api/file/caie/igcse/economics-0455/2021-may-june/0455_s21_qp_12.pdf,Question Banks/Cambridge Curricula/IGCSE/Economics (0455)/2021/May-June (Variant 2),0455_s21_qp_12.pdf,,http,https://pastpapers.co/api/file/caie/igcse/economics-0455/2021-may-june/0455_s21_qp_12.pdf?download=1,,https://pastpapers.co/caie/igcse/economics-0455/2021-may-june/0455_s21_qp_12.pdf
https://pastpapers.co/caie/igcse/economics-0455/2021-may-june/0455_s21_qp_13.pdf,Question Banks/Cambridge Curricula/IGCSE/Economics (0455)/2021/May-June (Variant 3),0455_s21_qp_13.pdf,,http,,QPQuestion Paper 1 (v3),https://pastpapers.co/caie/igcse/economics-0455/2021-may-june/0455_s21_qp_12.pdf
https://pastpapers.co/caie/igcse/economics-0455/2021-may-june/0455_s21_qp_21.pdf,Question Banks/Cambridge Curricula/IGCSE/Economics (0455)/2021/May-June (Variant 1),0455_s21_qp_21.pdf,,http,,QPQuestion Paper 2 (v1),https://pastpapers.co/caie/igcse/economics-0455/2021-may-june/0455_s21_qp_12.pdf
https://pastpapers.co/caie/igcse/economics-0455/2021-may-june/0455_s21_qp_22.pdf,Question Banks/Cambridge Curricula/IGCSE/Economics (0455)/2021/May-June (Variant 2),0455_s21_qp_22.pdf,,http,,QPQuestion Paper 2 (v2),https://pastpapers.co/caie/igcse/economics-0455/2021-may-june/0455_s21_qp_12.pdf
https://pastpapers.co/caie/igcse/economics-0455/2021-may-june/0455_s21_qp_23.pdf,Question Banks/Cambridge Curricula/IGCSE/Economics (0455)/2021/May-June (Variant 3),0455_s21_qp_23.pdf,,http,,QPQuestion Paper 2 (v3),https://pastpapers.co/caie/igcse/economics-0455/2021-may-june/0455_s21_qp_12.pdf
https://pastpapers.co/caie/igcse/economics-0455/2022-may-june/0455_s22_qp_11.pdf,Question Banks/Cambridge Curricula/IGCSE/Economics (0455)/2022/May-June (Variant 1),0455_s22_qp_11.pdf,,http,,QPQuestion Paper 1 (v1),https://pastpapers.co/caie/igcse/economics-0455/2022-may-june/0455_s22_qp_12.pdf
https://pastpapers.co/api/file/caie/igcse/economics-0455/2022-may-june/0455_s22_qp_12.pdf,Question Banks/Cambridge Curricula/IGCSE/Economics (0455)/2022/May-June (Variant 2),0455_s22_qp_12.pdf,,http,https://pastpapers.co/api/file/caie/igcse/economics-0455/2022-may-june/0455_s22_qp_12.pdf?download=1,,https://pastpapers.co/caie/igcse/economics-0455/2022-may-june/0455_s22_qp_12.pdf
https://pastpapers.co/caie/igcse/economics-0455/2022-may-june/0455_s22_qp_13.pdf,Question Banks/Cambridge Curricula/IGCSE/Economics (0455)/2022/May-June (Variant 3),0455_s22_qp_13.pdf,,http,,QPQuestion Paper 1 (v3),https://pastpapers.co/caie/igcse/economics-0455/2022-may-june/0455_s22_qp_12.pdf
https://pastpapers.co/caie/igcse/economics-0455/2022-may-june/0455_s22_qp_21.pdf,Question Banks/Cambridge Curricula/IGCSE/Economics (0455)/2022/May-June (Variant 1),0455_s22_qp_21.pdf,,http,,QPQuestion Paper 2 (v1),https://pastpapers.co/caie/igcse/economics-0455/2022-may-june/0455_s22_qp_12.pdf
https://pastpapers.co/caie/igcse/economics-0455/2022-may-june/0455_s22_qp_22.pdf,Question Banks/Cambridge Curricula/IGCSE/Economics (0455)/2022/May-June (Variant 2),0455_s22_qp_22.pdf,,http,,QPQuestion Paper 2 (v2),https://pastpapers.co/caie/igcse/economics-0455/2022-may-june/0455_s22_qp_12.pdf
https://pastpapers.co/caie/igcse/economics-0455/2022-may-june/0455_s22_qp_23.pdf,Question Banks/Cambridge Curricula/IGCSE/Economics (0455)/2022/May-June (Variant 3),0455_s22_qp_23.pdf,,http,,QPQuestion Paper 2 (v3),https://pastpapers.co/caie/igcse/economics-0455/2022-may-june/0455_s22_qp_12.pdf
https://pastpapers.co/caie/igcse/economics-0455/2023-may-june/0455_s23_qp_11.pdf,Question Banks/Cambridge Curricula/IGCSE/Economics (0455)/2023/May-June (Variant 1),0455_s23_qp_11.pdf,,http,,QPQuestion Paper 1 (v1),https://pastpapers.co/caie/igcse/economics-0455/2023-may-june/0455_s23_qp_12.pdf
https://pastpapers.co/api/file/caie/igcse/economics-0455/2023-may-june/0455_s23_qp_12.pdf,Question Banks/Cambridge Curricula/IGCSE/Economics (0455)/2023/May-June (Variant 2),0455_s23_qp_12.pdf,,http,https://pastpapers.co/api/file/caie/igcse/economics-0455/2023-may-june/0455_s23_qp_12.pdf?download=1,,https://pastpapers.co/caie/igcse/economics-0455/2023-may-june/0455_s23_qp_12.pdf
https://pastpapers.co/caie/igcse/economics-0455/2023-may-june/0455_s23_qp_13.pdf,Question Banks/Cambridge Curricula/IGCSE/Economics (0455)/2023/May-June (Variant 3),0455_s23_qp_13.pdf,,http,,QPQuestion Paper 1 (v3),https://pastpapers.co/caie/igcse/economics-0455/2023-may-june/0455_s23_qp_12.pdf
https://pastpapers.co/caie/igcse/economics-0455/2023-may-june/0455_s23_qp_21.pdf,Question Banks/Cambridge Curricula/IGCSE/Economics (0455)/2023/May-June (Variant 1),0455_s23_qp_21.pdf,,http,,QPQuestion Paper 2 (v1),https://pastpapers.co/caie/igcse/economics-0455/2023-may-june/0455_s23_qp_12.pdf
https://pastpapers.co/caie/igcse/economics-0455/2023-may-june/0455_s23_qp_22.pdf,Question Banks/Cambridge Curricula/IGCSE/Economics (0455)/2023/May-June (Variant 2),0455_s23_qp_22.pdf,,http,,QPQuestion Paper 2 (v2),https://pastpapers.co/caie/igcse/economics-0455/2023-may-june/0455_s23_qp_12.pdf
https://pastpapers.co/caie/igcse/economics-0455/2023-may-june/0455_s23_qp_23.pdf,Question Banks/Cambridge Curricula/IGCSE/Economics (0455)/2023/May-June (Variant 3),0455_s23_qp_23.pdf,,http,,QPQuestion Paper 2 (v3),https://pastpapers.co/caie/igcse/economics-0455/2023-may-june/0455_s23_qp_12.pdf
https://pastpapers.co/caie/igcse/economics-0455/2024-may-june/0455_s24_qp_11.pdf,Question Banks/Cambridge Curricula/IGCSE/Economics (0455)/2024/May-June (Variant 1),0455_s24_qp_11.pdf,,http,,QPQuestion Paper 1 (v1),https://pastpapers.co/caie/igcse/economics-0455/2024-may-june/0455_s24_qp_12.pdf
https://pastpapers.co/api/file/caie/igcse/economics-0455/2024-may-june/0455_s24_qp_12.pdf,Question Banks/Cambridge Curricula/IGCSE/Economics (0455)/2024/May-June (Variant 2),0455_s24_qp_12.pdf,,http,https://pastpapers.co/api/file/caie/igcse/economics-0455/2024-may-june/0455_s24_qp_12.pdf?download=1,,https://pastpapers.co/caie/igcse/economics-0455/2024-may-june/0455_s24_qp_12.pdf
https://pastpapers.co/caie/igcse/economics-0455/2024-may-june/0455_s24_qp_13.pdf,Question Banks/Cambridge Curricula/IGCSE/Economics (0455)/2024/May-June (Variant 3),0455_s24_qp_13.pdf,,http,,QPQuestion Paper 1 (v3),https://pastpapers.co/caie/igcse/economics-0455/2024-may-june/0455_s24_qp_12.pdf
https://pastpapers.co/caie/igcse/economics-0455/2024-may-june/0455_s24_qp_21.pdf,Question Banks/Cambridge Curricula/IGCSE/Economics (0455)/2024/May-June (Variant 1),0455_s24_qp_21.pdf,,http,,QPQuestion Paper 2 (v1),https://pastpapers.co/caie/igcse/economics-0455/2024-may-june/0455_s24_qp_12.pdf
https://pastpapers.co/caie/igcse/economics-0455/2024-may-june/0455_s24_qp_22.pdf,Question Banks/Cambridge Curricula/IGCSE/Economics (0455)/2024/May-June (Variant 2),0455_s24_qp_22.pdf,,http,,QPQuestion Paper 2 (v2),https://pastpapers.co/caie/igcse/economics-0455/2024-may-june/0455_s24_qp_12.pdf
https://pastpapers.co/caie/igcse/economics-0455/2024-may-june/0455_s24_qp_23.pdf,Question Banks/Cambridge Curricula/IGCSE/Economics (0455)/2024/May-June (Variant 3),0455_s24_qp_23.pdf,,http,,QPQuestion Paper 2 (v3),https://pastpapers.co/caie/igcse/economics-0455/2024-may-june/0455_s24_qp_12.pdf
https://pastpapers.co/caie/igcse/economics-0455/2025-may-june/0455_s25_qp_11.pdf,Question Banks/Cambridge Curricula/IGCSE/Economics (0455)/2025/May-June (Variant 1),0455_s25_qp_11.pdf,,http,,QPQuestion Paper 1 (v1),https://pastpapers.co/caie/igcse/economics-0455/2025-may-june/0455_s25_qp_12.pdf
https://pastpapers.co/api/file/caie/igcse/economics-0455/2025-may-june/0455_s25_qp_12.pdf,Question Banks/Cambridge Curricula/IGCSE/Economics (0455)/2025/May-June (Variant 2),0455_s25_qp_12.pdf,,http,https://pastpapers.co/api/file/caie/igcse/economics-0455/2025-may-june/0455_s25_qp_12.pdf?download=1,,https://pastpapers.co/caie/igcse/economics-0455/2025-may-june/0455_s25_qp_12.pdf
https://pastpapers.co/caie/igcse/economics-0455/2025-may-june/0455_s25_qp_13.pdf,Question Banks/Cambridge Curricula/IGCSE/Economics (0455)/2025/May-June (Variant 3),0455_s25_qp_13.pdf,,http,,QPQuestion Paper 1 (v3),https://pastpapers.co/caie/igcse/economics-0455/2025-may-june/0455_s25_qp_12.pdf
https://pastpapers.co/caie/igcse/economics-0455/2025-may-june/0455_s25_qp_21.pdf,Question Banks/Cambridge Curricula/IGCSE/Economics (0455)/2025/May-June (Variant 1),0455_s25_qp_21.pdf,,http,,QPQuestion Paper 2 (v1),https://pastpapers.co/caie/igcse/economics-0455/2025-may-june/0455_s25_qp_12.pdf
https://pastpapers.co/caie/igcse/economics-0455/2025-may-june/0455_s25_qp_22.pdf,Question Banks/Cambridge Curricula/IGCSE/Economics (0455)/2025/May-June (Variant 2),0455_s25_qp_22.pdf,,http,,QPQuestion Paper 2 (v2),https://pastpapers.co/caie/igcse/economics-0455/2025-may-june/0455_s25_qp_12.pdf
https://pastpapers.co/caie/igcse/economics-0455/2025-may-june/0455_s25_qp_23.pdf,Question Banks/Cambridge Curricula/IGCSE/Economics (0455)/2025/May-June (Variant 3),0455_s25_qp_23.pdf,,http,,QPQuestion Paper 2 (v3),https://pastpapers.co/caie/igcse/economics-0455/2025-may-june/0455_s25_qp_12.pdf
https://pastpapers.co/caie/igcse/economics-0455/2020-oct-nov/0455_w20_qp_11.pdf,Question Banks/Cambridge Curricula/IGCSE/Economics (0455)/2020/Oct-Nov (Variant 1),0455_w20_qp_11.pdf,,http,,QPQuestion Paper 1 (v1),https://pastpapers.co/caie/igcse/economics-0455/2020-oct-nov/0455_w20_qp_12.pdf
https://pastpapers.co/api/file/caie/igcse/economics-0455/2020-oct-nov/0455_w20_qp_12.pdf,Question Banks/Cambridge Curricula/IGCSE/Economics (0455)/2020/Oct-Nov (Variant 2),0455_w20_qp_12.pdf,,http,https://pastpapers.co/api/file/caie/igcse/economics-0455/2020-oct-nov/0455_w20_qp_12.pdf?download=1,,https://pastpapers.co/caie/igcse/economics-0455/2020-oct-nov/0455_w20_qp_12.pdf
https://pastpapers.co/caie/igcse/economics-0455/2020-oct-nov/0455_w20_qp_13.pdf,Question Banks/Cambridge Curricula/IGCSE/Economics (0455)/2020/Oct-Nov (Variant 3),0455_w20_qp_13.pdf,,http,,QPQuestion Paper 1 (v3),https://pastpapers.co/caie/igcse/economics-0455/2020-oct-nov/0455_w20_qp_12.pdf
https://pastpapers.co/caie/igcse/economics-0455/2020-oct-nov/0455_w20_qp_21.pdf,Question Banks/Cambridge Curricula/IGCSE/Economics (0455)/2020/Oct-Nov (Variant 1),0455_w20_qp_21.pdf,,http,,QPQuestion Paper 2 (v1),https://pastpapers.co/caie/igcse/economics-0455/2020-oct-nov/0455_w20_qp_12.pdf
https://pastpapers.co/caie/igcse/economics-0455/2020-oct-nov/0455_w20_qp_22.pdf,Question Banks/Cambridge Curricula/IGCSE/Economics (0455)/2020/Oct-Nov (Variant 2),0455_w20_qp_22.pdf,,http,,QPQuestion Paper 2 (v2),https://pastpapers.co/caie/igcse/economics-0455/2020-oct-nov/0455_w20_qp_12.pdf
https://pastpapers.co/caie/igcse/economics-0455/2020-oct-nov/0455_w20_qp_23.pdf,Question Banks/Cambridge Curricula/IGCSE/Economics (0455)/2020/Oct-Nov (Variant 3),0455_w20_qp_23.pdf,,http,,QPQuestion Paper 2 (v3),https://pastpapers.co/caie/igcse/economics-0455/2020-oct-nov/0455_w20_qp_12.pdf
https://pastpapers.co/caie/igcse/economics-0455/2021-oct-nov/0455_w21_qp_11.pdf,Question Banks/Cambridge Curricula/IGCSE/Economics (0455)/2021/Oct-Nov (Variant 1),0455_w21_qp_11.pdf,,http,,QPQuestion Paper 1 (v1),https://pastpapers.co/caie/igcse/economics-0455/2021-oct-nov/0455_w21_qp_12.pdf
https://pastpapers.co/api/file/caie/igcse/economics-0455/2021-oct-nov/0455_w21_qp_12.pdf,Question Banks/Cambridge Curricula/IGCSE/Economics (0455)/2021/Oct-Nov (Variant 2),0455_w21_qp_12.pdf,,http,https://pastpapers.co/api/file/caie/igcse/economics-0455/2021-oct-nov/0455_w21_qp_12.pdf?download=1,,https://pastpapers.co/caie/igcse/economics-0455/2021-oct-nov/0455_w21_qp_12.pdf
https://pastpapers.co/caie/igcse/economics-0455/2021-oct-nov/0455_w21_qp_13.pdf,Question Banks/Cambridge Curricula/IGCSE/Economics (0455)/2021/Oct-Nov (Variant 3),0455_w21_qp_13.pdf,,http,,QPQuestion Paper 1 (v3),https://pastpapers.co/caie/igcse/economics-0455/2021-oct-nov/0455_w21_qp_12.pdf
https://pastpapers.co/caie/igcse/economics-0455/2021-oct-nov/0455_w21_qp_21.pdf,Question Banks/Cambridge Curricula/IGCSE/Economics (0455)/2021/Oct-Nov (Variant 1),0455_w21_qp_21.pdf,,http,,QPQuestion Paper 2 (v1),https://pastpapers.co/caie/igcse/economics-0455/2021-oct-nov/0455_w21_qp_12.pdf
https://pastpapers.co/caie/igcse/economics-0455/2021-oct-nov/0455_w21_qp_22.pdf,Question Banks/Cambridge Curricula/IGCSE/Economics (0455)/2021/Oct-Nov (Variant 2),0455_w21_qp_22.pdf,,http,,QPQuestion Paper 2 (v2),https://pastpapers.co/caie/igcse/economics-0455/2021-oct-nov/0455_w21_qp_12.pdf
https://pastpapers.co/caie/igcse/economics-0455/2021-oct-nov/0455_w21_qp_23.pdf,Question Banks/Cambridge Curricula/IGCSE/Economics (0455)/2021/Oct-Nov (Variant 3),0455_w21_qp_23.pdf,,http,,QPQuestion Paper 2 (v3),https://pastpapers.co/caie/igcse/economics-0455/2021-oct-nov/0455_w21_qp_12.pdf
https://pastpapers.co/caie/igcse/economics-0455/2022-oct-nov/0455_w22_qp_11.pdf,Question Banks/Cambridge Curricula/IGCSE/Economics (0455)/2022/Oct-Nov (Variant 1),0455_w22_qp_11.pdf,,http,,QPQuestion Paper 1 (v1),https://pastpapers.co/caie/igcse/economics-0455/2022-oct-nov/0455_w22_qp_12.pdf
https://pastpapers.co/api/file/caie/igcse/economics-0455/2022-oct-nov/0455_w22_qp_12.pdf,Question Banks/Cambridge Curricula/IGCSE/Economics (0455)/2022/Oct-Nov (Variant 2),0455_w22_qp_12.pdf,,http,https://pastpapers.co/api/file/caie/igcse/economics-0455/2022-oct-nov/0455_w22_qp_12.pdf?download=1,,https://pastpapers.co/caie/igcse/economics-0455/2022-oct-nov/0455_w22_qp_12.pdf
https://pastpapers.co/caie/igcse/economics-0455/2022-oct-nov/0455_w22_qp_13.pdf,Question Banks/Cambridge Curricula/IGCSE/Economics (0455)/2022/Oct-Nov (Variant 3),0455_w22_qp_13.pdf,,http,,QPQuestion Paper 1 (v3),https://pastpapers.co/caie/igcse/economics-0455/2022-oct-nov/0455_w22_qp_12.pdf
https://pastpapers.co/caie/igcse/economics-0455/2022-oct-nov/0455_w22_qp_21.pdf,Question Banks/Cambridge Curricula/IGCSE/Economics (0455)/2022/Oct-Nov (Variant 1),0455_w22_qp_21.pdf,,http,,QPQuestion Paper 2 (v1),https://pastpapers.co/caie/igcse/economics-0455/2022-oct-nov/0455_w22_qp_12.pdf
https://pastpapers.co/caie/igcse/economics-0455/2022-oct-nov/0455_w22_qp_22.pdf,Question Banks/Cambridge Curricula/IGCSE/Economics (0455)/2022/Oct-Nov (Variant 2),0455_w22_qp_22.pdf,,http,,QPQuestion Paper 2 (v2),https://pastpapers.co/caie/igcse/economics-0455/2022-oct-nov/0455_w22_qp_12.pdf
https://pastpapers.co/caie/igcse/economics-0455/2022-oct-nov/0455_w22_qp_23.pdf,Question Banks/Cambridge Curricula/IGCSE/Economics (0455)/2022/Oct-Nov (Variant 3),0455_w22_qp_23.pdf,,http,,QPQuestion Paper 2 (v3),https://pastpapers.co/caie/igcse/economics-0455/2022-oct-nov/0455_w22_qp_12.pdf
https://pastpapers.co/caie/igcse/economics-0455/2023-oct-nov/0455_w23_qp_11.pdf,Question Banks/Cambridge Curricula/IGCSE/Economics (0455)/2023/Oct-Nov (Variant 1),0455_w23_qp_11.pdf,,http,,QPQuestion Paper 1 (v1),https://pastpapers.co/caie/igcse/economics-0455/2023-oct-nov/0455_w23_qp_12.pdf
https://pastpapers.co/api/file/caie/igcse/economics-0455/2023-oct-nov/0455_w23_qp_12.pdf,Question Banks/Cambridge Curricula/IGCSE/Economics (0455)/2023/Oct-Nov (Variant 2),0455_w23_qp_12.pdf,,http,https://pastpapers.co/api/file/caie/igcse/economics-0455/2023-oct-nov/0455_w23_qp_12.pdf?download=1,,https://pastpapers.co/caie/igcse/economics-0455/2023-oct-nov/0455_w23_qp_12.pdf
https://pastpapers.co/caie/igcse/economics-0455/2023-oct-nov/0455_w23_qp_13.pdf,Question Banks/Cambridge Curricula/IGCSE/Economics (0455)/2023/Oct-Nov (Variant 3),0455_w23_qp_13.pdf,,http,,QPQuestion Paper 1 (v3),https://pastpapers.co/caie/igcse/economics-0455/2023-oct-nov/0455_w23_qp_12.pdf
https://pastpapers.co/caie/igcse/economics-0455/2023-oct-nov/0455_w23_qp_21.pdf,Question Banks/Cambridge Curricula/IGCSE/Economics (0455)/2023/Oct-Nov (Variant 1),0455_w23_qp_21.pdf,,http,,QPQuestion Paper 2 (v1),https://pastpapers.co/caie/igcse/economics-0455/2023-oct-nov/0455_w23_qp_12.pdf
https://pastpapers.co/caie/igcse/economics-0455/2023-oct-nov/0455_w23_qp_22.pdf,Question Banks/Cambridge Curricula/IGCSE/Economics (0455)/2023/Oct-Nov (Variant 2),0455_w23_qp_22.pdf,,http,,QPQuestion Paper 2 (v2),https://pastpapers.co/caie/igcse/economics-0455/2023-oct-nov/0455_w23_qp_12.pdf
https://pastpapers.co/caie/igcse/economics-0455/2023-oct-nov/0455_w23_qp_23.pdf,Question Banks/Cambridge Curricula/IGCSE/Economics (0455)/2023/Oct-Nov (Variant 3),0455_w23_qp_23.pdf,,http,,QPQuestion Paper 2 (v3),https://pastpapers.co/caie/igcse/economics-0455/2023-oct-nov/0455_w23_qp_12.pdf
https://pastpapers.co/caie/igcse/economics-0455/2024-oct-nov/0455_w24_qp_11.pdf,Question Banks/Cambridge Curricula/IGCSE/Economics (0455)/2024/Oct-Nov (Variant 1),0455_w24_qp_11.pdf,,http,,QPQuestion Paper 1 (v1),https://pastpapers.co/caie/igcse/economics-0455/2024-oct-nov/0455_w24_qp_12.pdf
https://pastpapers.co/api/file/caie/igcse/economics-0455/2024-oct-nov/0455_w24_qp_12.pdf,Question Banks/Cambridge Curricula/IGCSE/Economics (0455)/2024/Oct-Nov (Variant 2),0455_w24_qp_12.pdf,,http,https://pastpapers.co/api/file/caie/igcse/economics-0455/2024-oct-nov/0455_w24_qp_12.pdf?download=1,,https://pastpapers.co/caie/igcse/economics-0455/2024-oct-nov/0455_w24_qp_12.pdf
https://pastpapers.co/caie/igcse/economics-0455/2024-oct-nov/0455_w24_qp_13.pdf,Question Banks/Cambridge Curricula/IGCSE/Economics (0455)/2024/Oct-Nov (Variant 3),0455_w24_qp_13.pdf,,http,,QPQuestion Paper 1 (v3),https://pastpapers.co/caie/igcse/economics-0455/2024-oct-nov/0455_w24_qp_12.pdf
https://pastpapers.co/caie/igcse/economics-0455/2024-oct-nov/0455_w24_qp_21.pdf,Question Banks/Cambridge Curricula/IGCSE/Economics (0455)/2024/Oct-Nov (Variant 1),0455_w24_qp_21.pdf,,http,,QPQuestion Paper 2 (v1),https://pastpapers.co/caie/igcse/economics-0455/2024-oct-nov/0455_w24_qp_12.pdf
https://pastpapers.co/caie/igcse/economics-0455/2024-oct-nov/0455_w24_qp_22.pdf,Question Banks/Cambridge Curricula/IGCSE/Economics (0455)/2024/Oct-Nov (Variant 2),0455_w24_qp_22.pdf,,http,,QPQuestion Paper 2 (v2),https://pastpapers.co/caie/igcse/economics-0455/2024-oct-nov/0455_w24_qp_12.pdf
https://pastpapers.co/caie/igcse/economics-0455/2024-oct-nov/0455_w24_qp_23.pdf,Question Banks/Cambridge Curricula/IGCSE/Economics (0455)/2024/Oct-Nov (Variant 3),0455_w24_qp_23.pdf,,http,,QPQuestion Paper 2 (v3),https://pastpapers.co/caie/igcse/economics-0455/2024-oct-nov/0455_w24_qp_12.pdf
https://pastpapers.co/caie/igcse/economics-0455/2025-oct-nov/0455_w25_qp_11.pdf,Question Banks/Cambridge Curricula/IGCSE/Economics (0455)/2025/Oct-Nov (Variant 1),0455_w25_qp_11.pdf,,http,,QPQuestion Paper 1 (v1),https://pastpapers.co/caie/igcse/economics-0455/2025-oct-nov/0455_w25_qp_12.pdf
https://pastpapers.co/api/file/caie/igcse/economics-0455/2025-oct-nov/0455_w25_qp_12.pdf,Question Banks/Cambridge Curricula/IGCSE/Economics (0455)/2025/Oct-Nov (Variant 2),0455_w25_qp_12.pdf,,http,https://pastpapers.co/api/file/caie/igcse/economics-0455/2025-oct-nov/0455_w25_qp_12.pdf?download=1,,https://pastpapers.co/caie/igcse/economics-0455/2025-oct-nov/0455_w25_qp_12.pdf
https://pastpapers.co/caie/igcse/economics-0455/2025-oct-nov/0455_w25_qp_13.pdf,Question Banks/Cambridge Curricula/IGCSE/Economics (0455)/2025/Oct-Nov (Variant 3),0455_w25_qp_13.pdf,,http,,QPQuestion Paper 1 (v3),https://pastpapers.co/caie/igcse/economics-0455/2025-oct-nov/0455_w25_qp_12.pdf
https://pastpapers.co/caie/igcse/economics-0455/2025-oct-nov/0455_w25_qp_21.pdf,Question Banks/Cambridge Curricula/IGCSE/Economics (0455)/2025/Oct-Nov (Variant 1),0455_w25_qp_21.pdf,,http,,QPQuestion Paper 2 (v1),https://pastpapers.co/caie/igcse/economics-0455/2025-oct-nov/0455_w25_qp_12.pdf
https://pastpapers.co/caie/igcse/economics-0455/2025-oct-nov/0455_w25_qp_22.pdf,Question Banks/Cambridge Curricula/IGCSE/Economics (0455)/2025/Oct-Nov (Variant 2),0455_w25_qp_22.pdf,,http,,QPQuestion Paper 2 (v2),https://pastpapers.co/caie/igcse/economics-0455/2025-oct-nov/0455_w25_qp_12.pdf
https://pastpapers.co/caie/igcse/economics-0455/2025-oct-nov/0455_w25_qp_23.pdf,Question Banks/Cambridge Curricula/IGCSE/Economics (0455)/2025/Oct-Nov (Variant 3),0455_w25_qp_23.pdf,,http,,QPQuestion Paper 2 (v3),https://pastpapers.co/caie/igcse/economics-0455/2025-oct-nov/0455_w25_qp_12.pdf
https://pastpapers.co/caie/igcse/business-studies-0450/2021-march/0450_m21_in_22.pdf,Question Banks/Cambridge Curricula/IGCSE/Business Studies (0450)/2021/March (Variant 2),0450_m21_in_22.pdf,,http,,INInsert 2 (v2),https://pastpapers.co/caie/igcse/business-studies-0450/2021-march/0450_m21_qp_12.pdf
https://pastpapers.co/caie/igcse/business-studies-0450/2023-march/0450_m23_in_22.pdf,Question Banks/Cambridge Curricula/IGCSE/Business Studies (0450)/2023/March (Variant 2),0450_m23_in_22.pdf,,http,,INInsert 2 (v2),https://pastpapers.co/caie/igcse/business-studies-0450/2023-march/0450_m23_qp_12.pdf
https://pastpapers.co/caie/igcse/business-studies-0450/2024-march/0450_m24_in_22.pdf,Question Banks/Cambridge Curricula/IGCSE/Business Studies (0450)/2024/March (Variant 2),0450_m24_in_22.pdf,,http,,INInsert 2 (v2),https://pastpapers.co/caie/igcse/business-studies-0450/2024-march/0450_m24_qp_12.pdf
https://pastpapers.co/caie/igcse/business-studies-0450/2025-march/0450_m25_in_22.pdf,Question Banks/Cambridge Curricula/IGCSE/Business Studies (0450)/2025/March (Variant 2),0450_m25_in_22.pdf,,http,,INInsert 2 (v2),https://pastpapers.co/caie/igcse/business-studies-0450/2025-march/0450_m25_qp_12.pdf
https://pastpapers.co/caie/igcse/business-studies-0450/2020-may-june/0450_s20_in_21.pdf,Question Banks/Cambridge Curricula/IGCSE/Business Studies (0450)/2020/May-June (Variant 1),0450_s20_in_21.pdf,,http,,INInsert 2 (v1),https://pastpapers.co/caie/igcse/business-studies-0450/2020-may-june/0450_s20_qp_12.pdf
https://pastpapers.co/caie/igcse/business-studies-0450/2020-may-june/0450_s20_in_22.pdf,Question Banks/Cambridge Curricula/IGCSE/Business Studies (0450)/2020/May-June (Variant 2),0450_s20_in_22.pdf,,http,,INInsert 2 (v2),https://pastpapers.co/caie/igcse/business-studies-0450/2020-may-june/0450_s20_qp_12.pdf
https://pastpapers.co/caie/igcse/business-studies-0450/2020-may-june/0450_s20_in_23.pdf,Question Banks/Cambridge Curricula/IGCSE/Business Studies (0450)/2020/May-June (Variant 3),0450_s20_in_23.pdf,,http,,INInsert 2 (v3),https://pastpapers.co/caie/igcse/business-studies-0450/2020-may-june/0450_s20_qp_12.pdf
https://pastpapers.co/caie/igcse/business-studies-0450/2021-may-june/0450_s21_in_21.pdf,Question Banks/Cambridge Curricula/IGCSE/Business Studies (0450)/2021/May-June (Variant 1),0450_s21_in_21.pdf,,http,,INInsert 2 (v1),https://pastpapers.co/caie/igcse/business-studies-0450/2021-may-june/0450_s21_qp_12.pdf
https://pastpapers.co/caie/igcse/business-studies-0450/2021-may-june/0450_s21_in_22.pdf,Question Banks/Cambridge Curricula/IGCSE/Business Studies (0450)/2021/May-June (Variant 2),0450_s21_in_22.pdf,,http,,INInsert 2 (v2),https://pastpapers.co/caie/igcse/business-studies-0450/2021-may-june/0450_s21_qp_12.pdf
https://pastpapers.co/caie/igcse/business-studies-0450/2021-may-june/0450_s21_in_23.pdf,Question Banks/Cambridge Curricula/IGCSE/Business Studies (0450)/2021/May-June (Variant 3),0450_s21_in_23.pdf,,http,,INInsert 2 (v3),https://pastpapers.co/caie/igcse/business-studies-0450/2021-may-june/0450_s21_qp_12.pdf
https://pastpapers.co/caie/igcse/business-studies-0450/2022-may-june/0450_s22_in_21.pdf,Question Banks/Cambridge Curricula/IGCSE/Business Studies (0450)/2022/May-June (Variant 1),0450_s22_in_21.pdf,,http,,INInsert 2 (v1),https://pastpapers.co/caie/igcse/business-studies-0450/2022-may-june/0450_s22_qp_12.pdf
https://pastpapers.co/caie/igcse/business-studies-0450/2022-may-june/0450_s22_in_22.pdf,Question Banks/Cambridge Curricula/IGCSE/Business Studies (0450)/2022/May-June (Variant 2),0450_s22_in_22.pdf,,http,,INInsert 2 (v2),https://pastpapers.co/caie/igcse/business-studies-0450/2022-may-june/0450_s22_qp_12.pdf
https://pastpapers.co/caie/igcse/business-studies-0450/2022-may-june/0450_s22_in_23.pdf,Question Banks/Cambridge Curricula/IGCSE/Business Studies (0450)/2022/May-June (Variant 3),0450_s22_in_23.pdf,,http,,INInsert 2 (v3),https://pastpapers.co/caie/igcse/business-studies-0450/2022-may-june/0450_s22_qp_12.pdf
https://pastpapers.co/caie/igcse/business-studies-0450/2023-may-june/0450_s23_in_21.pdf,Question Banks/Cambridge Curricula/IGCSE/Business Studies (0450)/2023/May-June (Variant 1),0450_s23_in_21.pdf,,http,,INInsert 2 (v1),https://pastpapers.co/caie/igcse/business-studies-0450/2023-may-june/0450_s23_qp_12.pdf
https://pastpapers.co/caie/igcse/business-studies-0450/2023-may-june/0450_s23_in_22.pdf,Question Banks/Cambridge Curricula/IGCSE/Business Studies (0450)/2023/May-June (Variant 2),0450_s23_in_22.pdf,,http,,INInsert 2 (v2),https://pastpapers.co/caie/igcse/business-studies-0450/2023-may-june/0450_s23_qp_12.pdf
https://pastpapers.co/caie/igcse/business-studies-0450/2023-may-june/0450_s23_in_23.pdf,Question Banks/Cambridge Curricula/IGCSE/Business Studies (0450)/2023/May-June (Variant 3),0450_s23_in_23.pdf,,http,,INInsert 2 (v3),https://pastpapers.co/caie/igcse/business-studies-0450/2023-may-june/0450_s23_qp_12.pdf
https://pastpapers.co/caie/igcse/business-studies-0450/2024-may-june/0450_s24_in_21.pdf,Question Banks/Cambridge Curricula/IGCSE/Business Studies (0450)/2024/May-June (Variant 1),0450_s24_in_21.pdf,,http,,INInsert 2 (v1),https://pastpapers.co/caie/igcse/business-studies-0450/2024-may-june/0450_s24_qp_12.pdf
https://pastpapers.co/caie/igcse/business-studies-0450/2024-may-june/0450_s24_in_22.pdf,Question Banks/Cambridge Curricula/IGCSE/Business Studies (0450)/2024/May-June (Variant 2),0450_s24_in_22.pdf,,http,,INInsert 2 (v2),https://pastpapers.co/caie/igcse/business-studies-0450/2024-may-june/0450_s24_qp_12.pdf
https://pastpapers.co/caie/igcse/business-studies-0450/2024-may-june/0450_s24_in_23.pdf,Question Banks/Cambridge Curricula/IGCSE/Business Studies (0450)/2024/May-June (Variant 3),0450_s24_in_23.pdf,,http,,INInsert 2 (v3),https://pastpapers.co/caie/igcse/business-studies-0450/2024-may-june/0450_s24_qp_12.pdf
https://pastpapers.co/caie/igcse/business-studies-0450/2025-may-june/0450_s25_in_21.pdf,Question Banks/Cambridge Curricula/IGCSE/Business Studies (0450)/2025/May-June (Variant 1),0450_s25_in_21.pdf,,http,,INInsert 2 (v1),https://pastpapers.co/caie/igcse/business-studies-0450/2025-may-june/0450_s25_qp_12.pdf
https://pastpapers.co/caie/igcse/business-studies-0450/2025-may-june/0450_s25_in_22.pdf,Question Banks/Cambridge Curricula/IGCSE/Business Studies (0450)/2025/May-June (Variant 2),0450_s25_in_22.pdf,,http,,INInsert 2 (v2),https://pastpapers.co/caie/igcse/business-studies-0450/2025-may-june/0450_s25_qp_12.pdf
https://pastpapers.co/caie/igcse/business-studies-0450/2025-may-june/0450_s25_in_23.pdf,Question Banks/Cambridge Curricula/IGCSE/Business Studies (0450)/2025/May-June (Variant 3),0450_s25_in_23.pdf,,http,,INInsert 2 (v3),https://pastpapers.co/caie/igcse/business-studies-0450/2025-may-june/0450_s25_qp_12.pdf
https://pastpapers.co/caie/igcse/business-studies-0450/2020-oct-nov/0450_w20_in_21.pdf,Question Banks/Cambridge Curricula/IGCSE/Business Studies (0450)/2020/Oct-Nov (Variant 1),0450_w20_in_21.pdf,,http,,INInsert 2 (v1),https://pastpapers.co/caie/igcse/business-studies-0450/2020-oct-nov/0450_w20_qp_12.pdf
https://pastpapers.co/caie/igcse/business-studies-0450/2020-oct-nov/0450_w20_in_22.pdf,Question Banks/Cambridge Curricula/IGCSE/Business Studies (0450)/2020/Oct-Nov (Variant 2),0450_w20_in_22.pdf,,http,,INInsert 2 (v2),https://pastpapers.co/caie/igcse/business-studies-0450/2020-oct-nov/0450_w20_qp_12.pdf
https://pastpapers.co/caie/igcse/business-studies-0450/2020-oct-nov/0450_w20_in_23.pdf,Question Banks/Cambridge Curricula/IGCSE/Business Studies (0450)/2020/Oct-Nov (Variant 3),0450_w20_in_23.pdf,,http,,INInsert 2 (v3),https://pastpapers.co/caie/igcse/business-studies-0450/2020-oct-nov/0450_w20_qp_12.pdf
https://pastpapers.co/caie/igcse/business-studies-0450/2021-oct-nov/0450_w21_in_21.pdf,Question Banks/Cambridge Curricula/IGCSE/Business Studies (0450)/2021/Oct-Nov (Variant 1),0450_w21_in_21.pdf,,http,,INInsert 2 (v1),https://pastpapers.co/caie/igcse/business-studies-0450/2021-oct-nov/0450_w21_qp_12.pdf
https://pastpapers.co/caie/igcse/business-studies-0450/2021-oct-nov/0450_w21_in_22.pdf,Question Banks/Cambridge Curricula/IGCSE/Business Studies (0450)/2021/Oct-Nov (Variant 2),0450_w21_in_22.pdf,,http,,INInsert 2 (v2),https://pastpapers.co/caie/igcse/business-studies-0450/2021-oct-nov/0450_w21_qp_12.pdf
https://pastpapers.co/caie/igcse/business-studies-0450/2021-oct-nov/0450_w21_in_23.pdf,Question Banks/Cambridge Curricula/IGCSE/Business Studies (0450)/2021/Oct-Nov (Variant 3),0450_w21_in_23.pdf,,http,,INInsert 2 (v3),https://pastpapers.co/caie/igcse/business-studies-0450/2021-oct-nov/0450_w21_qp_12.pdf
https://pastpapers.co/caie/igcse/business-studies-0450/2022-oct-nov/0450_w22_in_21.pdf,Question Banks/Cambridge Curricula/IGCSE/Business Studies (0450)/2022/Oct-Nov (Variant 1),0450_w22_in_21.pdf,,http,,INInsert 2 (v1),https://pastpapers.co/caie/igcse/business-studies-0450/2022-oct-nov/0450_w22_qp_12.pdf
https://pastpapers.co/caie/igcse/business-studies-0450/2022-oct-nov/0450_w22_in_22.pdf,Question Banks/Cambridge Curricula/IGCSE/Business Studies (0450)/2022/Oct-Nov (Variant 2),0450_w22_in_22.pdf,,http,,INInsert 2 (v2),https://pastpapers.co/caie/igcse/business-studies-0450/2022-oct-nov/0450_w22_qp_12.pdf
https://pastpapers.co/caie/igcse/business-studies-0450/2022-oct-nov/0450_w22_in_23.pdf,Question Banks/Cambridge Curricula/IGCSE/Business Studies (0450)/2022/Oct-Nov (Variant 3),0450_w22_in_23.pdf,,http,,INInsert 2 (v3),https://pastpapers.co/caie/igcse/business-studies-0450/2022-oct-nov/0450_w22_qp_12.pdf
https://pastpapers.co/caie/igcse/business-studies-0450/2023-oct-nov/0450_w23_in_21.pdf,Question Banks/Cambridge Curricula/IGCSE/Business Studies (0450)/2023/Oct-Nov (Variant 1),0450_w23_in_21.pdf,,http,,INInsert 2 (v1),https://pastpapers.co/caie/igcse/business-studies-0450/2023-oct-nov/0450_w23_qp_12.pdf
https://pastpapers.co/caie/igcse/business-studies-0450/2023-oct-nov/0450_w23_in_22.pdf,Question Banks/Cambridge Curricula/IGCSE/Business Studies (0450)/2023/Oct-Nov (Variant 2),0450_w23_in_22.pdf,,http,,INInsert 2 (v2),https://pastpapers.co/caie/igcse/business-studies-0450/2023-oct-nov/0450_w23_qp_12.pdf
https://pastpapers.co/caie/igcse/business-studies-0450/2023-oct-nov/0450_w23_in_23.pdf,Question Banks/Cambridge Curricula/IGCSE/Business Studies (0450)/2023/Oct-Nov (Variant 3),0450_w23_in_23.pdf,,http,,INInsert 2 (v3),https://pastpapers.co/caie/igcse/business-studies-0450/2023-oct-nov/0450_w23_qp_12.pdf
https://pastpapers.co/caie/igcse/business-studies-0450/2024-oct-nov/0450_w24_in_21.pdf,Question Banks/Cambridge Curricula/IGCSE/Business Studies (0450)/2024/Oct-Nov (Variant 1),0450_w24_in_21.pdf,,http,,INInsert 2 (v1),https://pastpapers.co/caie/igcse/business-studies-0450/2024-oct-nov/0450_w24_qp_12.pdf
https://pastpapers.co/caie/igcse/business-studies-0450/2024-oct-nov/0450_w24_in_22.pdf,Question Banks/Cambridge Curricula/IGCSE/Business Studies (0450)/2024/Oct-Nov (Variant 2),0450_w24_in_22.pdf,,http,,INInsert 2 (v2),https://pastpapers.co/caie/igcse/business-studies-0450/2024-oct-nov/0450_w24_qp_12.pdf
https://pastpapers.co/caie/igcse/business-studies-0450/2024-oct-nov/0450_w24_in_23.pdf,Question Banks/Cambridge Curricula/IGCSE/Business Studies (0450)/2024/Oct-Nov (Variant 3),0450_w24_in_23.pdf,,http,,INInsert 2 (v3),https://pastpapers.co/caie/igcse/business-studies-0450/2024-oct-nov/0450_w24_qp_12.pdf
https://pastpapers.co/caie/igcse/business-studies-0450/2025-oct-nov/0450_w25_in_21.pdf,Question Banks/Cambridge Curricula/IGCSE/Business Studies (0450)/2025/Oct-Nov (Variant 1),0450_w25_in_21.pdf,,http,,INInsert 2 (v1),https://pastpapers.co/caie/igcse/business-studies-0450/2025-oct-nov/0450_w25_qp_12.pdf
https://pastpapers.co/caie/igcse/business-studies-0450/2025-oct-nov/0450_w25_in_22.pdf,Question Banks/Cambridge Curricula/IGCSE/Business Studies (0450)/2025/Oct-Nov (Variant 2),0450_w25_in_22.pdf,,http,,INInsert 2 (v2),https://pastpapers.co/caie/igcse/business-studies-0450/2025-oct-nov/0450_w25_qp_12.pdf
https://pastpapers.co/caie/igcse/business-studies-0450/2025-oct-nov/0450_w25_in_23.pdf,Question Banks/Cambridge Curricula/IGCSE/Business Studies (0450)/2025/Oct-Nov (Variant 3),0450_w25_in_23.pdf,,http,,INInsert 2 (v3),https://pastpapers.co/caie/igcse/business-studies-0450/2025-oct-nov/0450_w25_qp_12.pdf
https://pastpapers.co/caie/igcse/business-studies-0450/2021-march/0450_m21_gt.pdf,Question Banks/Cambridge Curricula/IGCSE/Business Studies (0450)/Grade Thresholds/2021,0450_m21_gt.pdf,,http,,GTGrade Thresholds,https://pastpapers.co/caie/igcse/business-studies-0450/2021-march/0450_m21_qp_12.pdf
https://pastpapers.co/caie/igcse/business-studies-0450/2023-march/0450_m23_gt.pdf,Question Banks/Cambridge Curricula/IGCSE/Business Studies (0450)/Grade Thresholds/2023,0450_m23_gt.pdf,,http,,GTGrade Thresholds,https://pastpapers.co/caie/igcse/business-studies-0450/2023-march/0450_m23_qp_12.pdf
https://pastpapers.co/caie/igcse/business-studies-0450/2024-march/0450_m24_gt.pdf,Question Banks/Cambridge Curricula/IGCSE/Business Studies (0450)/Grade Thresholds/2024,0450_m24_gt.pdf,,http,,GTGrade Thresholds,https://pastpapers.co/caie/igcse/business-studies-0450/2024-march/0450_m24_qp_12.pdf
https://pastpapers.co/caie/igcse/business-studies-0450/2025-march/0450_m25_gt.pdf,Question Banks/Cambridge Curricula/IGCSE/Business Studies (0450)/Grade Thresholds/2025,0450_m25_gt.pdf,,http,,GTGrade Thresholds,https://pastpapers.co/caie/igcse/business-studies-0450/2025-march/0450_m25_qp_12.pdf
https://pastpapers.co/caie/igcse/business-studies-0450/2021-may-june/0450_s21_gt.pdf,Question Banks/Cambridge Curricula/IGCSE/Business Studies (0450)/Grade Thresholds/2021,0450_s21_gt.pdf,,http,,GTGrade Thresholds,https://pastpapers.co/caie/igcse/business-studies-0450/2021-may-june/0450_s21_qp_12.pdf
https://pastpapers.co/caie/igcse/business-studies-0450/2022-may-june/0450_s22_gt.pdf,Question Banks/Cambridge Curricula/IGCSE/Business Studies (0450)/Grade Thresholds/2022,0450_s22_gt.pdf,,http,,GTGrade Thresholds,https://pastpapers.co/caie/igcse/business-studies-0450/2022-may-june/0450_s22_qp_12.pdf
https://pastpapers.co/caie/igcse/business-studies-0450/2023-may-june/0450_s23_gt.pdf,Question Banks/Cambridge Curricula/IGCSE/Business Studies (0450)/Grade Thresholds/2023,0450_s23_gt.pdf,,http,,GTGrade Thresholds,https://pastpapers.co/caie/igcse/business-studies-0450/2023-may-june/0450_s23_qp_12.pdf
https://pastpapers.co/caie/igcse/business-studies-0450/2024-may-june/0450_s24_gt.pdf,Question Banks/Cambridge Curricula/IGCSE/Business Studies (0450)/Grade Thresholds/2024,0450_s24_gt.pdf,,http,,GTGrade Thresholds,https://pastpapers.co/caie/igcse/business-studies-0450/2024-may-june/0450_s24_qp_12.pdf
https://pastpapers.co/caie/igcse/business-studies-0450/2025-may-june/0450_s25_gt.pdf,Question Banks/Cambridge Curricula/IGCSE/Business Studies (0450)/Grade Thresholds/2025,0450_s25_gt.pdf,,http,,GTGrade Thresholds,https://pastpapers.co/caie/igcse/business-studies-0450/2025-may-june/0450_s25_qp_12.pdf
https://pastpapers.co/caie/igcse/business-studies-0450/2020-oct-nov/0450_w20_gt.pdf,Question Banks/Cambridge Curricula/IGCSE/Business Studies (0450)/Grade Thresholds/2020,0450_w20_gt.pdf,,http,,GTGrade Thresholds,https://pastpapers.co/caie/igcse/business-studies-0450/2020-oct-nov/0450_w20_qp_12.pdf
https://pastpapers.co/caie/igcse/business-studies-0450/2021-oct-nov/0450_w21_gt.pdf,Question Banks/Cambridge Curricula/IGCSE/Business Studies (0450)/Grade Thresholds/2021,0450_w21_gt.pdf,,http,,GTGrade Thresholds,https://pastpapers.co/caie/igcse/business-studies-0450/2021-oct-nov/0450_w21_qp_12.pdf
https://pastpapers.co/caie/igcse/business-studies-0450/2022-oct-nov/0450_w22_gt.pdf,Question Banks/Cambridge Curricula/IGCSE/Business Studies (0450)/Grade Thresholds/2022,0450_w22_gt.pdf,,http,,GTGrade Thresholds,https://pastpapers.co/caie/igcse/business-studies-0450/2022-oct-nov/0450_w22_qp_12.pdf
https://pastpapers.co/caie/igcse/business-studies-0450/2024-oct-nov/0450_w24_gt.pdf,Question Banks/Cambridge Curricula/IGCSE/Business Studies (0450)/Grade Thresholds/2024,0450_w24_gt.pdf,,http,,GTGrade Thresholds,https://pastpapers.co/caie/igcse/business-studies-0450/2024-oct-nov/0450_w24_qp_12.pdf
https://pastpapers.co/caie/igcse/business-studies-0450/2025-oct-nov/0450_w25_gt.pdf,Question Banks/Cambridge Curricula/IGCSE/Business Studies (0450)/Grade Thresholds/2025,0450_w25_gt.pdf,,http,,GTGrade Thresholds,https://pastpapers.co/caie/igcse/business-studies-0450/2025-oct-nov/0450_w25_qp_12.pdf
https://pastpapers.co/caie/igcse/economics-0455/2021-march/0455_m21_gt.pdf,Question Banks/Cambridge Curricula/IGCSE/Economics (0455)/Grade Thresholds/2021,0455_m21_gt.pdf,,http,,GTGrade Thresholds,https://pastpapers.co/caie/igcse/economics-0455/2021-march/0455_m21_qp_12.pdf
https://pastpapers.co/caie/igcse/economics-0455/2023-march/0455_m23_gt.pdf,Question Banks/Cambridge Curricula/IGCSE/Economics (0455)/Grade Thresholds/2023,0455_m23_gt.pdf,,http,,GTGrade Thresholds,https://pastpapers.co/caie/igcse/economics-0455/2023-march/0455_m23_qp_12.pdf
https://pastpapers.co/caie/igcse/economics-0455/2024-march/0455_m24_gt.pdf,Question Banks/Cambridge Curricula/IGCSE/Economics (0455)/Grade Thresholds/2024,0455_m24_gt.pdf,,http,,GTGrade Thresholds,https://pastpapers.co/caie/igcse/economics-0455/2024-march/0455_m24_qp_12.pdf
https://pastpapers.co/caie/igcse/economics-0455/2025-march/0455_m25_gt.pdf,Question Banks/Cambridge Curricula/IGCSE/Economics (0455)/Grade Thresholds/2025,0455_m25_gt.pdf,,http,,GTGrade Thresholds,https://pastpapers.co/caie/igcse/economics-0455/2025-march/0455_m25_qp_12.pdf
https://pastpapers.co/caie/igcse/economics-0455/2021-may-june/0455_s21_gt.pdf,Question Banks/Cambridge Curricula/IGCSE/Economics (0455)/Grade Thresholds/2021,0455_s21_gt.pdf,,http,,GTGrade Thresholds,https://pastpapers.co/caie/igcse/economics-0455/2021-may-june/0455_s21_qp_12.pdf
https://pastpapers.co/caie/igcse/economics-0455/2022-may-june/0455_s22_gt.pdf,Question Banks/Cambridge Curricula/IGCSE/Economics (0455)/Grade Thresholds/2022,0455_s22_gt.pdf,,http,,GTGrade Thresholds,https://pastpapers.co/caie/igcse/economics-0455/2022-may-june/0455_s22_qp_12.pdf
https://pastpapers.co/caie/igcse/economics-0455/2023-may-june/0455_s23_gt.pdf,Question Banks/Cambridge Curricula/IGCSE/Economics (0455)/Grade Thresholds/2023,0455_s23_gt.pdf,,http,,GTGrade Thresholds,https://pastpapers.co/caie/igcse/economics-0455/2023-may-june/0455_s23_qp_12.pdf
https://pastpapers.co/caie/igcse/economics-0455/2024-may-june/0455_s24_gt.pdf,Question Banks/Cambridge Curricula/IGCSE/Economics (0455)/Grade Thresholds/2024,0455_s24_gt.pdf,,http,,GTGrade Thresholds,https://pastpapers.co/caie/igcse/economics-0455/2024-may-june/0455_s24_qp_12.pdf
https://pastpapers.co/caie/igcse/economics-0455/2025-may-june/0455_s25_gt.pdf,Question Banks/Cambridge Curricula/IGCSE/Economics (0455)/Grade Thresholds/2025,0455_s25_gt.pdf,,http,,GTGrade Thresholds,https://pastpapers.co/caie/igcse/economics-0455/2025-may-june/0455_s25_qp_12.pdf
https://pastpapers.co/caie/igcse/economics-0455/2020-oct-nov/0455_w20_gt.pdf,Question Banks/Cambridge Curricula/IGCSE/Economics (0455)/Grade Thresholds/2020,0455_w20_gt.pdf,,http,,GTGrade Thresholds,https://pastpapers.co/caie/igcse/economics-0455/2020-oct-nov/0455_w20_qp_12.pdf
https://pastpapers.co/caie/igcse/economics-0455/2021-oct-nov/0455_w21_gt.pdf,Question Banks/Cambridge Curricula/IGCSE/Economics (0455)/Grade Thresholds/2021,0455_w21_gt.pdf,,http,,GTGrade Thresholds,https://pastpapers.co/caie/igcse/economics-0455/2021-oct-nov/0455_w21_qp_12.pdf
https://pastpapers.co/caie/igcse/economics-0455/2022-oct-nov/0455_w22_gt.pdf,Question Banks/Cambridge Curricula/IGCSE/Economics (0455)/Grade Thresholds/2022,0455_w22_gt.pdf,,http,,GTGrade Thresholds,https://pastpapers.co/caie/igcse/economics-0455/2022-oct-nov/0455_w22_qp_12.pdf
https://pastpapers.co/caie/igcse/economics-0455/2024-oct-nov/0455_w24_gt.pdf,Question Banks/Cambridge Curricula/IGCSE/Economics (0455)/Grade Thresholds/2024,0455_w24_gt.pdf,,http,,GTGrade Thresholds,https://pastpapers.co/caie/igcse/economics-0455/2024-oct-nov/0455_w24_qp_12.pdf
https://pastpapers.co/caie/igcse/economics-0455/2025-oct-nov/0455_w25_gt.pdf,Question Banks/Cambridge Curricula/IGCSE/Economics (0455)/Grade Thresholds/2025,0455_w25_gt.pdf,,http,,GTGrade Thresholds,https://pastpapers.co/caie/igcse/economics-0455/2025-oct-nov/0455_w25_qp_12.pdf
