url,folder,filename,target_path,mode,alt_urls,note,source_page
https://pastpapers.co/caie/a-level/english-9093/2020-march/9093_m20_er.pdf,Question Banks/Cambridge Curricula/Cambridge AS and A Level/English 1st (9093)/Examiner Reports/2020,9093_m20_er.pdf,,http,,ERExaminer Report,https://pastpapers.co/caie/a-level/english-9093/2020-march/9093_m20_qp_12.pdf
https://pastpapers.co/caie/a-level/english-9093/2021-march/9093_m21_er.pdf,Question Banks/Cambridge Curricula/Cambridge AS and A Level/English 1st (9093)/Examiner Reports/2021,9093_m21_er.pdf,,http,,ERExaminer Report,https://pastpapers.co/caie/a-level/english-9093/2021-march/9093_m21_qp_12.pdf
https://pastpapers.co/caie/a-level/english-9093/2023-march/9093_m23_er.pdf,Question Banks/Cambridge Curricula/Cambridge AS and A Level/English 1st (9093)/Examiner Reports/2023,9093_m23_er.pdf,,http,,ERExaminer Report,https://pastpapers.co/caie/a-level/english-9093/2023-march/9093_m23_qp_12.pdf
https://pastpapers.co/caie/a-level/english-9093/2025-march/9093_m25_er.pdf,Question Banks/Cambridge Curricula/Cambridge AS and A Level/English 1st (9093)/Examiner Reports/2025,9093_m25_er.pdf,,http,,ERExaminer Report,https://pastpapers.co/caie/a-level/english-9093/2025-march/9093_m25_qp_12.pdf
https://pastpapers.co/caie/a-level/english-9093/2021-may-june/9093_s21_er.pdf,Question Banks/Cambridge Curricula/Cambridge AS and A Level/English 1st (9093)/Examiner Reports/2021,9093_s21_er.pdf,,http,,ERExaminer Report,https://pastpapers.co/caie/a-level/english-9093/2021-may-june/9093_s21_qp_12.pdf
https://pastpapers.co/caie/a-level/english-9093/2022-may-june/9093_s22_er.pdf,Question Banks/Cambridge Curricula/Cambridge AS and A Level/English 1st (9093)/Examiner Reports/2022,9093_s22_er.pdf,,http,,ERExaminer Report,https://pastpapers.co/caie/a-level/english-9093/2022-may-june/9093_s22_qp_12.pdf
https://pastpapers.co/caie/a-level/english-9093/2023-may-june/9093_s23_er.pdf,Question Banks/Cambridge Curricula/Cambridge AS and A Level/English 1st (9093)/Examiner Reports/2023,9093_s23_er.pdf,,http,,ERExaminer Report,https://pastpapers.co/caie/a-level/english-9093/2023-may-june/9093_s23_qp_12.pdf
https://pastpapers.co/caie/a-level/english-9093/2020-oct-nov/9093_w20_er.pdf,Question Banks/Cambridge Curricula/Cambridge AS and A Level/English 1st (9093)/Examiner Reports/2020,9093_w20_er.pdf,,http,,ERExaminer Report,https://pastpapers.co/caie/a-level/english-9093/2020-oct-nov/9093_w20_qp_12.pdf
https://pastpapers.co/caie/a-level/english-9093/2021-oct-nov/9093_w21_er.pdf,Question Banks/Cambridge Curricula/Cambridge AS and A Level/English 1st (9093)/Examiner Reports/2021,9093_w21_er.pdf,,http,,ERExaminer Report,https://pastpapers.co/caie/a-level/english-9093/2021-oct-nov/9093_w21_qp_12.pdf
https://pastpapers.co/caie/a-level/english-9093/2022-oct-nov/9093_w22_er.pdf,Question Banks/Cambridge Curricula/Cambridge AS and A Level/English 1st (9093)/Examiner Reports/2022,9093_w22_er.pdf,,http,,ERExaminer Report,https://pastpapers.co/caie/a-level/english-9093/2022-oct-nov/9093_w22_qp_12.pdf
https://pastpapers.co/caie/a-level/english-9093/2020-march/9093_m20_ms_12.pdf,Question Banks/Cambridge Curricula/Cambridge AS and A Level/English 1st (9093)/AS Level/2020/March (Variant 2),9093_m20_ms_12.pdf,,http,,MSMark Scheme 1 (v2),https://pastpapers.co/caie/a-level/english-9093/2020-march/9093_m20_qp_12.pdf
https://pastpapers.co/caie/a-level/english-9093/2020-march/9093_m20_ms_22.pdf,Question Banks/Cambridge Curricula/Cambridge AS and A Level/English 1st (9093)/AS Level/2020/March (Variant 2),9093_m20_ms_22.pdf,,http,,MSMark Scheme 2 (v2),https://pastpapers.co/caie/a-level/english-9093/2020-march/9093_m20_qp_12.pdf
https://pastpapers.co/caie/a-level/english-9093/2020-march/9093_m20_ms_32.pdf,Question Banks/Cambridge Curricula/Cambridge AS and A Level/English 1st (9093)/A Level/2020/March (Variant 2),9093_m20_ms_32.pdf,,http,,MSMark Scheme 3 (v2),https://pastpapers.co/caie/a-level/english-9093/2020-march/9093_m20_qp_12.pdf
https://pastpapers.co/caie/a-level/english-9093/2020-march/9093_m20_ms_42.pdf,Question Banks/Cambridge Curricula/Cambridge AS and A Level/English 1st (9093)/A Level/2020/March (Variant 2),9093_m20_ms_42.pdf,,http,,MSMark Scheme 4 (v2),https://pastpapers.co/caie/a-level/english-9093/2020-march/9093_m20_qp_12.pdf
https://pastpapers.co/caie/a-level/english-9093/2021-march/9093_m21_ms_12.pdf,Question Banks/Cambridge Curricula/Cambridge AS and A Level/English 1st (9093)/AS Level/2021/March (Variant 2),9093_m21_ms_12.pdf,,http,,MSMark Scheme 1 (v2),https://pastpapers.co/caie/a-level/english-9093/2021-march/9093_m21_qp_12.pdf
https://pastpapers.co/caie/a-level/english-9093/2021-march/9093_m21_ms_22.pdf,Question Banks/Cambridge Curricula/Cambridge AS and A Level/English 1st (9093)/AS Level/2021/March (Variant 2),9093_m21_ms_22.pdf,,http,,MSMark Scheme 2 (v2),https://pastpapers.co/caie/a-level/english-9093/2021-march/9093_m21_qp_12.pdf
https://pastpapers.co/caie/a-level/english-9093/2021-march/9093_m21_ms_32.pdf,Question Banks/Cambridge Curricula/Cambridge AS and A Level/English 1st (9093)/A Level/2021/March (Variant 2),9093_m21_ms_32.pdf,,http,,MSMark Scheme 3 (v2),https://pastpapers.co/caie/a-level/english-9093/2021-march/9093_m21_qp_12.pdf
https://pastpapers.co/caie/a-level/english-9093/2021-march/9093_m21_ms_42.pdf,Question Banks/Cambridge Curricula/Cambridge AS and A Level/English 1st (9093)/A Level/2021/March (Variant 2),9093_m21_ms_42.pdf,,http,,MSMark Scheme 4 (v2),https://pastpapers.co/caie/a-level/english-9093/2021-march/9093_m21_qp_12.pdf
https://pastpapers.co/caie/a-level/english-9093/2023-march/9093_m23_ms_12.pdf,Question Banks/Cambridge Curricula/Cambridge AS and A Level/English 1st (9093)/AS Level/2023/March (Variant 2),9093_m23_ms_12.pdf,,http,,MSMark Scheme 1 (v2),https://pastpapers.co/caie/a-level/english-9093/2023-march/9093_m23_qp_12.pdf
https://pastpapers.co/caie/a-level/english-9093/2023-march/9093_m23_ms_22.pdf,Question Banks/Cambridge Curricula/Cambridge AS and A Level/English 1st (9093)/AS Level/2023/March (Variant 2),9093_m23_ms_22.pdf,,http,,MSMark Scheme 2 (v2),https://pastpapers.co/caie/a-level/english-9093/2023-march/9093_m23_qp_12.pdf
https://pastpapers.co/caie/a-level/english-9093/2023-march/9093_m23_ms_32.pdf,Question Banks/Cambridge Curricula/Cambridge AS and A Level/English 1st (9093)/A Level/2023/March (Variant 2),9093_m23_ms_32.pdf,,http,,MSMark Scheme 3 (v2),https://pastpapers.co/caie/a-level/english-9093/2023-march/9093_m23_qp_12.pdf
https://pastpapers.co/caie/a-level/english-9093/2023-march/9093_m23_ms_42.pdf,Question Banks/Cambridge Curricula/Cambridge AS and A Level/English 1st (9093)/A Level/2023/March (Variant 2),9093_m23_ms_42.pdf,,http,,MSMark Scheme 4 (v2),https://pastpapers.co/caie/a-level/english-9093/2023-march/9093_m23_qp_12.pdf
https://pastpapers.co/caie/a-level/english-9093/2024-march/9093_m24_ms_12.pdf,Question Banks/Cambridge Curricula/Cambridge AS and A Level/English 1st (9093)/AS Level/2024/March (Variant 2),9093_m24_ms_12.pdf,,http,,MSMark Scheme 1 (v2),https://pastpapers.co/caie/a-level/english-9093/2024-march/9093_m24_qp_12.pdf
https://pastpapers.co/caie/a-level/english-9093/2024-march/9093_m24_ms_22.pdf,Question Banks/Cambridge Curricula/Cambridge AS and A Level/English 1st (9093)/AS Level/2024/March (Variant 2),9093_m24_ms_22.pdf,,http,,MSMark Scheme 2 (v2),https://pastpapers.co/caie/a-level/english-9093/2024-march/9093_m24_qp_12.pdf
https://pastpapers.co/caie/a-level/english-9093/2024-march/9093_m24_ms_32.pdf,Question Banks/Cambridge Curricula/Cambridge AS and A Level/English 1st (9093)/A Level/2024/March (Variant 2),9093_m24_ms_32.pdf,,http,,MSMark Scheme 3 (v2),https://pastpapers.co/caie/a-level/english-9093/2024-march/9093_m24_qp_12.pdf
https://pastpapers.co/caie/a-level/english-9093/2024-march/9093_m24_ms_42.pdf,Question Banks/Cambridge Curricula/Cambridge AS and A Level/English 1st (9093)/A Level/2024/March (Variant 2),9093_m24_ms_42.pdf,,http,,MSMark Scheme 4 (v2),https://pastpapers.co/caie/a-level/english-9093/2024-march/9093_m24_qp_12.pdf
https://pastpapers.co/caie/a-level/english-9093/2025-march/9093_m25_ms_12.pdf,Question Banks/Cambridge Curricula/Cambridge AS and A Level/English 1st (9093)/AS Level/2025/March (Variant 2),9093_m25_ms_12.pdf,,http,,MSMark Scheme 1 (v2),https://pastpapers.co/caie/a-level/english-9093/2025-march/9093_m25_qp_12.pdf
https://pastpapers.co/caie/a-level/english-9093/2025-march/9093_m25_ms_22.pdf,Question Banks/Cambridge Curricula/Cambridge AS and A Level/English 1st (9093)/AS Level/2025/March (Variant 2),9093_m25_ms_22.pdf,,http,,MSMark Scheme 2 (v2),https://pastpapers.co/caie/a-level/english-9093/2025-march/9093_m25_qp_12.pdf
https://pastpapers.co/caie/a-level/english-9093/2025-march/9093_m25_ms_32.pdf,Question Banks/Cambridge Curricula/Cambridge AS and A Level/English 1st (9093)/A Level/2025/March (Variant 2),9093_m25_ms_32.pdf,,http,,MSMark Scheme 3 (v2),https://pastpapers.co/caie/a-level/english-9093/2025-march/9093_m25_qp_12.pdf
https://pastpapers.co/caie/a-level/english-9093/2025-march/9093_m25_ms_42.pdf,Question Banks/Cambridge Curricula/Cambridge AS and A Level/English 1st (9093)/A Level/2025/March (Variant 2),9093_m25_ms_42.pdf,,http,,MSMark Scheme 4 (v2),https://pastpapers.co/caie/a-level/english-9093/2025-march/9093_m25_qp_12.pdf
https://pastpapers.co/caie/a-level/english-9093/2020-may-june/9093_s20_ms_11.pdf,Question Banks/Cambridge Curricula/Cambridge AS and A Level/English 1st (9093)/AS Level/2020/May-June (Variant 1),9093_s20_ms_11.pdf,,http,,MSMark Scheme 1 (v1),https://pastpapers.co/caie/a-level/english-9093/2020-may-june/9093_s20_qp_12.pdf
https://pastpapers.co/caie/a-level/english-9093/2020-may-june/9093_s20_ms_12.pdf,Question Banks/Cambridge Curricula/Cambridge AS and A Level/English 1st (9093)/AS Level/2020/May-June (Variant 2),9093_s20_ms_12.pdf,,http,,MSMark Scheme 1 (v2),https://pastpapers.co/caie/a-level/english-9093/2020-may-june/9093_s20_qp_12.pdf
https://pastpapers.co/caie/a-level/english-9093/2020-may-june/9093_s20_ms_13.pdf,Question Banks/Cambridge Curricula/Cambridge AS and A Level/English 1st (9093)/AS Level/2020/May-June (Variant 3),9093_s20_ms_13.pdf,,http,,MSMark Scheme 1 (v3),https://pastpapers.co/caie/a-level/english-9093/2020-may-june/9093_s20_qp_12.pdf
https://pastpapers.co/caie/a-level/english-9093/2020-may-june/9093_s20_ms_21.pdf,Question Banks/Cambridge Curricula/Cambridge AS and A Level/English 1st (9093)/AS Level/2020/May-June (Variant 1),9093_s20_ms_21.pdf,,http,,MSMark Scheme 2 (v1),https://pastpapers.co/caie/a-level/english-9093/2020-may-june/9093_s20_qp_12.pdf
https://pastpapers.co/caie/a-level/english-9093/2020-may-june/9093_s20_ms_22.pdf,Question Banks/Cambridge Curricula/Cambridge AS and A Level/English 1st (9093)/AS Level/2020/May-June (Variant 2),9093_s20_ms_22.pdf,,http,,MSMark Scheme 2 (v2),https://pastpapers.co/caie/a-level/english-9093/2020-may-june/9093_s20_qp_12.pdf
https://pastpapers.co/caie/a-level/english-9093/2020-may-june/9093_s20_ms_23.pdf,Question Banks/Cambridge Curricula/Cambridge AS and A Level/English 1st (9093)/AS Level/2020/May-June (Variant 3),9093_s20_ms_23.pdf,,http,,MSMark Scheme 2 (v3),https://pastpapers.co/caie/a-level/english-9093/2020-may-june/9093_s20_qp_12.pdf
https://pastpapers.co/caie/a-level/english-9093/2020-may-june/9093_s20_ms_31.pdf,Question Banks/Cambridge Curricula/Cambridge AS and A Level/English 1st (9093)/A Level/2020/May-June (Variant 1),9093_s20_ms_31.pdf,,http,,MSMark Scheme 3 (v1),https://pastpapers.co/caie/a-level/english-9093/2020-may-june/9093_s20_qp_12.pdf
https://pastpapers.co/caie/a-level/english-9093/2020-may-june/9093_s20_ms_32.pdf,Question Banks/Cambridge Curricula/Cambridge AS and A Level/English 1st (9093)/A Level/2020/May-June (Variant 2),9093_s20_ms_32.pdf,,http,,MSMark Scheme 3 (v2),https://pastpapers.co/caie/a-level/english-9093/2020-may-june/9093_s20_qp_12.pdf
https://pastpapers.co/caie/a-level/english-9093/2020-may-june/9093_s20_ms_33.pdf,Question Banks/Cambridge Curricula/Cambridge AS and A Level/English 1st (9093)/A Level/2020/May-June (Variant 3),9093_s20_ms_33.pdf,,http,,MSMark Scheme 3 (v3),https://pastpapers.co/caie/a-level/english-9093/2020-may-june/9093_s20_qp_12.pdf
https://pastpapers.co/caie/a-level/english-9093/2020-may-june/9093_s20_ms_41.pdf,Question Banks/Cambridge Curricula/Cambridge AS and A Level/English 1st (9093)/A Level/2020/May-June (Variant 1),9093_s20_ms_41.pdf,,http,,MSMark Scheme 4 (v1),https://pastpapers.co/caie/a-level/english-9093/2020-may-june/9093_s20_qp_12.pdf
https://pastpapers.co/caie/a-level/english-9093/2020-may-june/9093_s20_ms_42.pdf,Question Banks/Cambridge Curricula/Cambridge AS and A Level/English 1st (9093)/A Level/2020/May-June (Variant 2),9093_s20_ms_42.pdf,,http,,MSMark Scheme 4 (v2),https://pastpapers.co/caie/a-level/english-9093/2020-may-june/9093_s20_qp_12.pdf
https://pastpapers.co/caie/a-level/english-9093/2020-may-june/9093_s20_ms_43.pdf,Question Banks/Cambridge Curricula/Cambridge AS and A Level/English 1st (9093)/A Level/2020/May-June (Variant 3),9093_s20_ms_43.pdf,,http,,MSMark Scheme 4 (v3),https://pastpapers.co/caie/a-level/english-9093/2020-may-june/9093_s20_qp_12.pdf
https://pastpapers.co/caie/a-level/english-9093/2021-may-june/9093_s21_ms_11.pdf,Question Banks/Cambridge Curricula/Cambridge AS and A Level/English 1st (9093)/AS Level/2021/May-June (Variant 1),9093_s21_ms_11.pdf,,http,,MSMark Scheme 1 (v1),https://pastpapers.co/caie/a-level/english-9093/2021-may-june/9093_s21_qp_12.pdf
https://pastpapers.co/caie/a-level/english-9093/2021-may-june/9093_s21_ms_12.pdf,Question Banks/Cambridge Curricula/Cambridge AS and A Level/English 1st (9093)/AS Level/2021/May-June (Variant 2),9093_s21_ms_12.pdf,,http,,MSMark Scheme 1 (v2),https://pastpapers.co/caie/a-level/english-9093/2021-may-june/9093_s21_qp_12.pdf
https://pastpapers.co/caie/a-level/english-9093/2021-may-june/9093_s21_ms_13.pdf,Question Banks/Cambridge Curricula/Cambridge AS and A Level/English 1st (9093)/AS Level/2021/May-June (Variant 3),9093_s21_ms_13.pdf,,http,,MSMark Scheme 1 (v3),https://pastpapers.co/caie/a-level/english-9093/2021-may-june/9093_s21_qp_12.pdf
https://pastpapers.co/caie/a-level/english-9093/2021-may-june/9093_s21_ms_21.pdf,Question Banks/Cambridge Curricula/Cambridge AS and A Level/English 1st (9093)/AS Level/2021/May-June (Variant 1),9093_s21_ms_21.pdf,,http,,MSMark Scheme 2 (v1),https://pastpapers.co/caie/a-level/english-9093/2021-may-june/9093_s21_qp_12.pdf
https://pastpapers.co/caie/a-level/english-9093/2021-may-june/9093_s21_ms_22.pdf,Question Banks/Cambridge Curricula/Cambridge AS and A Level/English 1st (9093)/AS Level/2021/May-June (Variant 2),9093_s21_ms_22.pdf,,http,,MSMark Scheme 2 (v2),https://pastpapers.co/caie/a-level/english-9093/2021-may-june/9093_s21_qp_12.pdf
https://pastpapers.co/caie/a-level/english-9093/2021-may-june/9093_s21_ms_23.pdf,Question Banks/Cambridge Curricula/Cambridge AS and A Level/English 1st (9093)/AS Level/2021/May-June (Variant 3),9093_s21_ms_23.pdf,,http,,MSMark Scheme 2 (v3),https://pastpapers.co/caie/a-level/english-9093/2021-may-june/9093_s21_qp_12.pdf
https://pastpapers.co/caie/a-level/english-9093/2021-may-june/9093_s21_ms_31.pdf,Question Banks/Cambridge Curricula/Cambridge AS and A Level/English 1st (9093)/A Level/2021/May-June (Variant 1),9093_s21_ms_31.pdf,,http,,MSMark Scheme 3 (v1),https://pastpapers.co/caie/a-level/english-9093/2021-may-june/9093_s21_qp_12.pdf
https://pastpapers.co/caie/a-level/english-9093/2021-may-june/9093_s21_ms_32.pdf,Question Banks/Cambridge Curricula/Cambridge AS and A Level/English 1st (9093)/A Level/2021/May-June (Variant 2),9093_s21_ms_32.pdf,,http,,MSMark Scheme 3 (v2),https://pastpapers.co/caie/a-level/english-9093/2021-may-june/9093_s21_qp_12.pdf
https://pastpapers.co/caie/a-level/english-9093/2021-may-june/9093_s21_ms_33.pdf,Question Banks/Cambridge Curricula/Cambridge AS and A Level/English 1st (9093)/A Level/2021/May-June (Variant 3),9093_s21_ms_33.pdf,,http,,MSMark Scheme 3 (v3),https://pastpapers.co/caie/a-level/english-9093/2021-may-june/9093_s21_qp_12.pdf
https://pastpapers.co/caie/a-level/english-9093/2021-may-june/9093_s21_ms_41.pdf,Question Banks/Cambridge Curricula/Cambridge AS and A Level/English 1st (9093)/A Level/2021/May-June (Variant 1),9093_s21_ms_41.pdf,,http,,MSMark Scheme 4 (v1),https://pastpapers.co/caie/a-level/english-9093/2021-may-june/9093_s21_qp_12.pdf
https://pastpapers.co/caie/a-level/english-9093/2021-may-june/9093_s21_ms_42.pdf,Question Banks/Cambridge Curricula/Cambridge AS and A Level/English 1st (9093)/A Level/2021/May-June (Variant 2),9093_s21_ms_42.pdf,,http,,MSMark Scheme 4 (v2),https://pastpapers.co/caie/a-level/english-9093/2021-may-june/9093_s21_qp_12.pdf
https://pastpapers.co/caie/a-level/english-9093/2021-may-june/9093_s21_ms_43.pdf,Question Banks/Cambridge Curricula/Cambridge AS and A Level/English 1st (9093)/A Level/2021/May-June (Variant 3),9093_s21_ms_43.pdf,,http,,MSMark Scheme 4 (v3),https://pastpapers.co/caie/a-level/english-9093/2021-may-june/9093_s21_qp_12.pdf
https://pastpapers.co/caie/a-level/english-9093/2022-may-june/9093_s22_ms_11.pdf,Question Banks/Cambridge Curricula/Cambridge AS and A Level/English 1st (9093)/AS Level/2022/May-June (Variant 1),9093_s22_ms_11.pdf,,http,,MSMark Scheme 1 (v1),https://pastpapers.co/caie/a-level/english-9093/2022-may-june/9093_s22_qp_12.pdf
https://pastpapers.co/caie/a-level/english-9093/2022-may-june/9093_s22_ms_12.pdf,Question Banks/Cambridge Curricula/Cambridge AS and A Level/English 1st (9093)/AS Level/2022/May-June (Variant 2),9093_s22_ms_12.pdf,,http,,MSMark Scheme 1 (v2),https://pastpapers.co/caie/a-level/english-9093/2022-may-june/9093_s22_qp_12.pdf
https://pastpapers.co/caie/a-level/english-9093/2022-may-june/9093_s22_ms_13.pdf,Question Banks/Cambridge Curricula/Cambridge AS and A Level/English 1st (9093)/AS Level/2022/May-June (Variant 3),9093_s22_ms_13.pdf,,http,,MSMark Scheme 1 (v3),https://pastpapers.co/caie/a-level/english-9093/2022-may-june/9093_s22_qp_12.pdf
https://pastpapers.co/caie/a-level/english-9093/2022-may-june/9093_s22_ms_21.pdf,Question Banks/Cambridge Curricula/Cambridge AS and A Level/English 1st (9093)/AS Level/2022/May-June (Variant 1),9093_s22_ms_21.pdf,,http,,MSMark Scheme 2 (v1),https://pastpapers.co/caie/a-level/english-9093/2022-may-june/9093_s22_qp_12.pdf
https://pastpapers.co/caie/a-level/english-9093/2022-may-june/9093_s22_ms_22.pdf,Question Banks/Cambridge Curricula/Cambridge AS and A Level/English 1st (9093)/AS Level/2022/May-June (Variant 2),9093_s22_ms_22.pdf,,http,,MSMark Scheme 2 (v2),https://pastpapers.co/caie/a-level/english-9093/2022-may-june/9093_s22_qp_12.pdf
https://pastpapers.co/caie/a-level/english-9093/2022-may-june/9093_s22_ms_23.pdf,Question Banks/Cambridge Curricula/Cambridge AS and A Level/English 1st (9093)/AS Level/2022/May-June (Variant 3),9093_s22_ms_23.pdf,,http,,MSMark Scheme 2 (v3),https://pastpapers.co/caie/a-level/english-9093/2022-may-june/9093_s22_qp_12.pdf
https://pastpapers.co/caie/a-level/english-9093/2022-may-june/9093_s22_ms_31.pdf,Question Banks/Cambridge Curricula/Cambridge AS and A Level/English 1st (9093)/A Level/2022/May-June (Variant 1),9093_s22_ms_31.pdf,,http,,MSMark Scheme 3 (v1),https://pastpapers.co/caie/a-level/english-9093/2022-may-june/9093_s22_qp_12.pdf
https://pastpapers.co/caie/a-level/english-9093/2022-may-june/9093_s22_ms_32.pdf,Question Banks/Cambridge Curricula/Cambridge AS and A Level/English 1st (9093)/A Level/2022/May-June (Variant 2),9093_s22_ms_32.pdf,,http,,MSMark Scheme 3 (v2),https://pastpapers.co/caie/a-level/english-9093/2022-may-june/9093_s22_qp_12.pdf
https://pastpapers.co/caie/a-level/english-9093/2022-may-june/9093_s22_ms_33.pdf,Question Banks/Cambridge Curricula/Cambridge AS and A Level/English 1st (9093)/A Level/2022/May-June (Variant 3),9093_s22_ms_33.pdf,,http,,MSMark Scheme 3 (v3),https://pastpapers.co/caie/a-level/english-9093/2022-may-june/9093_s22_qp_12.pdf
https://pastpapers.co/caie/a-level/english-9093/2022-may-june/9093_s22_ms_41.pdf,Question Banks/Cambridge Curricula/Cambridge AS and A Level/English 1st (9093)/A Level/2022/May-June (Variant 1),9093_s22_ms_41.pdf,,http,,MSMark Scheme 4 (v1),https://pastpapers.co/caie/a-level/english-9093/2022-may-june/9093_s22_qp_12.pdf
https://pastpapers.co/caie/a-level/english-9093/2022-may-june/9093_s22_ms_42.pdf,Question Banks/Cambridge Curricula/Cambridge AS and A Level/English 1st (9093)/A Level/2022/May-June (Variant 2),9093_s22_ms_42.pdf,,http,,MSMark Scheme 4 (v2),https://pastpapers.co/caie/a-level/english-9093/2022-may-june/9093_s22_qp_12.pdf
https://pastpapers.co/caie/a-level/english-9093/2022-may-june/9093_s22_ms_43.pdf,Question Banks/Cambridge Curricula/Cambridge AS and A Level/English 1st (9093)/A Level/2022/May-June (Variant 3),9093_s22_ms_43.pdf,,http,,MSMark Scheme 4 (v3),https://pastpapers.co/caie/a-level/english-9093/2022-may-june/9093_s22_qp_12.pdf
https://pastpapers.co/caie/a-level/english-9093/2023-may-june/9093_s23_ms_11.pdf,Question Banks/Cambridge Curricula/Cambridge AS and A Level/English 1st (9093)/AS Level/2023/May-June (Variant 1),9093_s23_ms_11.pdf,,http,,MSMark Scheme 1 (v1),https://pastpapers.co/caie/a-level/english-9093/2023-may-june/9093_s23_qp_12.pdf
https://pastpapers.co/caie/a-level/english-9093/2023-may-june/9093_s23_ms_12.pdf,Question Banks/Cambridge Curricula/Cambridge AS and A Level/English 1st (9093)/AS Level/2023/May-June (Variant 2),9093_s23_ms_12.pdf,,http,,MSMark Scheme 1 (v2),https://pastpapers.co/caie/a-level/english-9093/2023-may-june/9093_s23_qp_12.pdf
https://pastpapers.co/caie/a-level/english-9093/2023-may-june/9093_s23_ms_13.pdf,Question Banks/Cambridge Curricula/Cambridge AS and A Level/English 1st (9093)/AS Level/2023/May-June (Variant 3),9093_s23_ms_13.pdf,,http,,MSMark Scheme 1 (v3),https://pastpapers.co/caie/a-level/english-9093/2023-may-june/9093_s23_qp_12.pdf
https://pastpapers.co/caie/a-level/english-9093/2023-may-june/9093_s23_ms_21.pdf,Question Banks/Cambridge Curricula/Cambridge AS and A Level/English 1st (9093)/AS Level/2023/May-June (Variant 1),9093_s23_ms_21.pdf,,http,,MSMark Scheme 2 (v1),https://pastpapers.co/caie/a-level/english-9093/2023-may-june/9093_s23_qp_12.pdf
https://pastpapers.co/caie/a-level/english-9093/2023-may-june/9093_s23_ms_22.pdf,Question Banks/Cambridge Curricula/Cambridge AS and A Level/English 1st (9093)/AS Level/2023/May-June (Variant 2),9093_s23_ms_22.pdf,,http,,MSMark Scheme 2 (v2),https://pastpapers.co/caie/a-level/english-9093/2023-may-june/9093_s23_qp_12.pdf
https://pastpapers.co/caie/a-level/english-9093/2023-may-june/9093_s23_ms_23.pdf,Question Banks/Cambridge Curricula/Cambridge AS and A Level/English 1st (9093)/AS Level/2023/May-June (Variant 3),9093_s23_ms_23.pdf,,http,,MSMark Scheme 2 (v3),https://pastpapers.co/caie/a-level/english-9093/2023-may-june/9093_s23_qp_12.pdf
https://pastpapers.co/caie/a-level/english-9093/2023-may-june/9093_s23_ms_31.pdf,Question Banks/Cambridge Curricula/Cambridge AS and A Level/English 1st (9093)/A Level/2023/May-June (Variant 1),9093_s23_ms_31.pdf,,http,,MSMark Scheme 3 (v1),https://pastpapers.co/caie/a-level/english-9093/2023-may-june/9093_s23_qp_12.pdf
https://pastpapers.co/caie/a-level/english-9093/2023-may-june/9093_s23_ms_32.pdf,Question Banks/Cambridge Curricula/Cambridge AS and A Level/English 1st (9093)/A Level/2023/May-June (Variant 2),9093_s23_ms_32.pdf,,http,,MSMark Scheme 3 (v2),https://pastpapers.co/caie/a-level/english-9093/2023-may-june/9093_s23_qp_12.pdf
https://pastpapers.co/caie/a-level/english-9093/2023-may-june/9093_s23_ms_33.pdf,Question Banks/Cambridge Curricula/Cambridge AS and A Level/English 1st (9093)/A Level/2023/May-June (Variant 3),9093_s23_ms_33.pdf,,http,,MSMark Scheme 3 (v3),https://pastpapers.co/caie/a-level/english-9093/2023-may-june/9093_s23_qp_12.pdf
https://pastpapers.co/caie/a-level/english-9093/2023-may-june/9093_s23_ms_41.pdf,Question Banks/Cambridge Curricula/Cambridge AS and A Level/English 1st (9093)/A Level/2023/May-June (Variant 1),9093_s23_ms_41.pdf,,http,,MSMark Scheme 4 (v1),https://pastpapers.co/caie/a-level/english-9093/2023-may-june/9093_s23_qp_12.pdf
https://pastpapers.co/caie/a-level/english-9093/2023-may-june/9093_s23_ms_42.pdf,Question Banks/Cambridge Curricula/Cambridge AS and A Level/English 1st (9093)/A Level/2023/May-June (Variant 2),9093_s23_ms_42.pdf,,http,,MSMark Scheme 4 (v2),https://pastpapers.co/caie/a-level/english-9093/2023-may-june/9093_s23_qp_12.pdf
https://pastpapers.co/caie/a-level/english-9093/2023-may-june/9093_s23_ms_43.pdf,Question Banks/Cambridge Curricula/Cambridge AS and A Level/English 1st (9093)/A Level/2023/May-June (Variant 3),9093_s23_ms_43.pdf,,http,,MSMark Scheme 4 (v3),https://pastpapers.co/caie/a-level/english-9093/2023-may-june/9093_s23_qp_12.pdf
https://pastpapers.co/caie/a-level/english-9093/2024-may-june/9093_s24_ms_11.pdf,Question Banks/Cambridge Curricula/Cambridge AS and A Level/English 1st (9093)/AS Level/2024/May-June (Variant 1),9093_s24_ms_11.pdf,,http,,MSMark Scheme 1 (v1),https://pastpapers.co/caie/a-level/english-9093/2024-may-june/9093_s24_qp_12.pdf
https://pastpapers.co/caie/a-level/english-9093/2024-may-june/9093_s24_ms_12.pdf,Question Banks/Cambridge Curricula/Cambridge AS and A Level/English 1st (9093)/AS Level/2024/May-June (Variant 2),9093_s24_ms_12.pdf,,http,,MSMark Scheme 1 (v2),https://pastpapers.co/caie/a-level/english-9093/2024-may-june/9093_s24_qp_12.pdf
https://pastpapers.co/caie/a-level/english-9093/2024-may-june/9093_s24_ms_13.pdf,Question Banks/Cambridge Curricula/Cambridge AS and A Level/English 1st (9093)/AS Level/2024/May-June (Variant 3),9093_s24_ms_13.pdf,,http,,MSMark Scheme 1 (v3),https://pastpapers.co/caie/a-level/english-9093/2024-may-june/9093_s24_qp_12.pdf
https://pastpapers.co/caie/a-level/english-9093/2024-may-june/9093_s24_ms_21.pdf,Question Banks/Cambridge Curricula/Cambridge AS and A Level/English 1st (9093)/AS Level/2024/May-June (Variant 1),9093_s24_ms_21.pdf,,http,,MSMark Scheme 2 (v1),https://pastpapers.co/caie/a-level/english-9093/2024-may-june/9093_s24_qp_12.pdf
https://pastpapers.co/caie/a-level/english-9093/2024-may-june/9093_s24_ms_22.pdf,Question Banks/Cambridge Curricula/Cambridge AS and A Level/English 1st (9093)/AS Level/2024/May-June (Variant 2),9093_s24_ms_22.pdf,,http,,MSMark Scheme 2 (v2),https://pastpapers.co/caie/a-level/english-9093/2024-may-june/9093_s24_qp_12.pdf
https://pastpapers.co/caie/a-level/english-9093/2024-may-june/9093_s24_ms_23.pdf,Question Banks/Cambridge Curricula/Cambridge AS and A Level/English 1st (9093)/AS Level/2024/May-June (Variant 3),9093_s24_ms_23.pdf,,http,,MSMark Scheme 2 (v3),https://pastpapers.co/caie/a-level/english-9093/2024-may-june/9093_s24_qp_12.pdf
https://pastpapers.co/caie/a-level/english-9093/2024-may-june/9093_s24_ms_31.pdf,Question Banks/Cambridge Curricula/Cambridge AS and A Level/English 1st (9093)/A Level/2024/May-June (Variant 1),9093_s24_ms_31.pdf,,http,,MSMark Scheme 3 (v1),https://pastpapers.co/caie/a-level/english-9093/2024-may-june/9093_s24_qp_12.pdf
https://pastpapers.co/caie/a-level/english-9093/2024-may-june/9093_s24_ms_32.pdf,Question Banks/Cambridge Curricula/Cambridge AS and A Level/English 1st (9093)/A Level/2024/May-June (Variant 2),9093_s24_ms_32.pdf,,http,,MSMark Scheme 3 (v2),https://pastpapers.co/caie/a-level/english-9093/2024-may-june/9093_s24_qp_12.pdf
https://pastpapers.co/caie/a-level/english-9093/2024-may-june/9093_s24_ms_33.pdf,Question Banks/Cambridge Curricula/Cambridge AS and A Level/English 1st (9093)/A Level/2024/May-June (Variant 3),9093_s24_ms_33.pdf,,http,,MSMark Scheme 3 (v3),https://pastpapers.co/caie/a-level/english-9093/2024-may-june/9093_s24_qp_12.pdf
https://pastpapers.co/caie/a-level/english-9093/2024-may-june/9093_s24_ms_41.pdf,Question Banks/Cambridge Curricula/Cambridge AS and A Level/English 1st (9093)/A Level/2024/May-June (Variant 1),9093_s24_ms_41.pdf,,http,,MSMark Scheme 4 (v1),https://pastpapers.co/caie/a-level/english-9093/2024-may-june/9093_s24_qp_12.pdf
https://pastpapers.co/caie/a-level/english-9093/2024-may-june/9093_s24_ms_42.pdf,Question Banks/Cambridge Curricula/Cambridge AS and A Level/English 1st (9093)/A Level/2024/May-June (Variant 2),9093_s24_ms_42.pdf,,http,,MSMark Scheme 4 (v2),https://pastpapers.co/caie/a-level/english-9093/2024-may-june/9093_s24_qp_12.pdf
https://pastpapers.co/caie/a-level/english-9093/2024-may-june/9093_s24_ms_43.pdf,Question Banks/Cambridge Curricula/Cambridge AS and A Level/English 1st (9093)/A Level/2024/May-June (Variant 3),9093_s24_ms_43.pdf,,http,,MSMark Scheme 4 (v3),https://pastpapers.co/caie/a-level/english-9093/2024-may-june/9093_s24_qp_12.pdf
https://pastpapers.co/caie/a-level/english-9093/2025-may-june/9093_s25_ms_11.pdf,Question Banks/Cambridge Curricula/Cambridge AS and A Level/English 1st (9093)/AS Level/2025/May-June (Variant 1),9093_s25_ms_11.pdf,,http,,MSMark Scheme 1 (v1),https://pastpapers.co/caie/a-level/english-9093/2025-may-june/9093_s25_qp_12.pdf
https://pastpapers.co/caie/a-level/english-9093/2025-may-june/9093_s25_ms_12.pdf,Question Banks/Cambridge Curricula/Cambridge AS and A Level/English 1st (9093)/AS Level/2025/May-June (Variant 2),9093_s25_ms_12.pdf,,http,,MSMark Scheme 1 (v2),https://pastpapers.co/caie/a-level/english-9093/2025-may-june/9093_s25_qp_12.pdf
https://pastpapers.co/caie/a-level/english-9093/2025-may-june/9093_s25_ms_13.pdf,Question Banks/Cambridge Curricula/Cambridge AS and A Level/English 1st (9093)/AS Level/2025/May-June (Variant 3),9093_s25_ms_13.pdf,,http,,MSMark Scheme 1 (v3),https://pastpapers.co/caie/a-level/english-9093/2025-may-june/9093_s25_qp_12.pdf
https://pastpapers.co/caie/a-level/english-9093/2025-may-june/9093_s25_ms_21.pdf,Question Banks/Cambridge Curricula/Cambridge AS and A Level/English 1st (9093)/AS Level/2025/May-June (Variant 1),9093_s25_ms_21.pdf,,http,,MSMark Scheme 2 (v1),https://pastpapers.co/caie/a-level/english-9093/2025-may-june/9093_s25_qp_12.pdf
https://pastpapers.co/caie/a-level/english-9093/2025-may-june/9093_s25_ms_22.pdf,Question Banks/Cambridge Curricula/Cambridge AS and A Level/English 1st (9093)/AS Level/2025/May-June (Variant 2),9093_s25_ms_22.pdf,,http,,MSMark Scheme 2 (v2),https://pastpapers.co/caie/a-level/english-9093/2025-may-june/9093_s25_qp_12.pdf
https://pastpapers.co/caie/a-level/english-9093/2025-may-june/9093_s25_ms_23.pdf,Question Banks/Cambridge Curricula/Cambridge AS and A Level/English 1st (9093)/AS Level/2025/May-June (Variant 3),9093_s25_ms_23.pdf,,http,,MSMark Scheme 2 (v3),https://pastpapers.co/caie/a-level/english-9093/2025-may-june/9093_s25_qp_12.pdf
https://pastpapers.co/caie/a-level/english-9093/2025-may-june/9093_s25_ms_31.pdf,Question Banks/Cambridge Curricula/Cambridge AS and A Level/English 1st (9093)/A Level/2025/May-June (Variant 1),9093_s25_ms_31.pdf,,http,,MSMark Scheme 3 (v1),https://pastpapers.co/caie/a-level/english-9093/2025-may-june/9093_s25_qp_12.pdf
https://pastpapers.co/caie/a-level/english-9093/2025-may-june/9093_s25_ms_32.pdf,Question Banks/Cambridge Curricula/Cambridge AS and A Level/English 1st (9093)/A Level/2025/May-June (Variant 2),9093_s25_ms_32.pdf,,http,,MSMark Scheme 3 (v2),https://pastpapers.co/caie/a-level/english-9093/2025-may-june/9093_s25_qp_12.pdf
https://pastpapers.co/caie/a-level/english-9093/2025-may-june/9093_s25_ms_33.pdf,Question Banks/Cambridge Curricula/Cambridge AS and A Level/English 1st (9093)/A Level/2025/May-June (Variant 3),9093_s25_ms_33.pdf,,http,,MSMark Scheme 3 (v3),https://pastpapers.co/caie/a-level/english-9093/2025-may-june/9093_s25_qp_12.pdf
https://pastpapers.co/caie/a-level/english-9093/2025-may-june/9093_s25_ms_41.pdf,Question Banks/Cambridge Curricula/Cambridge AS and A Level/English 1st (9093)/A Level/2025/May-June (Variant 1),9093_s25_ms_41.pdf,,http,,MSMark Scheme 4 (v1),https://pastpapers.co/caie/a-level/english-9093/2025-may-june/9093_s25_qp_12.pdf
https://pastpapers.co/caie/a-level/english-9093/2025-may-june/9093_s25_ms_42.pdf,Question Banks/Cambridge Curricula/Cambridge AS and A Level/English 1st (9093)/A Level/2025/May-June (Variant 2),9093_s25_ms_42.pdf,,http,,MSMark Scheme 4 (v2),https://pastpapers.co/caie/a-level/english-9093/2025-may-june/9093_s25_qp_12.pdf
https://pastpapers.co/caie/a-level/english-9093/2025-may-june/9093_s25_ms_43.pdf,Question Banks/Cambridge Curricula/Cambridge AS and A Level/English 1st (9093)/A Level/2025/May-June (Variant 3),9093_s25_ms_43.pdf,,http,,MSMark Scheme 4 (v3),https://pastpapers.co/caie/a-level/english-9093/2025-may-june/9093_s25_qp_12.pdf
https://pastpapers.co/caie/a-level/english-9093/2020-oct-nov/9093_w20_ms_11.pdf,Question Banks/Cambridge Curricula/Cambridge AS and A Level/English 1st (9093)/AS Level/2020/Oct-Nov (Variant 1),9093_w20_ms_11.pdf,,http,,MSMark Scheme 1 (v1),https://pastpapers.co/caie/a-level/english-9093/2020-oct-nov/9093_w20_qp_12.pdf
https://pastpapers.co/caie/a-level/english-9093/2020-oct-nov/9093_w20_ms_12.pdf,Question Banks/Cambridge Curricula/Cambridge AS and A Level/English 1st (9093)/AS Level/2020/Oct-Nov (Variant 2),9093_w20_ms_12.pdf,,http,,MSMark Scheme 1 (v2),https://pastpapers.co/caie/a-level/english-9093/2020-oct-nov/9093_w20_qp_12.pdf
https://pastpapers.co/caie/a-level/english-9093/2020-oct-nov/9093_w20_ms_13.pdf,Question Banks/Cambridge Curricula/Cambridge AS and A Level/English 1st (9093)/AS Level/2020/Oct-Nov (Variant 3),9093_w20_ms_13.pdf,,http,,MSMark Scheme 1 (v3),https://pastpapers.co/caie/a-level/english-9093/2020-oct-nov/9093_w20_qp_12.pdf
https://pastpapers.co/caie/a-level/english-9093/2020-oct-nov/9093_w20_ms_21.pdf,Question Banks/Cambridge Curricula/Cambridge AS and A Level/English 1st (9093)/AS Level/2020/Oct-Nov (Variant 1),9093_w20_ms_21.pdf,,http,,MSMark Scheme 2 (v1),https://pastpapers.co/caie/a-level/english-9093/2020-oct-nov/9093_w20_qp_12.pdf
https://pastpapers.co/caie/a-level/english-9093/2020-oct-nov/9093_w20_ms_22.pdf,Question Banks/Cambridge Curricula/Cambridge AS and A Level/English 1st (9093)/AS Level/2020/Oct-Nov (Variant 2),9093_w20_ms_22.pdf,,http,,MSMark Scheme 2 (v2),https://pastpapers.co/caie/a-level/english-9093/2020-oct-nov/9093_w20_qp_12.pdf
https://pastpapers.co/caie/a-level/english-9093/2020-oct-nov/9093_w20_ms_23.pdf,Question Banks/Cambridge Curricula/Cambridge AS and A Level/English 1st (9093)/AS Level/2020/Oct-Nov (Variant 3),9093_w20_ms_23.pdf,,http,,MSMark Scheme 2 (v3),https://pastpapers.co/caie/a-level/english-9093/2020-oct-nov/9093_w20_qp_12.pdf
https://pastpapers.co/caie/a-level/english-9093/2020-oct-nov/9093_w20_ms_31.pdf,Question Banks/Cambridge Curricula/Cambridge AS and A Level/English 1st (9093)/A Level/2020/Oct-Nov (Variant 1),9093_w20_ms_31.pdf,,http,,MSMark Scheme 3 (v1),https://pastpapers.co/caie/a-level/english-9093/2020-oct-nov/9093_w20_qp_12.pdf
https://pastpapers.co/caie/a-level/english-9093/2020-oct-nov/9093_w20_ms_32.pdf,Question Banks/Cambridge Curricula/Cambridge AS and A Level/English 1st (9093)/A Level/2020/Oct-Nov (Variant 2),9093_w20_ms_32.pdf,,http,,MSMark Scheme 3 (v2),https://pastpapers.co/caie/a-level/english-9093/2020-oct-nov/9093_w20_qp_12.pdf
https://pastpapers.co/caie/a-level/english-9093/2020-oct-nov/9093_w20_ms_33.pdf,Question Banks/Cambridge Curricula/Cambridge AS and A Level/English 1st (9093)/A Level/2020/Oct-Nov (Variant 3),9093_w20_ms_33.pdf,,http,,MSMark Scheme 3 (v3),https://pastpapers.co/caie/a-level/english-9093/2020-oct-nov/9093_w20_qp_12.pdf
https://pastpapers.co/caie/a-level/english-9093/2020-oct-nov/9093_w20_ms_41.pdf,Question Banks/Cambridge Curricula/Cambridge AS and A Level/English 1st (9093)/A Level/2020/Oct-Nov (Variant 1),9093_w20_ms_41.pdf,,http,,MSMark Scheme 4 (v1),https://pastpapers.co/caie/a-level/english-9093/2020-oct-nov/9093_w20_qp_12.pdf
https://pastpapers.co/caie/a-level/english-9093/2020-oct-nov/9093_w20_ms_42.pdf,Question Banks/Cambridge Curricula/Cambridge AS and A Level/English 1st (9093)/A Level/2020/Oct-Nov (Variant 2),9093_w20_ms_42.pdf,,http,,MSMark Scheme 4 (v2),https://pastpapers.co/caie/a-level/english-9093/2020-oct-nov/9093_w20_qp_12.pdf
https://pastpapers.co/caie/a-level/english-9093/2020-oct-nov/9093_w20_ms_43.pdf,Question Banks/Cambridge Curricula/Cambridge AS and A Level/English 1st (9093)/A Level/2020/Oct-Nov (Variant 3),9093_w20_ms_43.pdf,,http,,MSMark Scheme 4 (v3),https://pastpapers.co/caie/a-level/english-9093/2020-oct-nov/9093_w20_qp_12.pdf
https://pastpapers.co/caie/a-level/english-9093/2021-oct-nov/9093_w21_ms_11.pdf,Question Banks/Cambridge Curricula/Cambridge AS and A Level/English 1st (9093)/AS Level/2021/Oct-Nov (Variant 1),9093_w21_ms_11.pdf,,http,,MSMark Scheme 1 (v1),https://pastpapers.co/caie/a-level/english-9093/2021-oct-nov/9093_w21_qp_12.pdf
https://pastpapers.co/caie/a-level/english-9093/2021-oct-nov/9093_w21_ms_12.pdf,Question Banks/Cambridge Curricula/Cambridge AS and A Level/English 1st (9093)/AS Level/2021/Oct-Nov (Variant 2),9093_w21_ms_12.pdf,,http,,MSMark Scheme 1 (v2),https://pastpapers.co/caie/a-level/english-9093/2021-oct-nov/9093_w21_qp_12.pdf
https://pastpapers.co/caie/a-level/english-9093/2021-oct-nov/9093_w21_ms_13.pdf,Question Banks/Cambridge Curricula/Cambridge AS and A Level/English 1st (9093)/AS Level/2021/Oct-Nov (Variant 3),9093_w21_ms_13.pdf,,http,,MSMark Scheme 1 (v3),https://pastpapers.co/caie/a-level/english-9093/2021-oct-nov/9093_w21_qp_12.pdf
https://pastpapers.co/caie/a-level/english-9093/2021-oct-nov/9093_w21_ms_21.pdf,Question Banks/Cambridge Curricula/Cambridge AS and A Level/English 1st (9093)/AS Level/2021/Oct-Nov (Variant 1),9093_w21_ms_21.pdf,,http,,MSMark Scheme 2 (v1),https://pastpapers.co/caie/a-level/english-9093/2021-oct-nov/9093_w21_qp_12.pdf
https://pastpapers.co/caie/a-level/english-9093/2021-oct-nov/9093_w21_ms_22.pdf,Question Banks/Cambridge Curricula/Cambridge AS and A Level/English 1st (9093)/AS Level/2021/Oct-Nov (Variant 2),9093_w21_ms_22.pdf,,http,,MSMark Scheme 2 (v2),https://pastpapers.co/caie/a-level/english-9093/2021-oct-nov/9093_w21_qp_12.pdf
https://pastpapers.co/caie/a-level/english-9093/2021-oct-nov/9093_w21_ms_23.pdf,Question Banks/Cambridge Curricula/Cambridge AS and A Level/English 1st (9093)/AS Level/2021/Oct-Nov (Variant 3),9093_w21_ms_23.pdf,,http,,MSMark Scheme 2 (v3),https://pastpapers.co/caie/a-level/english-9093/2021-oct-nov/9093_w21_qp_12.pdf
https://pastpapers.co/caie/a-level/english-9093/2021-oct-nov/9093_w21_ms_31.pdf,Question Banks/Cambridge Curricula/Cambridge AS and A Level/English 1st (9093)/A Level/2021/Oct-Nov (Variant 1),9093_w21_ms_31.pdf,,http,,MSMark Scheme 3 (v1),https://pastpapers.co/caie/a-level/english-9093/2021-oct-nov/9093_w21_qp_12.pdf
https://pastpapers.co/caie/a-level/english-9093/2021-oct-nov/9093_w21_ms_32.pdf,Question Banks/Cambridge Curricula/Cambridge AS and A Level/English 1st (9093)/A Level/2021/Oct-Nov (Variant 2),9093_w21_ms_32.pdf,,http,,MSMark Scheme 3 (v2),https://pastpapers.co/caie/a-level/english-9093/2021-oct-nov/9093_w21_qp_12.pdf
https://pastpapers.co/caie/a-level/english-9093/2021-oct-nov/9093_w21_ms_33.pdf,Question Banks/Cambridge Curricula/Cambridge AS and A Level/English 1st (9093)/A Level/2021/Oct-Nov (Variant 3),9093_w21_ms_33.pdf,,http,,MSMark Scheme 3 (v3),https://pastpapers.co/caie/a-level/english-9093/2021-oct-nov/9093_w21_qp_12.pdf
https://pastpapers.co/caie/a-level/english-9093/2021-oct-nov/9093_w21_ms_41.pdf,Question Banks/Cambridge Curricula/Cambridge AS and A Level/English 1st (9093)/A Level/2021/Oct-Nov (Variant 1),9093_w21_ms_41.pdf,,http,,MSMark Scheme 4 (v1),https://pastpapers.co/caie/a-level/english-9093/2021-oct-nov/9093_w21_qp_12.pdf
https://pastpapers.co/caie/a-level/english-9093/2021-oct-nov/9093_w21_ms_42.pdf,Question Banks/Cambridge Curricula/Cambridge AS and A Level/English 1st (9093)/A Level/2021/Oct-Nov (Variant 2),9093_w21_ms_42.pdf,,http,,MSMark Scheme 4 (v2),https://pastpapers.co/caie/a-level/english-9093/2021-oct-nov/9093_w21_qp_12.pdf
https://pastpapers.co/caie/a-level/english-9093/2021-oct-nov/9093_w21_ms_43.pdf,Question Banks/Cambridge Curricula/Cambridge AS and A Level/English 1st (9093)/A Level/2021/Oct-Nov (Variant 3),9093_w21_ms_43.pdf,,http,,MSMark Scheme 4 (v3),https://pastpapers.co/caie/a-level/english-9093/2021-oct-nov/9093_w21_qp_12.pdf
https://pastpapers.co/caie/a-level/english-9093/2022-oct-nov/9093_w22_ms_11.pdf,Question Banks/Cambridge Curricula/Cambridge AS and A Level/English 1st (9093)/AS Level/2022/Oct-Nov (Variant 1),9093_w22_ms_11.pdf,,http,,MSMark Scheme 1 (v1),https://pastpapers.co/caie/a-level/english-9093/2022-oct-nov/9093_w22_qp_12.pdf
https://pastpapers.co/caie/a-level/english-9093/2022-oct-nov/9093_w22_ms_12.pdf,Question Banks/Cambridge Curricula/Cambridge AS and A Level/English 1st (9093)/AS Level/2022/Oct-Nov (Variant 2),9093_w22_ms_12.pdf,,http,,MSMark Scheme 1 (v2),https://pastpapers.co/caie/a-level/english-9093/2022-oct-nov/9093_w22_qp_12.pdf
https://pastpapers.co/caie/a-level/english-9093/2022-oct-nov/9093_w22_ms_13.pdf,Question Banks/Cambridge Curricula/Cambridge AS and A Level/English 1st (9093)/AS Level/2022/Oct-Nov (Variant 3),9093_w22_ms_13.pdf,,http,,MSMark Scheme 1 (v3),https://pastpapers.co/caie/a-level/english-9093/2022-oct-nov/9093_w22_qp_12.pdf
https://pastpapers.co/caie/a-level/english-9093/2022-oct-nov/9093_w22_ms_21.pdf,Question Banks/Cambridge Curricula/Cambridge AS and A Level/English 1st (9093)/AS Level/2022/Oct-Nov (Variant 1),9093_w22_ms_21.pdf,,http,,MSMark Scheme 2 (v1),https://pastpapers.co/caie/a-level/english-9093/2022-oct-nov/9093_w22_qp_12.pdf
https://pastpapers.co/caie/a-level/english-9093/2022-oct-nov/9093_w22_ms_22.pdf,Question Banks/Cambridge Curricula/Cambridge AS and A Level/English 1st (9093)/AS Level/2022/Oct-Nov (Variant 2),9093_w22_ms_22.pdf,,http,,MSMark Scheme 2 (v2),https://pastpapers.co/caie/a-level/english-9093/2022-oct-nov/9093_w22_qp_12.pdf
https://pastpapers.co/caie/a-level/english-9093/2022-oct-nov/9093_w22_ms_23.pdf,Question Banks/Cambridge Curricula/Cambridge AS and A Level/English 1st (9093)/AS Level/2022/Oct-Nov (Variant 3),9093_w22_ms_23.pdf,,http,,MSMark Scheme 2 (v3),https://pastpapers.co/caie/a-level/english-9093/2022-oct-nov/9093_w22_qp_12.pdf
https://pastpapers.co/caie/a-level/english-9093/2022-oct-nov/9093_w22_ms_31.pdf,Question Banks/Cambridge Curricula/Cambridge AS and A Level/English 1st (9093)/A Level/2022/Oct-Nov (Variant 1),9093_w22_ms_31.pdf,,http,,MSMark Scheme 3 (v1),https://pastpapers.co/caie/a-level/english-9093/2022-oct-nov/9093_w22_qp_12.pdf
https://pastpapers.co/caie/a-level/english-9093/2022-oct-nov/9093_w22_ms_32.pdf,Question Banks/Cambridge Curricula/Cambridge AS and A Level/English 1st (9093)/A Level/2022/Oct-Nov (Variant 2),9093_w22_ms_32.pdf,,http,,MSMark Scheme 3 (v2),https://pastpapers.co/caie/a-level/english-9093/2022-oct-nov/9093_w22_qp_12.pdf
https://pastpapers.co/caie/a-level/english-9093/2022-oct-nov/9093_w22_ms_33.pdf,Question Banks/Cambridge Curricula/Cambridge AS and A Level/English 1st (9093)/A Level/2022/Oct-Nov (Variant 3),9093_w22_ms_33.pdf,,http,,MSMark Scheme 3 (v3),https://pastpapers.co/caie/a-level/english-9093/2022-oct-nov/9093_w22_qp_12.pdf
https://pastpapers.co/caie/a-level/english-9093/2022-oct-nov/9093_w22_ms_41.pdf,Question Banks/Cambridge Curricula/Cambridge AS and A Level/English 1st (9093)/A Level/2022/Oct-Nov (Variant 1),9093_w22_ms_41.pdf,,http,,MSMark Scheme 4 (v1),https://pastpapers.co/caie/a-level/english-9093/2022-oct-nov/9093_w22_qp_12.pdf
https://pastpapers.co/caie/a-level/english-9093/2022-oct-nov/9093_w22_ms_42.pdf,Question Banks/Cambridge Curricula/Cambridge AS and A Level/English 1st (9093)/A Level/2022/Oct-Nov (Variant 2),9093_w22_ms_42.pdf,,http,,MSMark Scheme 4 (v2),https://pastpapers.co/caie/a-level/english-9093/2022-oct-nov/9093_w22_qp_12.pdf
https://pastpapers.co/caie/a-level/english-9093/2022-oct-nov/9093_w22_ms_43.pdf,Question Banks/Cambridge Curricula/Cambridge AS and A Level/English 1st (9093)/A Level/2022/Oct-Nov (Variant 3),9093_w22_ms_43.pdf,,http,,MSMark Scheme 4 (v3),https://pastpapers.co/caie/a-level/english-9093/2022-oct-nov/9093_w22_qp_12.pdf
https://pastpapers.co/caie/a-level/english-9093/2023-oct-nov/9093_w23_ms_11.pdf,Question Banks/Cambridge Curricula/Cambridge AS and A Level/English 1st (9093)/AS Level/2023/Oct-Nov (Variant 1),9093_w23_ms_11.pdf,,http,,MSMark Scheme 1 (v1),https://pastpapers.co/caie/a-level/english-9093/2023-oct-nov/9093_w23_qp_12.pdf
https://pastpapers.co/caie/a-level/english-9093/2023-oct-nov/9093_w23_ms_12.pdf,Question Banks/Cambridge Curricula/Cambridge AS and A Level/English 1st (9093)/AS Level/2023/Oct-Nov (Variant 2),9093_w23_ms_12.pdf,,http,,MSMark Scheme 1 (v2),https://pastpapers.co/caie/a-level/english-9093/2023-oct-nov/9093_w23_qp_12.pdf
https://pastpapers.co/caie/a-level/english-9093/2023-oct-nov/9093_w23_ms_13.pdf,Question Banks/Cambridge Curricula/Cambridge AS and A Level/English 1st (9093)/AS Level/2023/Oct-Nov (Variant 3),9093_w23_ms_13.pdf,,http,,MSMark Scheme 1 (v3),https://pastpapers.co/caie/a-level/english-9093/2023-oct-nov/9093_w23_qp_12.pdf
https://pastpapers.co/caie/a-level/english-9093/2023-oct-nov/9093_w23_ms_21.pdf,Question Banks/Cambridge Curricula/Cambridge AS and A Level/English 1st (9093)/AS Level/2023/Oct-Nov (Variant 1),9093_w23_ms_21.pdf,,http,,MSMark Scheme 2 (v1),https://pastpapers.co/caie/a-level/english-9093/2023-oct-nov/9093_w23_qp_12.pdf
https://pastpapers.co/caie/a-level/english-9093/2023-oct-nov/9093_w23_ms_22.pdf,Question Banks/Cambridge Curricula/Cambridge AS and A Level/English 1st (9093)/AS Level/2023/Oct-Nov (Variant 2),9093_w23_ms_22.pdf,,http,,MSMark Scheme 2 (v2),https://pastpapers.co/caie/a-level/english-9093/2023-oct-nov/9093_w23_qp_12.pdf
https://pastpapers.co/caie/a-level/english-9093/2023-oct-nov/9093_w23_ms_23.pdf,Question Banks/Cambridge Curricula/Cambridge AS and A Level/English 1st (9093)/AS Level/2023/Oct-Nov (Variant 3),9093_w23_ms_23.pdf,,http,,MSMark Scheme 2 (v3),https://pastpapers.co/caie/a-level/english-9093/2023-oct-nov/9093_w23_qp_12.pdf
https://pastpapers.co/caie/a-level/english-9093/2023-oct-nov/9093_w23_ms_31.pdf,Question Banks/Cambridge Curricula/Cambridge AS and A Level/English 1st (9093)/A Level/2023/Oct-Nov (Variant 1),9093_w23_ms_31.pdf,,http,,MSMark Scheme 3 (v1),https://pastpapers.co/caie/a-level/english-9093/2023-oct-nov/9093_w23_qp_12.pdf
https://pastpapers.co/caie/a-level/english-9093/2023-oct-nov/9093_w23_ms_32.pdf,Question Banks/Cambridge Curricula/Cambridge AS and A Level/English 1st (9093)/A Level/2023/Oct-Nov (Variant 2),9093_w23_ms_32.pdf,,http,,MSMark Scheme 3 (v2),https://pastpapers.co/caie/a-level/english-9093/2023-oct-nov/9093_w23_qp_12.pdf
https://pastpapers.co/caie/a-level/english-9093/2023-oct-nov/9093_w23_ms_33.pdf,Question Banks/Cambridge Curricula/Cambridge AS and A Level/English 1st (9093)/A Level/2023/Oct-Nov (Variant 3),9093_w23_ms_33.pdf,,http,,MSMark Scheme 3 (v3),https://pastpapers.co/caie/a-level/english-9093/2023-oct-nov/9093_w23_qp_12.pdf
https://pastpapers.co/caie/a-level/english-9093/2023-oct-nov/9093_w23_ms_41.pdf,Question Banks/Cambridge Curricula/Cambridge AS and A Level/English 1st (9093)/A Level/2023/Oct-Nov (Variant 1),9093_w23_ms_41.pdf,,http,,MSMark Scheme 4 (v1),https://pastpapers.co/caie/a-level/english-9093/2023-oct-nov/9093_w23_qp_12.pdf
https://pastpapers.co/caie/a-level/english-9093/2023-oct-nov/9093_w23_ms_42.pdf,Question Banks/Cambridge Curricula/Cambridge AS and A Level/English 1st (9093)/A Level/2023/Oct-Nov (Variant 2),9093_w23_ms_42.pdf,,http,,MSMark Scheme 4 (v2),https://pastpapers.co/caie/a-level/english-9093/2023-oct-nov/9093_w23_qp_12.pdf
https://pastpapers.co/caie/a-level/english-9093/2023-oct-nov/9093_w23_ms_43.pdf,Question Banks/Cambridge Curricula/Cambridge AS and A Level/English 1st (9093)/A Level/2023/Oct-Nov (Variant 3),9093_w23_ms_43.pdf,,http,,MSMark Scheme 4 (v3),https://pastpapers.co/caie/a-level/english-9093/2023-oct-nov/9093_w23_qp_12.pdf
https://pastpapers.co/caie/a-level/english-9093/2024-oct-nov/9093_w24_ms_11.pdf,Question Banks/Cambridge Curricula/Cambridge AS and A Level/English 1st (9093)/AS Level/2024/Oct-Nov (Variant 1),9093_w24_ms_11.pdf,,http,,MSMark Scheme 1 (v1),https://pastpapers.co/caie/a-level/english-9093/2024-oct-nov/9093_w24_qp_12.pdf
https://pastpapers.co/caie/a-level/english-9093/2024-oct-nov/9093_w24_ms_12.pdf,Question Banks/Cambridge Curricula/Cambridge AS and A Level/English 1st (9093)/AS Level/2024/Oct-Nov (Variant 2),9093_w24_ms_12.pdf,,http,,MSMark Scheme 1 (v2),https://pastpapers.co/caie/a-level/english-9093/2024-oct-nov/9093_w24_qp_12.pdf
https://pastpapers.co/caie/a-level/english-9093/2024-oct-nov/9093_w24_ms_13.pdf,Question Banks/Cambridge Curricula/Cambridge AS and A Level/English 1st (9093)/AS Level/2024/Oct-Nov (Variant 3),9093_w24_ms_13.pdf,,http,,MSMark Scheme 1 (v3),https://pastpapers.co/caie/a-level/english-9093/2024-oct-nov/9093_w24_qp_12.pdf
https://pastpapers.co/caie/a-level/english-9093/2024-oct-nov/9093_w24_ms_21.pdf,Question Banks/Cambridge Curricula/Cambridge AS and A Level/English 1st (9093)/AS Level/2024/Oct-Nov (Variant 1),9093_w24_ms_21.pdf,,http,,MSMark Scheme 2 (v1),https://pastpapers.co/caie/a-level/english-9093/2024-oct-nov/9093_w24_qp_12.pdf
https://pastpapers.co/caie/a-level/english-9093/2024-oct-nov/9093_w24_ms_22.pdf,Question Banks/Cambridge Curricula/Cambridge AS and A Level/English 1st (9093)/AS Level/2024/Oct-Nov (Variant 2),9093_w24_ms_22.pdf,,http,,MSMark Scheme 2 (v2),https://pastpapers.co/caie/a-level/english-9093/2024-oct-nov/9093_w24_qp_12.pdf
https://pastpapers.co/caie/a-level/english-9093/2024-oct-nov/9093_w24_ms_23.pdf,Question Banks/Cambridge Curricula/Cambridge AS and A Level/English 1st (9093)/AS Level/2024/Oct-Nov (Variant 3),9093_w24_ms_23.pdf,,http,,MSMark Scheme 2 (v3),https://pastpapers.co/caie/a-level/english-9093/2024-oct-nov/9093_w24_qp_12.pdf
https://pastpapers.co/caie/a-level/english-9093/2024-oct-nov/9093_w24_ms_31.pdf,Question Banks/Cambridge Curricula/Cambridge AS and A Level/English 1st (9093)/A Level/2024/Oct-Nov (Variant 1),9093_w24_ms_31.pdf,,http,,MSMark Scheme 3 (v1),https://pastpapers.co/caie/a-level/english-9093/2024-oct-nov/9093_w24_qp_12.pdf
https://pastpapers.co/caie/a-level/english-9093/2024-oct-nov/9093_w24_ms_32.pdf,Question Banks/Cambridge Curricula/Cambridge AS and A Level/English 1st (9093)/A Level/2024/Oct-Nov (Variant 2),9093_w24_ms_32.pdf,,http,,MSMark Scheme 3 (v2),https://pastpapers.co/caie/a-level/english-9093/2024-oct-nov/9093_w24_qp_12.pdf
https://pastpapers.co/caie/a-level/english-9093/2024-oct-nov/9093_w24_ms_33.pdf,Question Banks/Cambridge Curricula/Cambridge AS and A Level/English 1st (9093)/A Level/2024/Oct-Nov (Variant 3),9093_w24_ms_33.pdf,,http,,MSMark Scheme 3 (v3),https://pastpapers.co/caie/a-level/english-9093/2024-oct-nov/9093_w24_qp_12.pdf
https://pastpapers.co/caie/a-level/english-9093/2024-oct-nov/9093_w24_ms_41.pdf,Question Banks/Cambridge Curricula/Cambridge AS and A Level/English 1st (9093)/A Level/2024/Oct-Nov (Variant 1),9093_w24_ms_41.pdf,,http,,MSMark Scheme 4 (v1),https://pastpapers.co/caie/a-level/english-9093/2024-oct-nov/9093_w24_qp_12.pdf
https://pastpapers.co/caie/a-level/english-9093/2024-oct-nov/9093_w24_ms_42.pdf,Question Banks/Cambridge Curricula/Cambridge AS and A Level/English 1st (9093)/A Level/2024/Oct-Nov (Variant 2),9093_w24_ms_42.pdf,,http,,MSMark Scheme 4 (v2),https://pastpapers.co/caie/a-level/english-9093/2024-oct-nov/9093_w24_qp_12.pdf
https://pastpapers.co/caie/a-level/english-9093/2024-oct-nov/9093_w24_ms_43.pdf,Question Banks/Cambridge Curricula/Cambridge AS and A Level/English 1st (9093)/A Level/2024/Oct-Nov (Variant 3),9093_w24_ms_43.pdf,,http,,MSMark Scheme 4 (v3),https://pastpapers.co/caie/a-level/english-9093/2024-oct-nov/9093_w24_qp_12.pdf
https://pastpapers.co/caie/a-level/english-9093/2025-oct-nov/9093_w25_ms_11.pdf,Question Banks/Cambridge Curricula/Cambridge AS and A Level/English 1st (9093)/AS Level/2025/Oct-Nov (Variant 1),9093_w25_ms_11.pdf,,http,,MSMark Scheme 1 (v1),https://pastpapers.co/caie/a-level/english-9093/2025-oct-nov/9093_w25_qp_12.pdf
https://pastpapers.co/caie/a-level/english-9093/2025-oct-nov/9093_w25_ms_12.pdf,Question Banks/Cambridge Curricula/Cambridge AS and A Level/English 1st (9093)/AS Level/2025/Oct-Nov (Variant 2),9093_w25_ms_12.pdf,,http,,MSMark Scheme 1 (v2),https://pastpapers.co/caie/a-level/english-9093/2025-oct-nov/9093_w25_qp_12.pdf
https://pastpapers.co/caie/a-level/english-9093/2025-oct-nov/9093_w25_ms_13.pdf,Question Banks/Cambridge Curricula/Cambridge AS and A Level/English 1st (9093)/AS Level/2025/Oct-Nov (Variant 3),9093_w25_ms_13.pdf,,http,,MSMark Scheme 1 (v3),https://pastpapers.co/caie/a-level/english-9093/2025-oct-nov/9093_w25_qp_12.pdf
https://pastpapers.co/caie/a-level/english-9093/2025-oct-nov/9093_w25_ms_21.pdf,Question Banks/Cambridge Curricula/Cambridge AS and A Level/English 1st (9093)/AS Level/2025/Oct-Nov (Variant 1),9093_w25_ms_21.pdf,,http,,MSMark Scheme 2 (v1),https://pastpapers.co/caie/a-level/english-9093/2025-oct-nov/9093_w25_qp_12.pdf
https://pastpapers.co/caie/a-level/english-9093/2025-oct-nov/9093_w25_ms_22.pdf,Question Banks/Cambridge Curricula/Cambridge AS and A Level/English 1st (9093)/AS Level/2025/Oct-Nov (Variant 2),9093_w25_ms_22.pdf,,http,,MSMark Scheme 2 (v2),https://pastpapers.co/caie/a-level/english-9093/2025-oct-nov/9093_w25_qp_12.pdf
https://pastpapers.co/caie/a-level/english-9093/2025-oct-nov/9093_w25_ms_23.pdf,Question Banks/Cambridge Curricula/Cambridge AS and A Level/English 1st (9093)/AS Level/2025/Oct-Nov (Variant 3),9093_w25_ms_23.pdf,,http,,MSMark Scheme 2 (v3),https://pastpapers.co/caie/a-level/english-9093/2025-oct-nov/9093_w25_qp_12.pdf
https://pastpapers.co/caie/a-level/english-9093/2025-oct-nov/9093_w25_ms_31.pdf,Question Banks/Cambridge Curricula/Cambridge AS and A Level/English 1st (9093)/A Level/2025/Oct-Nov (Variant 1),9093_w25_ms_31.pdf,,http,,MSMark Scheme 3 (v1),https://pastpapers.co/caie/a-level/english-9093/2025-oct-nov/9093_w25_qp_12.pdf
https://pastpapers.co/caie/a-level/english-9093/2025-oct-nov/9093_w25_ms_32.pdf,Question Banks/Cambridge Curricula/Cambridge AS and A Level/English 1st (9093)/A Level/2025/Oct-Nov (Variant 2),9093_w25_ms_32.pdf,,http,,MSMark Scheme 3 (v2),https://pastpapers.co/caie/a-level/english-9093/2025-oct-nov/9093_w25_qp_12.pdf
https://pastpapers.co/caie/a-level/english-9093/2025-oct-nov/9093_w25_ms_33.pdf,Question Banks/Cambridge Curricula/Cambridge AS and A Level/English 1st (9093)/A Level/2025/Oct-Nov (Variant 3),9093_w25_ms_33.pdf,,http,,MSMark Scheme 3 (v3),https://pastpapers.co/caie/a-level/english-9093/2025-oct-nov/9093_w25_qp_12.pdf
https://pastpapers.co/caie/a-level/english-9093/2025-oct-nov/9093_w25_ms_41.pdf,Question Banks/Cambridge Curricula/Cambridge AS and A Level/English 1st (9093)/A Level/2025/Oct-Nov (Variant 1),9093_w25_ms_41.pdf,,http,,MSMark Scheme 4 (v1),https://pastpapers.co/caie/a-level/english-9093/2025-oct-nov/9093_w25_qp_12.pdf
https://pastpapers.co/caie/a-level/english-9093/2025-oct-nov/9093_w25_ms_42.pdf,Question Banks/Cambridge Curricula/Cambridge AS and A Level/English 1st (9093)/A Level/2025/Oct-Nov (Variant 2),9093_w25_ms_42.pdf,,http,,MSMark Scheme 4 (v2),https://pastpapers.co/caie/a-level/english-9093/2025-oct-nov/9093_w25_qp_12.pdf
https://pastpapers.co/caie/a-level/english-9093/2025-oct-nov/9093_w25_ms_43.pdf,Question Banks/Cambridge Curricula/Cambridge AS and A Level/English 1st (9093)/A Level/2025/Oct-Nov (Variant 3),9093_w25_ms_43.pdf,,http,,MSMark Scheme 4 (v3),https://pastpapers.co/caie/a-level/english-9093/2025-oct-nov/9093_w25_qp_12.pdf
https://pastpapers.co/api/file/caie/a-level/english-9093/2020-march/9093_m20_qp_12.pdf,Question Banks/Cambridge Curricula/Cambridge AS and A Level/English 1st (9093)/AS Level/2020/March (Variant 2),9093_m20_qp_12.pdf,,http,https://pastpapers.co/api/file/caie/a-level/english-9093/2020-march/9093_m20_qp_12.pdf?download=1,,https://pastpapers.co/caie/a-level/english-9093/2020-march/9093_m20_qp_12.pdf
https://pastpapers.co/caie/a-level/english-9093/2020-march/9093_m20_qp_22.pdf,Question Banks/Cambridge Curricula/Cambridge AS and A Level/English 1st (9093)/AS Level/2020/March (Variant 2),9093_m20_qp_22.pdf,,http,,QPQuestion Paper 2 (v2),https://pastpapers.co/caie/a-level/english-9093/2020-march/9093_m20_qp_12.pdf
https://pastpapers.co/caie/a-level/english-9093/2020-march/9093_m20_qp_32.pdf,Question Banks/Cambridge Curricula/Cambridge AS and A Level/English 1st (9093)/A Level/2020/March (Variant 2),9093_m20_qp_32.pdf,,http,,QPQuestion Paper 3 (v2),https://pastpapers.co/caie/a-level/english-9093/2020-march/9093_m20_qp_12.pdf
https://pastpapers.co/caie/a-level/english-9093/2020-march/9093_m20_qp_42.pdf,Question Banks/Cambridge Curricula/Cambridge AS and A Level/English 1st (9093)/A Level/2020/March (Variant 2),9093_m20_qp_42.pdf,,http,,QPQuestion Paper 4 (v2),https://pastpapers.co/caie/a-level/english-9093/2020-march/9093_m20_qp_12.pdf
https://pastpapers.co/api/file/caie/a-level/english-9093/2021-march/9093_m21_qp_12.pdf,Question Banks/Cambridge Curricula/Cambridge AS and A Level/English 1st (9093)/AS Level/2021/March (Variant 2),9093_m21_qp_12.pdf,,http,https://pastpapers.co/api/file/caie/a-level/english-9093/2021-march/9093_m21_qp_12.pdf?download=1,,https://pastpapers.co/caie/a-level/english-9093/2021-march/9093_m21_qp_12.pdf
https://pastpapers.co/caie/a-level/english-9093/2021-march/9093_m21_qp_22.pdf,Question Banks/Cambridge Curricula/Cambridge AS and A Level/English 1st (9093)/AS Level/2021/March (Variant 2),9093_m21_qp_22.pdf,,http,,QPQuestion Paper 2 (v2),https://pastpapers.co/caie/a-level/english-9093/2021-march/9093_m21_qp_12.pdf
https://pastpapers.co/caie/a-level/english-9093/2021-march/9093_m21_qp_32.pdf,Question Banks/Cambridge Curricula/Cambridge AS and A Level/English 1st (9093)/A Level/2021/March (Variant 2),9093_m21_qp_32.pdf,,http,,QPQuestion Paper 3 (v2),https://pastpapers.co/caie/a-level/english-9093/2021-march/9093_m21_qp_12.pdf
https://pastpapers.co/caie/a-level/english-9093/2021-march/9093_m21_qp_42.pdf,Question Banks/Cambridge Curricula/Cambridge AS and A Level/English 1st (9093)/A Level/2021/March (Variant 2),9093_m21_qp_42.pdf,,http,,QPQuestion Paper 4 (v2),https://pastpapers.co/caie/a-level/english-9093/2021-march/9093_m21_qp_12.pdf
https://pastpapers.co/api/file/caie/a-level/english-9093/2023-march/9093_m23_qp_12.pdf,Question Banks/Cambridge Curricula/Cambridge AS and A Level/English 1st (9093)/AS Level/2023/March (Variant 2),9093_m23_qp_12.pdf,,http,https://pastpapers.co/api/file/caie/a-level/english-9093/2023-march/9093_m23_qp_12.pdf?download=1,,https://pastpapers.co/caie/a-level/english-9093/2023-march/9093_m23_qp_12.pdf
https://pastpapers.co/caie/a-level/english-9093/2023-march/9093_m23_qp_22.pdf,Question Banks/Cambridge Curricula/Cambridge AS and A Level/English 1st (9093)/AS Level/2023/March (Variant 2),9093_m23_qp_22.pdf,,http,,QPQuestion Paper 2 (v2),https://pastpapers.co/caie/a-level/english-9093/2023-march/9093_m23_qp_12.pdf
https://pastpapers.co/caie/a-level/english-9093/2023-march/9093_m23_qp_32.pdf,Question Banks/Cambridge Curricula/Cambridge AS and A Level/English 1st (9093)/A Level/2023/March (Variant 2),9093_m23_qp_32.pdf,,http,,QPQuestion Paper 3 (v2),https://pastpapers.co/caie/a-level/english-9093/2023-march/9093_m23_qp_12.pdf
https://pastpapers.co/caie/a-level/english-9093/2023-march/9093_m23_qp_42.pdf,Question Banks/Cambridge Curricula/Cambridge AS and A Level/English 1st (9093)/A Level/2023/March (Variant 2),9093_m23_qp_42.pdf,,http,,QPQuestion Paper 4 (v2),https://pastpapers.co/caie/a-level/english-9093/2023-march/9093_m23_qp_12.pdf
https://pastpapers.co/api/file/caie/a-level/english-9093/2024-march/9093_m24_qp_12.pdf,Question Banks/Cambridge Curricula/Cambridge AS and A Level/English 1st (9093)/AS Level/2024/March (Variant 2),9093_m24_qp_12.pdf,,http,https://pastpapers.co/api/file/caie/a-level/english-9093/2024-march/9093_m24_qp_12.pdf?download=1,,https://pastpapers.co/caie/a-level/english-9093/2024-march/9093_m24_qp_12.pdf
https://pastpapers.co/caie/a-level/english-9093/2024-march/9093_m24_qp_22.pdf,Question Banks/Cambridge Curricula/Cambridge AS and A Level/English 1st (9093)/AS Level/2024/March (Variant 2),9093_m24_qp_22.pdf,,http,,QPQuestion Paper 2 (v2),https://pastpapers.co/caie/a-level/english-9093/2024-march/9093_m24_qp_12.pdf
https://pastpapers.co/caie/a-level/english-9093/2024-march/9093_m24_qp_32.pdf,Question Banks/Cambridge Curricula/Cambridge AS and A Level/English 1st (9093)/A Level/2024/March (Variant 2),9093_m24_qp_32.pdf,,http,,QPQuestion Paper 3 (v2),https://pastpapers.co/caie/a-level/english-9093/2024-march/9093_m24_qp_12.pdf
https://pastpapers.co/caie/a-level/english-9093/2024-march/9093_m24_qp_42.pdf,Question Banks/Cambridge Curricula/Cambridge AS and A Level/English 1st (9093)/A Level/2024/March (Variant 2),9093_m24_qp_42.pdf,,http,,QPQuestion Paper 4 (v2),https://pastpapers.co/caie/a-level/english-9093/2024-march/9093_m24_qp_12.pdf
https://pastpapers.co/api/file/caie/a-level/english-9093/2025-march/9093_m25_qp_12.pdf,Question Banks/Cambridge Curricula/Cambridge AS and A Level/English 1st (9093)/AS Level/2025/March (Variant 2),9093_m25_qp_12.pdf,,http,https://pastpapers.co/api/file/caie/a-level/english-9093/2025-march/9093_m25_qp_12.pdf?download=1,,https://pastpapers.co/caie/a-level/english-9093/2025-march/9093_m25_qp_12.pdf
https://pastpapers.co/caie/a-level/english-9093/2025-march/9093_m25_qp_22.pdf,Question Banks/Cambridge Curricula/Cambridge AS and A Level/English 1st (9093)/AS Level/2025/March (Variant 2),9093_m25_qp_22.pdf,,http,,QPQuestion Paper 2 (v2),https://pastpapers.co/caie/a-level/english-9093/2025-march/9093_m25_qp_12.pdf
https://pastpapers.co/caie/a-level/english-9093/2025-march/9093_m25_qp_32.pdf,Question Banks/Cambridge Curricula/Cambridge AS and A Level/English 1st (9093)/A Level/2025/March (Variant 2),9093_m25_qp_32.pdf,,http,,QPQuestion Paper 3 (v2),https://pastpapers.co/caie/a-level/english-9093/2025-march/9093_m25_qp_12.pdf
https://pastpapers.co/caie/a-level/english-9093/2025-march/9093_m25_qp_42.pdf,Question Banks/Cambridge Curricula/Cambridge AS and A Level/English 1st (9093)/A Level/2025/March (Variant 2),9093_m25_qp_42.pdf,,http,,QPQuestion Paper 4 (v2),https://pastpapers.co/caie/a-level/english-9093/2025-march/9093_m25_qp_12.pdf
https://pastpapers.co/caie/a-level/english-9093/2020-may-june/9093_s20_qp_11.pdf,Question Banks/Cambridge Curricula/Cambridge AS and A Level/English 1st (9093)/AS Level/2020/May-June (Variant 1),9093_s20_qp_11.pdf,,http,,QPQuestion Paper 1 (v1),https://pastpapers.co/caie/a-level/english-9093/2020-may-june/9093_s20_qp_12.pdf
https://pastpapers.co/api/file/caie/a-level/english-9093/2020-may-june/9093_s20_qp_12.pdf,Question Banks/Cambridge Curricula/Cambridge AS and A Level/English 1st (9093)/AS Level/2020/May-June (Variant 2),9093_s20_qp_12.pdf,,http,https://pastpapers.co/api/file/caie/a-level/english-9093/2020-may-june/9093_s20_qp_12.pdf?download=1,,https://pastpapers.co/caie/a-level/english-9093/2020-may-june/9093_s20_qp_12.pdf
https://pastpapers.co/caie/a-level/english-9093/2020-may-june/9093_s20_qp_13.pdf,Question Banks/Cambridge Curricula/Cambridge AS and A Level/English 1st (9093)/AS Level/2020/May-June (Variant 3),9093_s20_qp_13.pdf,,http,,QPQuestion Paper 1 (v3),https://pastpapers.co/caie/a-level/english-9093/2020-may-june/9093_s20_qp_12.pdf
https://pastpapers.co/caie/a-level/english-9093/2020-may-june/9093_s20_qp_21.pdf,Question Banks/Cambridge Curricula/Cambridge AS and A Level/English 1st (9093)/AS Level/2020/May-June (Variant 1),9093_s20_qp_21.pdf,,http,,QPQuestion Paper 2 (v1),https://pastpapers.co/caie/a-level/english-9093/2020-may-june/9093_s20_qp_12.pdf
https://pastpapers.co/caie/a-level/english-9093/2020-may-june/9093_s20_qp_22.pdf,Question Banks/Cambridge Curricula/Cambridge AS and A Level/English 1st (9093)/AS Level/2020/May-June (Variant 2),9093_s20_qp_22.pdf,,http,,QPQuestion Paper 2 (v2),https://pastpapers.co/caie/a-level/english-9093/2020-may-june/9093_s20_qp_12.pdf
https://pastpapers.co/caie/a-level/english-9093/2020-may-june/9093_s20_qp_23.pdf,Question Banks/Cambridge Curricula/Cambridge AS and A Level/English 1st (9093)/AS Level/2020/May-June (Variant 3),9093_s20_qp_23.pdf,,http,,QPQuestion Paper 2 (v3),https://pastpapers.co/caie/a-level/english-9093/2020-may-june/9093_s20_qp_12.pdf
https://pastpapers.co/caie/a-level/english-9093/2020-may-june/9093_s20_qp_31.pdf,Question Banks/Cambridge Curricula/Cambridge AS and A Level/English 1st (9093)/A Level/2020/May-June (Variant 1),9093_s20_qp_31.pdf,,http,,QPQuestion Paper 3 (v1),https://pastpapers.co/caie/a-level/english-9093/2020-may-june/9093_s20_qp_12.pdf
https://pastpapers.co/caie/a-level/english-9093/2020-may-june/9093_s20_qp_32.pdf,Question Banks/Cambridge Curricula/Cambridge AS and A Level/English 1st (9093)/A Level/2020/May-June (Variant 2),9093_s20_qp_32.pdf,,http,,QPQuestion Paper 3 (v2),https://pastpapers.co/caie/a-level/english-9093/2020-may-june/9093_s20_qp_12.pdf
https://pastpapers.co/caie/a-level/english-9093/2020-may-june/9093_s20_qp_33.pdf,Question Banks/Cambridge Curricula/Cambridge AS and A Level/English 1st (9093)/A Level/2020/May-June (Variant 3),9093_s20_qp_33.pdf,,http,,QPQuestion Paper 3 (v3),https://pastpapers.co/caie/a-level/english-9093/2020-may-june/9093_s20_qp_12.pdf
https://pastpapers.co/caie/a-level/english-9093/2020-may-june/9093_s20_qp_41.pdf,Question Banks/Cambridge Curricula/Cambridge AS and A Level/English 1st (9093)/A Level/2020/May-June (Variant 1),9093_s20_qp_41.pdf,,http,,QPQuestion Paper 4 (v1),https://pastpapers.co/caie/a-level/english-9093/2020-may-june/9093_s20_qp_12.pdf
https://pastpapers.co/caie/a-level/english-9093/2020-may-june/9093_s20_qp_42.pdf,Question Banks/Cambridge Curricula/Cambridge AS and A Level/English 1st (9093)/A Level/2020/May-June (Variant 2),9093_s20_qp_42.pdf,,http,,QPQuestion Paper 4 (v2),https://pastpapers.co/caie/a-level/english-9093/2020-may-june/9093_s20_qp_12.pdf
https://pastpapers.co/caie/a-level/english-9093/2020-may-june/9093_s20_qp_43.pdf,Question Banks/Cambridge Curricula/Cambridge AS and A Level/English 1st (9093)/A Level/2020/May-June (Variant 3),9093_s20_qp_43.pdf,,http,,QPQuestion Paper 4 (v3),https://pastpapers.co/caie/a-level/english-9093/2020-may-june/9093_s20_qp_12.pdf
https://pastpapers.co/caie/a-level/english-9093/2021-may-june/9093_s21_qp_11.pdf,Question Banks/Cambridge Curricula/Cambridge AS and A Level/English 1st (9093)/AS Level/2021/May-June (Variant 1),9093_s21_qp_11.pdf,,http,,QPQuestion Paper 1 (v1),https://pastpapers.co/caie/a-level/english-9093/2021-may-june/9093_s21_qp_12.pdf
https://pastpapers.co/api/file/caie/a-level/english-9093/2021-may-june/9093_s21_qp_12.pdf,Question Banks/Cambridge Curricula/Cambridge AS and A Level/English 1st (9093)/AS Level/2021/May-June (Variant 2),9093_s21_qp_12.pdf,,http,https://pastpapers.co/api/file/caie/a-level/english-9093/2021-may-june/9093_s21_qp_12.pdf?download=1,,https://pastpapers.co/caie/a-level/english-9093/2021-may-june/9093_s21_qp_12.pdf
https://pastpapers.co/caie/a-level/english-9093/2021-may-june/9093_s21_qp_13.pdf,Question Banks/Cambridge Curricula/Cambridge AS and A Level/English 1st (9093)/AS Level/2021/May-June (Variant 3),9093_s21_qp_13.pdf,,http,,QPQuestion Paper 1 (v3),https://pastpapers.co/caie/a-level/english-9093/2021-may-june/9093_s21_qp_12.pdf
https://pastpapers.co/caie/a-level/english-9093/2021-may-june/9093_s21_qp_21.pdf,Question Banks/Cambridge Curricula/Cambridge AS and A Level/English 1st (9093)/AS Level/2021/May-June (Variant 1),9093_s21_qp_21.pdf,,http,,QPQuestion Paper 2 (v1),https://pastpapers.co/caie/a-level/english-9093/2021-may-june/9093_s21_qp_12.pdf
https://pastpapers.co/caie/a-level/english-9093/2021-may-june/9093_s21_qp_22.pdf,Question Banks/Cambridge Curricula/Cambridge AS and A Level/English 1st (9093)/AS Level/2021/May-June (Variant 2),9093_s21_qp_22.pdf,,http,,QPQuestion Paper 2 (v2),https://pastpapers.co/caie/a-level/english-9093/2021-may-june/9093_s21_qp_12.pdf
https://pastpapers.co/caie/a-level/english-9093/2021-may-june/9093_s21_qp_23.pdf,Question Banks/Cambridge Curricula/Cambridge AS and A Level/English 1st (9093)/AS Level/2021/May-June (Variant 3),9093_s21_qp_23.pdf,,http,,QPQuestion Paper 2 (v3),https://pastpapers.co/caie/a-level/english-9093/2021-may-june/9093_s21_qp_12.pdf
https://pastpapers.co/caie/a-level/english-9093/2021-may-june/9093_s21_qp_31.pdf,Question Banks/Cambridge Curricula/Cambridge AS and A Level/English 1st (9093)/A Level/2021/May-June (Variant 1),9093_s21_qp_31.pdf,,http,,QPQuestion Paper 3 (v1),https://pastpapers.co/caie/a-level/english-9093/2021-may-june/9093_s21_qp_12.pdf
https://pastpapers.co/caie/a-level/english-9093/2021-may-june/9093_s21_qp_32.pdf,Question Banks/Cambridge Curricula/Cambridge AS and A Level/English 1st (9093)/A Level/2021/May-June (Variant 2),9093_s21_qp_32.pdf,,http,,QPQuestion Paper 3 (v2),https://pastpapers.co/caie/a-level/english-9093/2021-may-june/9093_s21_qp_12.pdf
https://pastpapers.co/caie/a-level/english-9093/2021-may-june/9093_s21_qp_33.pdf,Question Banks/Cambridge Curricula/Cambridge AS and A Level/English 1st (9093)/A Level/2021/May-June (Variant 3),9093_s21_qp_33.pdf,,http,,QPQuestion Paper 3 (v3),https://pastpapers.co/caie/a-level/english-9093/2021-may-june/9093_s21_qp_12.pdf
https://pastpapers.co/caie/a-level/english-9093/2021-may-june/9093_s21_qp_41.pdf,Question Banks/Cambridge Curricula/Cambridge AS and A Level/English 1st (9093)/A Level/2021/May-June (Variant 1),9093_s21_qp_41.pdf,,http,,QPQuestion Paper 4 (v1),https://pastpapers.co/caie/a-level/english-9093/2021-may-june/9093_s21_qp_12.pdf
https://pastpapers.co/caie/a-level/english-9093/2021-may-june/9093_s21_qp_42.pdf,Question Banks/Cambridge Curricula/Cambridge AS and A Level/English 1st (9093)/A Level/2021/May-June (Variant 2),9093_s21_qp_42.pdf,,http,,QPQuestion Paper 4 (v2),https://pastpapers.co/caie/a-level/english-9093/2021-may-june/9093_s21_qp_12.pdf
https://pastpapers.co/caie/a-level/english-9093/2021-may-june/9093_s21_qp_43.pdf,Question Banks/Cambridge Curricula/Cambridge AS and A Level/English 1st (9093)/A Level/2021/May-June (Variant 3),9093_s21_qp_43.pdf,,http,,QPQuestion Paper 4 (v3),https://pastpapers.co/caie/a-level/english-9093/2021-may-june/9093_s21_qp_12.pdf
https://pastpapers.co/caie/a-level/english-9093/2022-may-june/9093_s22_qp_11.pdf,Question Banks/Cambridge Curricula/Cambridge AS and A Level/English 1st (9093)/AS Level/2022/May-June (Variant 1),9093_s22_qp_11.pdf,,http,,QPQuestion Paper 1 (v1),https://pastpapers.co/caie/a-level/english-9093/2022-may-june/9093_s22_qp_12.pdf
https://pastpapers.co/api/file/caie/a-level/english-9093/2022-may-june/9093_s22_qp_12.pdf,Question Banks/Cambridge Curricula/Cambridge AS and A Level/English 1st (9093)/AS Level/2022/May-June (Variant 2),9093_s22_qp_12.pdf,,http,https://pastpapers.co/api/file/caie/a-level/english-9093/2022-may-june/9093_s22_qp_12.pdf?download=1,,https://pastpapers.co/caie/a-level/english-9093/2022-may-june/9093_s22_qp_12.pdf
https://pastpapers.co/caie/a-level/english-9093/2022-may-june/9093_s22_qp_13.pdf,Question Banks/Cambridge Curricula/Cambridge AS and A Level/English 1st (9093)/AS Level/2022/May-June (Variant 3),9093_s22_qp_13.pdf,,http,,QPQuestion Paper 1 (v3),https://pastpapers.co/caie/a-level/english-9093/2022-may-june/9093_s22_qp_12.pdf
https://pastpapers.co/caie/a-level/english-9093/2022-may-june/9093_s22_qp_21.pdf,Question Banks/Cambridge Curricula/Cambridge AS and A Level/English 1st (9093)/AS Level/2022/May-June (Variant 1),9093_s22_qp_21.pdf,,http,,QPQuestion Paper 2 (v1),https://pastpapers.co/caie/a-level/english-9093/2022-may-june/9093_s22_qp_12.pdf
https://pastpapers.co/caie/a-level/english-9093/2022-may-june/9093_s22_qp_22.pdf,Question Banks/Cambridge Curricula/Cambridge AS and A Level/English 1st (9093)/AS Level/2022/May-June (Variant 2),9093_s22_qp_22.pdf,,http,,QPQuestion Paper 2 (v2),https://pastpapers.co/caie/a-level/english-9093/2022-may-june/9093_s22_qp_12.pdf
https://pastpapers.co/caie/a-level/english-9093/2022-may-june/9093_s22_qp_23.pdf,Question Banks/Cambridge Curricula/Cambridge AS and A Level/English 1st (9093)/AS Level/2022/May-June (Variant 3),9093_s22_qp_23.pdf,,http,,QPQuestion Paper 2 (v3),https://pastpapers.co/caie/a-level/english-9093/2022-may-june/9093_s22_qp_12.pdf
https://pastpapers.co/caie/a-level/english-9093/2022-may-june/9093_s22_qp_31.pdf,Question Banks/Cambridge Curricula/Cambridge AS and A Level/English 1st (9093)/A Level/2022/May-June (Variant 1),9093_s22_qp_31.pdf,,http,,QPQuestion Paper 3 (v1),https://pastpapers.co/caie/a-level/english-9093/2022-may-june/9093_s22_qp_12.pdf
https://pastpapers.co/caie/a-level/english-9093/2022-may-june/9093_s22_qp_32.pdf,Question Banks/Cambridge Curricula/Cambridge AS and A Level/English 1st (9093)/A Level/2022/May-June (Variant 2),9093_s22_qp_32.pdf,,http,,QPQuestion Paper 3 (v2),https://pastpapers.co/caie/a-level/english-9093/2022-may-june/9093_s22_qp_12.pdf
https://pastpapers.co/caie/a-level/english-9093/2022-may-june/9093_s22_qp_33.pdf,Question Banks/Cambridge Curricula/Cambridge AS and A Level/English 1st (9093)/A Level/2022/May-June (Variant 3),9093_s22_qp_33.pdf,,http,,QPQuestion Paper 3 (v3),https://pastpapers.co/caie/a-level/english-9093/2022-may-june/9093_s22_qp_12.pdf
https://pastpapers.co/caie/a-level/english-9093/2022-may-june/9093_s22_qp_41.pdf,Question Banks/Cambridge Curricula/Cambridge AS and A Level/English 1st (9093)/A Level/2022/May-June (Variant 1),9093_s22_qp_41.pdf,,http,,QPQuestion Paper 4 (v1),https://pastpapers.co/caie/a-level/english-9093/2022-may-june/9093_s22_qp_12.pdf
https://pastpapers.co/caie/a-level/english-9093/2022-may-june/9093_s22_qp_42.pdf,Question Banks/Cambridge Curricula/Cambridge AS and A Level/English 1st (9093)/A Level/2022/May-June (Variant 2),9093_s22_qp_42.pdf,,http,,QPQuestion Paper 4 (v2),https://pastpapers.co/caie/a-level/english-9093/2022-may-june/9093_s22_qp_12.pdf
https://pastpapers.co/caie/a-level/english-9093/2022-may-june/9093_s22_qp_43.pdf,Question Banks/Cambridge Curricula/Cambridge AS and A Level/English 1st (9093)/A Level/2022/May-June (Variant 3),9093_s22_qp_43.pdf,,http,,QPQuestion Paper 4 (v3),https://pastpapers.co/caie/a-level/english-9093/2022-may-june/9093_s22_qp_12.pdf
https://pastpapers.co/caie/a-level/english-9093/2023-may-june/9093_s23_qp_11.pdf,Question Banks/Cambridge Curricula/Cambridge AS and A Level/English 1st (9093)/AS Level/2023/May-June (Variant 1),9093_s23_qp_11.pdf,,http,,QPQuestion Paper 1 (v1),https://pastpapers.co/caie/a-level/english-9093/2023-may-june/9093_s23_qp_12.pdf
https://pastpapers.co/api/file/caie/a-level/english-9093/2023-may-june/9093_s23_qp_12.pdf,Question Banks/Cambridge Curricula/Cambridge AS and A Level/English 1st (9093)/AS Level/2023/May-June (Variant 2),9093_s23_qp_12.pdf,,http,https://pastpapers.co/api/file/caie/a-level/english-9093/2023-may-june/9093_s23_qp_12.pdf?download=1,,https://pastpapers.co/caie/a-level/english-9093/2023-may-june/9093_s23_qp_12.pdf
https://pastpapers.co/caie/a-level/english-9093/2023-may-june/9093_s23_qp_13.pdf,Question Banks/Cambridge Curricula/Cambridge AS and A Level/English 1st (9093)/AS Level/2023/May-June (Variant 3),9093_s23_qp_13.pdf,,http,,QPQuestion Paper 1 (v3),https://pastpapers.co/caie/a-level/english-9093/2023-may-june/9093_s23_qp_12.pdf
https://pastpapers.co/caie/a-level/english-9093/2023-may-june/9093_s23_qp_21.pdf,Question Banks/Cambridge Curricula/Cambridge AS and A Level/English 1st (9093)/AS Level/2023/May-June (Variant 1),9093_s23_qp_21.pdf,,http,,QPQuestion Paper 2 (v1),https://pastpapers.co/caie/a-level/english-9093/2023-may-june/9093_s23_qp_12.pdf
https://pastpapers.co/caie/a-level/english-9093/2023-may-june/9093_s23_qp_22.pdf,Question Banks/Cambridge Curricula/Cambridge AS and A Level/English 1st (9093)/AS Level/2023/May-June (Variant 2),9093_s23_qp_22.pdf,,http,,QPQuestion Paper 2 (v2),https://pastpapers.co/caie/a-level/english-9093/2023-may-june/9093_s23_qp_12.pdf
https://pastpapers.co/caie/a-level/english-9093/2023-may-june/9093_s23_qp_23.pdf,Question Banks/Cambridge Curricula/Cambridge AS and A Level/English 1st (9093)/AS Level/2023/May-June (Variant 3),9093_s23_qp_23.pdf,,http,,QPQuestion Paper 2 (v3),https://pastpapers.co/caie/a-level/english-9093/2023-may-june/9093_s23_qp_12.pdf
https://pastpapers.co/caie/a-level/english-9093/2023-may-june/9093_s23_qp_31.pdf,Question Banks/Cambridge Curricula/Cambridge AS and A Level/English 1st (9093)/A Level/2023/May-June (Variant 1),9093_s23_qp_31.pdf,,http,,QPQuestion Paper 3 (v1),https://pastpapers.co/caie/a-level/english-9093/2023-may-june/9093_s23_qp_12.pdf
https://pastpapers.co/caie/a-level/english-9093/2023-may-june/9093_s23_qp_32.pdf,Question Banks/Cambridge Curricula/Cambridge AS and A Level/English 1st (9093)/A Level/2023/May-June (Variant 2),9093_s23_qp_32.pdf,,http,,QPQuestion Paper 3 (v2),https://pastpapers.co/caie/a-level/english-9093/2023-may-june/9093_s23_qp_12.pdf
https://pastpapers.co/caie/a-level/english-9093/2023-may-june/9093_s23_qp_33.pdf,Question Banks/Cambridge Curricula/Cambridge AS and A Level/English 1st (9093)/A Level/2023/May-June (Variant 3),9093_s23_qp_33.pdf,,http,,QPQuestion Paper 3 (v3),https://pastpapers.co/caie/a-level/english-9093/2023-may-june/9093_s23_qp_12.pdf
https://pastpapers.co/caie/a-level/english-9093/2023-may-june/9093_s23_qp_41.pdf,Question Banks/Cambridge Curricula/Cambridge AS and A Level/English 1st (9093)/A Level/2023/May-June (Variant 1),9093_s23_qp_41.pdf,,http,,QPQuestion Paper 4 (v1),https://pastpapers.co/caie/a-level/english-9093/2023-may-june/9093_s23_qp_12.pdf
https://pastpapers.co/caie/a-level/english-9093/2023-may-june/9093_s23_qp_42.pdf,Question Banks/Cambridge Curricula/Cambridge AS and A Level/English 1st (9093)/A Level/2023/May-June (Variant 2),9093_s23_qp_42.pdf,,http,,QPQuestion Paper 4 (v2),https://pastpapers.co/caie/a-level/english-9093/2023-may-june/9093_s23_qp_12.pdf
https://pastpapers.co/caie/a-level/english-9093/2023-may-june/9093_s23_qp_43.pdf,Question Banks/Cambridge Curricula/Cambridge AS and A Level/English 1st (9093)/A Level/2023/May-June (Variant 3),9093_s23_qp_43.pdf,,http,,QPQuestion Paper 4 (v3),https://pastpapers.co/caie/a-level/english-9093/2023-may-june/9093_s23_qp_12.pdf
https://pastpapers.co/caie/a-level/english-9093/2024-may-june/9093_s24_qp_11.pdf,Question Banks/Cambridge Curricula/Cambridge AS and A Level/English 1st (9093)/AS Level/2024/May-June (Variant 1),9093_s24_qp_11.pdf,,http,,QPQuestion Paper 1 (v1),https://pastpapers.co/caie/a-level/english-9093/2024-may-june/9093_s24_qp_12.pdf
https://pastpapers.co/api/file/caie/a-level/english-9093/2024-may-june/9093_s24_qp_12.pdf,Question Banks/Cambridge Curricula/Cambridge AS and A Level/English 1st (9093)/AS Level/2024/May-June (Variant 2),9093_s24_qp_12.pdf,,http,https://pastpapers.co/api/file/caie/a-level/english-9093/2024-may-june/9093_s24_qp_12.pdf?download=1,,https://pastpapers.co/caie/a-level/english-9093/2024-may-june/9093_s24_qp_12.pdf
https://pastpapers.co/caie/a-level/english-9093/2024-may-june/9093_s24_qp_13.pdf,Question Banks/Cambridge Curricula/Cambridge AS and A Level/English 1st (9093)/AS Level/2024/May-June (Variant 3),9093_s24_qp_13.pdf,,http,,QPQuestion Paper 1 (v3),https://pastpapers.co/caie/a-level/english-9093/2024-may-june/9093_s24_qp_12.pdf
https://pastpapers.co/caie/a-level/english-9093/2024-may-june/9093_s24_qp_21.pdf,Question Banks/Cambridge Curricula/Cambridge AS and A Level/English 1st (9093)/AS Level/2024/May-June (Variant 1),9093_s24_qp_21.pdf,,http,,QPQuestion Paper 2 (v1),https://pastpapers.co/caie/a-level/english-9093/2024-may-june/9093_s24_qp_12.pdf
https://pastpapers.co/caie/a-level/english-9093/2024-may-june/9093_s24_qp_22.pdf,Question Banks/Cambridge Curricula/Cambridge AS and A Level/English 1st (9093)/AS Level/2024/May-June (Variant 2),9093_s24_qp_22.pdf,,http,,QPQuestion Paper 2 (v2),https://pastpapers.co/caie/a-level/english-9093/2024-may-june/9093_s24_qp_12.pdf
https://pastpapers.co/caie/a-level/english-9093/2024-may-june/9093_s24_qp_23.pdf,Question Banks/Cambridge Curricula/Cambridge AS and A Level/English 1st (9093)/AS Level/2024/May-June (Variant 3),9093_s24_qp_23.pdf,,http,,QPQuestion Paper 2 (v3),https://pastpapers.co/caie/a-level/english-9093/2024-may-june/9093_s24_qp_12.pdf
https://pastpapers.co/caie/a-level/english-9093/2024-may-june/9093_s24_qp_31.pdf,Question Banks/Cambridge Curricula/Cambridge AS and A Level/English 1st (9093)/A Level/2024/May-June (Variant 1),9093_s24_qp_31.pdf,,http,,QPQuestion Paper 3 (v1),https://pastpapers.co/caie/a-level/english-9093/2024-may-june/9093_s24_qp_12.pdf
https://pastpapers.co/caie/a-level/english-9093/2024-may-june/9093_s24_qp_32.pdf,Question Banks/Cambridge Curricula/Cambridge AS and A Level/English 1st (9093)/A Level/2024/May-June (Variant 2),9093_s24_qp_32.pdf,,http,,QPQuestion Paper 3 (v2),https://pastpapers.co/caie/a-level/english-9093/2024-may-june/9093_s24_qp_12.pdf
https://pastpapers.co/caie/a-level/english-9093/2024-may-june/9093_s24_qp_33.pdf,Question Banks/Cambridge Curricula/Cambridge AS and A Level/English 1st (9093)/A Level/2024/May-June (Variant 3),9093_s24_qp_33.pdf,,http,,QPQuestion Paper 3 (v3),https://pastpapers.co/caie/a-level/english-9093/2024-may-june/9093_s24_qp_12.pdf
https://pastpapers.co/caie/a-level/english-9093/2024-may-june/9093_s24_qp_41.pdf,Question Banks/Cambridge Curricula/Cambridge AS and A Level/English 1st (9093)/A Level/2024/May-June (Variant 1),9093_s24_qp_41.pdf,,http,,QPQuestion Paper 4 (v1),https://pastpapers.co/caie/a-level/english-9093/2024-may-june/9093_s24_qp_12.pdf
https://pastpapers.co/caie/a-level/english-9093/2024-may-june/9093_s24_qp_42.pdf,Question Banks/Cambridge Curricula/Cambridge AS and A Level/English 1st (9093)/A Level/2024/May-June (Variant 2),9093_s24_qp_42.pdf,,http,,QPQuestion Paper 4 (v2),https://pastpapers.co/caie/a-level/english-9093/2024-may-june/9093_s24_qp_12.pdf
https://pastpapers.co/caie/a-level/english-9093/2024-may-june/9093_s24_qp_43.pdf,Question Banks/Cambridge Curricula/Cambridge AS and A Level/English 1st (9093)/A Level/2024/May-June (Variant 3),9093_s24_qp_43.pdf,,http,,QPQuestion Paper 4 (v3),https://pastpapers.co/caie/a-level/english-9093/2024-may-june/9093_s24_qp_12.pdf
https://pastpapers.co/caie/a-level/english-9093/2025-may-june/9093_s25_qp_11.pdf,Question Banks/Cambridge Curricula/Cambridge AS and A Level/English 1st (9093)/AS Level/2025/May-June (Variant 1),9093_s25_qp_11.pdf,,http,,QPQuestion Paper 1 (v1),https://pastpapers.co/caie/a-level/english-9093/2025-may-june/9093_s25_qp_12.pdf
https://pastpapers.co/api/file/caie/a-level/english-9093/2025-may-june/9093_s25_qp_12.pdf,Question Banks/Cambridge Curricula/Cambridge AS and A Level/English 1st (9093)/AS Level/2025/May-June (Variant 2),9093_s25_qp_12.pdf,,http,https://pastpapers.co/api/file/caie/a-level/english-9093/2025-may-june/9093_s25_qp_12.pdf?download=1,,https://pastpapers.co/caie/a-level/english-9093/2025-may-june/9093_s25_qp_12.pdf
https://pastpapers.co/caie/a-level/english-9093/2025-may-june/9093_s25_qp_13.pdf,Question Banks/Cambridge Curricula/Cambridge AS and A Level/English 1st (9093)/AS Level/2025/May-June (Variant 3),9093_s25_qp_13.pdf,,http,,QPQuestion Paper 1 (v3),https://pastpapers.co/caie/a-level/english-9093/2025-may-june/9093_s25_qp_12.pdf
https://pastpapers.co/caie/a-level/english-9093/2025-may-june/9093_s25_qp_21.pdf,Question Banks/Cambridge Curricula/Cambridge AS and A Level/English 1st (9093)/AS Level/2025/May-June (Variant 1),9093_s25_qp_21.pdf,,http,,QPQuestion Paper 2 (v1),https://pastpapers.co/caie/a-level/english-9093/2025-may-june/9093_s25_qp_12.pdf
https://pastpapers.co/caie/a-level/english-9093/2025-may-june/9093_s25_qp_22.pdf,Question Banks/Cambridge Curricula/Cambridge AS and A Level/English 1st (9093)/AS Level/2025/May-June (Variant 2),9093_s25_qp_22.pdf,,http,,QPQuestion Paper 2 (v2),https://pastpapers.co/caie/a-level/english-9093/2025-may-june/9093_s25_qp_12.pdf
https://pastpapers.co/caie/a-level/english-9093/2025-may-june/9093_s25_qp_23.pdf,Question Banks/Cambridge Curricula/Cambridge AS and A Level/English 1st (9093)/AS Level/2025/May-June (Variant 3),9093_s25_qp_23.pdf,,http,,QPQuestion Paper 2 (v3),https://pastpapers.co/caie/a-level/english-9093/2025-may-june/9093_s25_qp_12.pdf
https://pastpapers.co/caie/a-level/english-9093/2025-may-june/9093_s25_qp_31.pdf,Question Banks/Cambridge Curricula/Cambridge AS and A Level/English 1st (9093)/A Level/2025/May-June (Variant 1),9093_s25_qp_31.pdf,,http,,QPQuestion Paper 3 (v1),https://pastpapers.co/caie/a-level/english-9093/2025-may-june/9093_s25_qp_12.pdf
https://pastpapers.co/caie/a-level/english-9093/2025-may-june/9093_s25_qp_32.pdf,Question Banks/Cambridge Curricula/Cambridge AS and A Level/English 1st (9093)/A Level/2025/May-June (Variant 2),9093_s25_qp_32.pdf,,http,,QPQuestion Paper 3 (v2),https://pastpapers.co/caie/a-level/english-9093/2025-may-june/9093_s25_qp_12.pdf
https://pastpapers.co/caie/a-level/english-9093/2025-may-june/9093_s25_qp_33.pdf,Question Banks/Cambridge Curricula/Cambridge AS and A Level/English 1st (9093)/A Level/2025/May-June (Variant 3),9093_s25_qp_33.pdf,,http,,QPQuestion Paper 3 (v3),https://pastpapers.co/caie/a-level/english-9093/2025-may-june/9093_s25_qp_12.pdf
https://pastpapers.co/caie/a-level/english-9093/2025-may-june/9093_s25_qp_41.pdf,Question Banks/Cambridge Curricula/Cambridge AS and A Level/English 1st (9093)/A Level/2025/May-June (Variant 1),9093_s25_qp_41.pdf,,http,,QPQuestion Paper 4 (v1),https://pastpapers.co/caie/a-level/english-9093/2025-may-june/9093_s25_qp_12.pdf
https://pastpapers.co/caie/a-level/english-9093/2025-may-june/9093_s25_qp_42.pdf,Question Banks/Cambridge Curricula/Cambridge AS and A Level/English 1st (9093)/A Level/2025/May-June (Variant 2),9093_s25_qp_42.pdf,,http,,QPQuestion Paper 4 (v2),https://pastpapers.co/caie/a-level/english-9093/2025-may-june/9093_s25_qp_12.pdf
https://pastpapers.co/caie/a-level/english-9093/2025-may-june/9093_s25_qp_43.pdf,Question Banks/Cambridge Curricula/Cambridge AS and A Level/English 1st (9093)/A Level/2025/May-June (Variant 3),9093_s25_qp_43.pdf,,http,,QPQuestion Paper 4 (v3),https://pastpapers.co/caie/a-level/english-9093/2025-may-june/9093_s25_qp_12.pdf
https://pastpapers.co/caie/a-level/english-9093/2020-oct-nov/9093_w20_qp_11.pdf,Question Banks/Cambridge Curricula/Cambridge AS and A Level/English 1st (9093)/AS Level/2020/Oct-Nov (Variant 1),9093_w20_qp_11.pdf,,http,,QPQuestion Paper 1 (v1),https://pastpapers.co/caie/a-level/english-9093/2020-oct-nov/9093_w20_qp_12.pdf
https://pastpapers.co/api/file/caie/a-level/english-9093/2020-oct-nov/9093_w20_qp_12.pdf,Question Banks/Cambridge Curricula/Cambridge AS and A Level/English 1st (9093)/AS Level/2020/Oct-Nov (Variant 2),9093_w20_qp_12.pdf,,http,https://pastpapers.co/api/file/caie/a-level/english-9093/2020-oct-nov/9093_w20_qp_12.pdf?download=1,,https://pastpapers.co/caie/a-level/english-9093/2020-oct-nov/9093_w20_qp_12.pdf
https://pastpapers.co/caie/a-level/english-9093/2020-oct-nov/9093_w20_qp_13.pdf,Question Banks/Cambridge Curricula/Cambridge AS and A Level/English 1st (9093)/AS Level/2020/Oct-Nov (Variant 3),9093_w20_qp_13.pdf,,http,,QPQuestion Paper 1 (v3),https://pastpapers.co/caie/a-level/english-9093/2020-oct-nov/9093_w20_qp_12.pdf
https://pastpapers.co/caie/a-level/english-9093/2020-oct-nov/9093_w20_qp_21.pdf,Question Banks/Cambridge Curricula/Cambridge AS and A Level/English 1st (9093)/AS Level/2020/Oct-Nov (Variant 1),9093_w20_qp_21.pdf,,http,,QPQuestion Paper 2 (v1),https://pastpapers.co/caie/a-level/english-9093/2020-oct-nov/9093_w20_qp_12.pdf
https://pastpapers.co/caie/a-level/english-9093/2020-oct-nov/9093_w20_qp_22.pdf,Question Banks/Cambridge Curricula/Cambridge AS and A Level/English 1st (9093)/AS Level/2020/Oct-Nov (Variant 2),9093_w20_qp_22.pdf,,http,,QPQuestion Paper 2 (v2),https://pastpapers.co/caie/a-level/english-9093/2020-oct-nov/9093_w20_qp_12.pdf
https://pastpapers.co/caie/a-level/english-9093/2020-oct-nov/9093_w20_qp_23.pdf,Question Banks/Cambridge Curricula/Cambridge AS and A Level/English 1st (9093)/AS Level/2020/Oct-Nov (Variant 3),9093_w20_qp_23.pdf,,http,,QPQuestion Paper 2 (v3),https://pastpapers.co/caie/a-level/english-9093/2020-oct-nov/9093_w20_qp_12.pdf
https://pastpapers.co/caie/a-level/english-9093/2020-oct-nov/9093_w20_qp_31.pdf,Question Banks/Cambridge Curricula/Cambridge AS and A Level/English 1st (9093)/A Level/2020/Oct-Nov (Variant 1),9093_w20_qp_31.pdf,,http,,QPQuestion Paper 3 (v1),https://pastpapers.co/caie/a-level/english-9093/2020-oct-nov/9093_w20_qp_12.pdf
https://pastpapers.co/caie/a-level/english-9093/2020-oct-nov/9093_w20_qp_32.pdf,Question Banks/Cambridge Curricula/Cambridge AS and A Level/English 1st (9093)/A Level/2020/Oct-Nov (Variant 2),9093_w20_qp_32.pdf,,http,,QPQuestion Paper 3 (v2),https://pastpapers.co/caie/a-level/english-9093/2020-oct-nov/9093_w20_qp_12.pdf
https://pastpapers.co/caie/a-level/english-9093/2020-oct-nov/9093_w20_qp_33.pdf,Question Banks/Cambridge Curricula/Cambridge AS and A Level/English 1st (9093)/A Level/2020/Oct-Nov (Variant 3),9093_w20_qp_33.pdf,,http,,QPQuestion Paper 3 (v3),https://pastpapers.co/caie/a-level/english-9093/2020-oct-nov/9093_w20_qp_12.pdf
https://pastpapers.co/caie/a-level/english-9093/2020-oct-nov/9093_w20_qp_41.pdf,Question Banks/Cambridge Curricula/Cambridge AS and A Level/English 1st (9093)/A Level/2020/Oct-Nov (Variant 1),9093_w20_qp_41.pdf,,http,,QPQuestion Paper 4 (v1),https://pastpapers.co/caie/a-level/english-9093/2020-oct-nov/9093_w20_qp_12.pdf
https://pastpapers.co/caie/a-level/english-9093/2020-oct-nov/9093_w20_qp_42.pdf,Question Banks/Cambridge Curricula/Cambridge AS and A Level/English 1st (9093)/A Level/2020/Oct-Nov (Variant 2),9093_w20_qp_42.pdf,,http,,QPQuestion Paper 4 (v2),https://pastpapers.co/caie/a-level/english-9093/2020-oct-nov/9093_w20_qp_12.pdf
https://pastpapers.co/caie/a-level/english-9093/2020-oct-nov/9093_w20_qp_43.pdf,Question Banks/Cambridge Curricula/Cambridge AS and A Level/English 1st (9093)/A Level/2020/Oct-Nov (Variant 3),9093_w20_qp_43.pdf,,http,,QPQuestion Paper 4 (v3),https://pastpapers.co/caie/a-level/english-9093/2020-oct-nov/9093_w20_qp_12.pdf
https://pastpapers.co/caie/a-level/english-9093/2021-oct-nov/9093_w21_qp_11.pdf,Question Banks/Cambridge Curricula/Cambridge AS and A Level/English 1st (9093)/AS Level/2021/Oct-Nov (Variant 1),9093_w21_qp_11.pdf,,http,,QPQuestion Paper 1 (v1),https://pastpapers.co/caie/a-level/english-9093/2021-oct-nov/9093_w21_qp_12.pdf
https://pastpapers.co/api/file/caie/a-level/english-9093/2021-oct-nov/9093_w21_qp_12.pdf,Question Banks/Cambridge Curricula/Cambridge AS and A Level/English 1st (9093)/AS Level/2021/Oct-Nov (Variant 2),9093_w21_qp_12.pdf,,http,https://pastpapers.co/api/file/caie/a-level/english-9093/2021-oct-nov/9093_w21_qp_12.pdf?download=1,,https://pastpapers.co/caie/a-level/english-9093/2021-oct-nov/9093_w21_qp_12.pdf
https://pastpapers.co/caie/a-level/english-9093/2021-oct-nov/9093_w21_qp_13.pdf,Question Banks/Cambridge Curricula/Cambridge AS and A Level/English 1st (9093)/AS Level/2021/Oct-Nov (Variant 3),9093_w21_qp_13.pdf,,http,,QPQuestion Paper 1 (v3),https://pastpapers.co/caie/a-level/english-9093/2021-oct-nov/9093_w21_qp_12.pdf
https://pastpapers.co/caie/a-level/english-9093/2021-oct-nov/9093_w21_qp_21.pdf,Question Banks/Cambridge Curricula/Cambridge AS and A Level/English 1st (9093)/AS Level/2021/Oct-Nov (Variant 1),9093_w21_qp_21.pdf,,http,,QPQuestion Paper 2 (v1),https://pastpapers.co/caie/a-level/english-9093/2021-oct-nov/9093_w21_qp_12.pdf
https://pastpapers.co/caie/a-level/english-9093/2021-oct-nov/9093_w21_qp_22.pdf,Question Banks/Cambridge Curricula/Cambridge AS and A Level/English 1st (9093)/AS Level/2021/Oct-Nov (Variant 2),9093_w21_qp_22.pdf,,http,,QPQuestion Paper 2 (v2),https://pastpapers.co/caie/a-level/english-9093/2021-oct-nov/9093_w21_qp_12.pdf
https://pastpapers.co/caie/a-level/english-9093/2021-oct-nov/9093_w21_qp_23.pdf,Question Banks/Cambridge Curricula/Cambridge AS and A Level/English 1st (9093)/AS Level/2021/Oct-Nov (Variant 3),9093_w21_qp_23.pdf,,http,,QPQuestion Paper 2 (v3),https://pastpapers.co/caie/a-level/english-9093/2021-oct-nov/9093_w21_qp_12.pdf
https://pastpapers.co/caie/a-level/english-9093/2021-oct-nov/9093_w21_qp_31.pdf,Question Banks/Cambridge Curricula/Cambridge AS and A Level/English 1st (9093)/A Level/2021/Oct-Nov (Variant 1),9093_w21_qp_31.pdf,,http,,QPQuestion Paper 3 (v1),https://pastpapers.co/caie/a-level/english-9093/2021-oct-nov/9093_w21_qp_12.pdf
https://pastpapers.co/caie/a-level/english-9093/2021-oct-nov/9093_w21_qp_32.pdf,Question Banks/Cambridge Curricula/Cambridge AS and A Level/English 1st (9093)/A Level/2021/Oct-Nov (Variant 2),9093_w21_qp_32.pdf,,http,,QPQuestion Paper 3 (v2),https://pastpapers.co/caie/a-level/english-9093/2021-oct-nov/9093_w21_qp_12.pdf
https://pastpapers.co/caie/a-level/english-9093/2021-oct-nov/9093_w21_qp_33.pdf,Question Banks/Cambridge Curricula/Cambridge AS and A Level/English 1st (9093)/A Level/2021/Oct-Nov (Variant 3),9093_w21_qp_33.pdf,,http,,QPQuestion Paper 3 (v3),https://pastpapers.co/caie/a-level/english-9093/2021-oct-nov/9093_w21_qp_12.pdf
https://pastpapers.co/caie/a-level/english-9093/2021-oct-nov/9093_w21_qp_41.pdf,Question Banks/Cambridge Curricula/Cambridge AS and A Level/English 1st (9093)/A Level/2021/Oct-Nov (Variant 1),9093_w21_qp_41.pdf,,http,,QPQuestion Paper 4 (v1),https://pastpapers.co/caie/a-level/english-9093/2021-oct-nov/9093_w21_qp_12.pdf
https://pastpapers.co/caie/a-level/english-9093/2021-oct-nov/9093_w21_qp_42.pdf,Question Banks/Cambridge Curricula/Cambridge AS and A Level/English 1st (9093)/A Level/2021/Oct-Nov (Variant 2),9093_w21_qp_42.pdf,,http,,QPQuestion Paper 4 (v2),https://pastpapers.co/caie/a-level/english-9093/2021-oct-nov/9093_w21_qp_12.pdf
https://pastpapers.co/caie/a-level/english-9093/2021-oct-nov/9093_w21_qp_43.pdf,Question Banks/Cambridge Curricula/Cambridge AS and A Level/English 1st (9093)/A Level/2021/Oct-Nov (Variant 3),9093_w21_qp_43.pdf,,http,,QPQuestion Paper 4 (v3),https://pastpapers.co/caie/a-level/english-9093/2021-oct-nov/9093_w21_qp_12.pdf
https://pastpapers.co/caie/a-level/english-9093/2022-oct-nov/9093_w22_qp_11.pdf,Question Banks/Cambridge Curricula/Cambridge AS and A Level/English 1st (9093)/AS Level/2022/Oct-Nov (Variant 1),9093_w22_qp_11.pdf,,http,,QPQuestion Paper 1 (v1),https://pastpapers.co/caie/a-level/english-9093/2022-oct-nov/9093_w22_qp_12.pdf
https://pastpapers.co/api/file/caie/a-level/english-9093/2022-oct-nov/9093_w22_qp_12.pdf,Question Banks/Cambridge Curricula/Cambridge AS and A Level/English 1st (9093)/AS Level/2022/Oct-Nov (Variant 2),9093_w22_qp_12.pdf,,http,https://pastpapers.co/api/file/caie/a-level/english-9093/2022-oct-nov/9093_w22_qp_12.pdf?download=1,,https://pastpapers.co/caie/a-level/english-9093/2022-oct-nov/9093_w22_qp_12.pdf
https://pastpapers.co/caie/a-level/english-9093/2022-oct-nov/9093_w22_qp_13.pdf,Question Banks/Cambridge Curricula/Cambridge AS and A Level/English 1st (9093)/AS Level/2022/Oct-Nov (Variant 3),9093_w22_qp_13.pdf,,http,,QPQuestion Paper 1 (v3),https://pastpapers.co/caie/a-level/english-9093/2022-oct-nov/9093_w22_qp_12.pdf
https://pastpapers.co/caie/a-level/english-9093/2022-oct-nov/9093_w22_qp_21.pdf,Question Banks/Cambridge Curricula/Cambridge AS and A Level/English 1st (9093)/AS Level/2022/Oct-Nov (Variant 1),9093_w22_qp_21.pdf,,http,,QPQuestion Paper 2 (v1),https://pastpapers.co/caie/a-level/english-9093/2022-oct-nov/9093_w22_qp_12.pdf
https://pastpapers.co/caie/a-level/english-9093/2022-oct-nov/9093_w22_qp_22.pdf,Question Banks/Cambridge Curricula/Cambridge AS and A Level/English 1st (9093)/AS Level/2022/Oct-Nov (Variant 2),9093_w22_qp_22.pdf,,http,,QPQuestion Paper 2 (v2),https://pastpapers.co/caie/a-level/english-9093/2022-oct-nov/9093_w22_qp_12.pdf
https://pastpapers.co/caie/a-level/english-9093/2022-oct-nov/9093_w22_qp_23.pdf,Question Banks/Cambridge Curricula/Cambridge AS and A Level/English 1st (9093)/AS Level/2022/Oct-Nov (Variant 3),9093_w22_qp_23.pdf,,http,,QPQuestion Paper 2 (v3),https://pastpapers.co/caie/a-level/english-9093/2022-oct-nov/9093_w22_qp_12.pdf
https://pastpapers.co/caie/a-level/english-9093/2022-oct-nov/9093_w22_qp_31.pdf,Question Banks/Cambridge Curricula/Cambridge AS and A Level/English 1st (9093)/A Level/2022/Oct-Nov (Variant 1),9093_w22_qp_31.pdf,,http,,QPQuestion Paper 3 (v1),https://pastpapers.co/caie/a-level/english-9093/2022-oct-nov/9093_w22_qp_12.pdf
https://pastpapers.co/caie/a-level/english-9093/2022-oct-nov/9093_w22_qp_32.pdf,Question Banks/Cambridge Curricula/Cambridge AS and A Level/English 1st (9093)/A Level/2022/Oct-Nov (Variant 2),9093_w22_qp_32.pdf,,http,,QPQuestion Paper 3 (v2),https://pastpapers.co/caie/a-level/english-9093/2022-oct-nov/9093_w22_qp_12.pdf
https://pastpapers.co/caie/a-level/english-9093/2022-oct-nov/9093_w22_qp_33.pdf,Question Banks/Cambridge Curricula/Cambridge AS and A Level/English 1st (9093)/A Level/2022/Oct-Nov (Variant 3),9093_w22_qp_33.pdf,,http,,QPQuestion Paper 3 (v3),https://pastpapers.co/caie/a-level/english-9093/2022-oct-nov/9093_w22_qp_12.pdf
https://pastpapers.co/caie/a-level/english-9093/2022-oct-nov/9093_w22_qp_41.pdf,Question Banks/Cambridge Curricula/Cambridge AS and A Level/English 1st (9093)/A Level/2022/Oct-Nov (Variant 1),9093_w22_qp_41.pdf,,http,,QPQuestion Paper 4 (v1),https://pastpapers.co/caie/a-level/english-9093/2022-oct-nov/9093_w22_qp_12.pdf
https://pastpapers.co/caie/a-level/english-9093/2022-oct-nov/9093_w22_qp_42.pdf,Question Banks/Cambridge Curricula/Cambridge AS and A Level/English 1st (9093)/A Level/2022/Oct-Nov (Variant 2),9093_w22_qp_42.pdf,,http,,QPQuestion Paper 4 (v2),https://pastpapers.co/caie/a-level/english-9093/2022-oct-nov/9093_w22_qp_12.pdf
https://pastpapers.co/caie/a-level/english-9093/2022-oct-nov/9093_w22_qp_43.pdf,Question Banks/Cambridge Curricula/Cambridge AS and A Level/English 1st (9093)/A Level/2022/Oct-Nov (Variant 3),9093_w22_qp_43.pdf,,http,,QPQuestion Paper 4 (v3),https://pastpapers.co/caie/a-level/english-9093/2022-oct-nov/9093_w22_qp_12.pdf
https://pastpapers.co/caie/a-level/english-9093/2023-oct-nov/9093_w23_qp_11.pdf,Question Banks/Cambridge Curricula/Cambridge AS and A Level/English 1st (9093)/AS Level/2023/Oct-Nov (Variant 1),9093_w23_qp_11.pdf,,http,,QPQuestion Paper 1 (v1),https://pastpapers.co/caie/a-level/english-9093/2023-oct-nov/9093_w23_qp_12.pdf
https://pastpapers.co/api/file/caie/a-level/english-9093/2023-oct-nov/9093_w23_qp_12.pdf,Question Banks/Cambridge Curricula/Cambridge AS and A Level/English 1st (9093)/AS Level/2023/Oct-Nov (Variant 2),9093_w23_qp_12.pdf,,http,https://pastpapers.co/api/file/caie/a-level/english-9093/2023-oct-nov/9093_w23_qp_12.pdf?download=1,,https://pastpapers.co/caie/a-level/english-9093/2023-oct-nov/9093_w23_qp_12.pdf
https://pastpapers.co/caie/a-level/english-9093/2023-oct-nov/9093_w23_qp_13.pdf,Question Banks/Cambridge Curricula/Cambridge AS and A Level/English 1st (9093)/AS Level/2023/Oct-Nov (Variant 3),9093_w23_qp_13.pdf,,http,,QPQuestion Paper 1 (v3),https://pastpapers.co/caie/a-level/english-9093/2023-oct-nov/9093_w23_qp_12.pdf
https://pastpapers.co/caie/a-level/english-9093/2023-oct-nov/9093_w23_qp_21.pdf,Question Banks/Cambridge Curricula/Cambridge AS and A Level/English 1st (9093)/AS Level/2023/Oct-Nov (Variant 1),9093_w23_qp_21.pdf,,http,,QPQuestion Paper 2 (v1),https://pastpapers.co/caie/a-level/english-9093/2023-oct-nov/9093_w23_qp_12.pdf
https://pastpapers.co/caie/a-level/english-9093/2023-oct-nov/9093_w23_qp_22.pdf,Question Banks/Cambridge Curricula/Cambridge AS and A Level/English 1st (9093)/AS Level/2023/Oct-Nov (Variant 2),9093_w23_qp_22.pdf,,http,,QPQuestion Paper 2 (v2),https://pastpapers.co/caie/a-level/english-9093/2023-oct-nov/9093_w23_qp_12.pdf
https://pastpapers.co/caie/a-level/english-9093/2023-oct-nov/9093_w23_qp_23.pdf,Question Banks/Cambridge Curricula/Cambridge AS and A Level/English 1st (9093)/AS Level/2023/Oct-Nov (Variant 3),9093_w23_qp_23.pdf,,http,,QPQuestion Paper 2 (v3),https://pastpapers.co/caie/a-level/english-9093/2023-oct-nov/9093_w23_qp_12.pdf
https://pastpapers.co/caie/a-level/english-9093/2023-oct-nov/9093_w23_qp_31.pdf,Question Banks/Cambridge Curricula/Cambridge AS and A Level/English 1st (9093)/A Level/2023/Oct-Nov (Variant 1),9093_w23_qp_31.pdf,,http,,QPQuestion Paper 3 (v1),https://pastpapers.co/caie/a-level/english-9093/2023-oct-nov/9093_w23_qp_12.pdf
https://pastpapers.co/caie/a-level/english-9093/2023-oct-nov/9093_w23_qp_32.pdf,Question Banks/Cambridge Curricula/Cambridge AS and A Level/English 1st (9093)/A Level/2023/Oct-Nov (Variant 2),9093_w23_qp_32.pdf,,http,,QPQuestion Paper 3 (v2),https://pastpapers.co/caie/a-level/english-9093/2023-oct-nov/9093_w23_qp_12.pdf
https://pastpapers.co/caie/a-level/english-9093/2023-oct-nov/9093_w23_qp_33.pdf,Question Banks/Cambridge Curricula/Cambridge AS and A Level/English 1st (9093)/A Level/2023/Oct-Nov (Variant 3),9093_w23_qp_33.pdf,,http,,QPQuestion Paper 3 (v3),https://pastpapers.co/caie/a-level/english-9093/2023-oct-nov/9093_w23_qp_12.pdf
https://pastpapers.co/caie/a-level/english-9093/2023-oct-nov/9093_w23_qp_41.pdf,Question Banks/Cambridge Curricula/Cambridge AS and A Level/English 1st (9093)/A Level/2023/Oct-Nov (Variant 1),9093_w23_qp_41.pdf,,http,,QPQuestion Paper 4 (v1),https://pastpapers.co/caie/a-level/english-9093/2023-oct-nov/9093_w23_qp_12.pdf
https://pastpapers.co/caie/a-level/english-9093/2023-oct-nov/9093_w23_qp_42.pdf,Question Banks/Cambridge Curricula/Cambridge AS and A Level/English 1st (9093)/A Level/2023/Oct-Nov (Variant 2),9093_w23_qp_42.pdf,,http,,QPQuestion Paper 4 (v2),https://pastpapers.co/caie/a-level/english-9093/2023-oct-nov/9093_w23_qp_12.pdf
https://pastpapers.co/caie/a-level/english-9093/2023-oct-nov/9093_w23_qp_43.pdf,Question Banks/Cambridge Curricula/Cambridge AS and A Level/English 1st (9093)/A Level/2023/Oct-Nov (Variant 3),9093_w23_qp_43.pdf,,http,,QPQuestion Paper 4 (v3),https://pastpapers.co/caie/a-level/english-9093/2023-oct-nov/9093_w23_qp_12.pdf
https://pastpapers.co/caie/a-level/english-9093/2024-oct-nov/9093_w24_qp_11.pdf,Question Banks/Cambridge Curricula/Cambridge AS and A Level/English 1st (9093)/AS Level/2024/Oct-Nov (Variant 1),9093_w24_qp_11.pdf,,http,,QPQuestion Paper 1 (v1),https://pastpapers.co/caie/a-level/english-9093/2024-oct-nov/9093_w24_qp_12.pdf
https://pastpapers.co/api/file/caie/a-level/english-9093/2024-oct-nov/9093_w24_qp_12.pdf,Question Banks/Cambridge Curricula/Cambridge AS and A Level/English 1st (9093)/AS Level/2024/Oct-Nov (Variant 2),9093_w24_qp_12.pdf,,http,https://pastpapers.co/api/file/caie/a-level/english-9093/2024-oct-nov/9093_w24_qp_12.pdf?download=1,,https://pastpapers.co/caie/a-level/english-9093/2024-oct-nov/9093_w24_qp_12.pdf
https://pastpapers.co/caie/a-level/english-9093/2024-oct-nov/9093_w24_qp_13.pdf,Question Banks/Cambridge Curricula/Cambridge AS and A Level/English 1st (9093)/AS Level/2024/Oct-Nov (Variant 3),9093_w24_qp_13.pdf,,http,,QPQuestion Paper 1 (v3),https://pastpapers.co/caie/a-level/english-9093/2024-oct-nov/9093_w24_qp_12.pdf
https://pastpapers.co/caie/a-level/english-9093/2024-oct-nov/9093_w24_qp_21.pdf,Question Banks/Cambridge Curricula/Cambridge AS and A Level/English 1st (9093)/AS Level/2024/Oct-Nov (Variant 1),9093_w24_qp_21.pdf,,http,,QPQuestion Paper 2 (v1),https://pastpapers.co/caie/a-level/english-9093/2024-oct-nov/9093_w24_qp_12.pdf
https://pastpapers.co/caie/a-level/english-9093/2024-oct-nov/9093_w24_qp_22.pdf,Question Banks/Cambridge Curricula/Cambridge AS and A Level/English 1st (9093)/AS Level/2024/Oct-Nov (Variant 2),9093_w24_qp_22.pdf,,http,,QPQuestion Paper 2 (v2),https://pastpapers.co/caie/a-level/english-9093/2024-oct-nov/9093_w24_qp_12.pdf
https://pastpapers.co/caie/a-level/english-9093/2024-oct-nov/9093_w24_qp_23.pdf,Question Banks/Cambridge Curricula/Cambridge AS and A Level/English 1st (9093)/AS Level/2024/Oct-Nov (Variant 3),9093_w24_qp_23.pdf,,http,,QPQuestion Paper 2 (v3),https://pastpapers.co/caie/a-level/english-9093/2024-oct-nov/9093_w24_qp_12.pdf
https://pastpapers.co/caie/a-level/english-9093/2024-oct-nov/9093_w24_qp_31.pdf,Question Banks/Cambridge Curricula/Cambridge AS and A Level/English 1st (9093)/A Level/2024/Oct-Nov (Variant 1),9093_w24_qp_31.pdf,,http,,QPQuestion Paper 3 (v1),https://pastpapers.co/caie/a-level/english-9093/2024-oct-nov/9093_w24_qp_12.pdf
https://pastpapers.co/caie/a-level/english-9093/2024-oct-nov/9093_w24_qp_32.pdf,Question Banks/Cambridge Curricula/Cambridge AS and A Level/English 1st (9093)/A Level/2024/Oct-Nov (Variant 2),9093_w24_qp_32.pdf,,http,,QPQuestion Paper 3 (v2),https://pastpapers.co/caie/a-level/english-9093/2024-oct-nov/9093_w24_qp_12.pdf
https://pastpapers.co/caie/a-level/english-9093/2024-oct-nov/9093_w24_qp_33.pdf,Question Banks/Cambridge Curricula/Cambridge AS and A Level/English 1st (9093)/A Level/2024/Oct-Nov (Variant 3),9093_w24_qp_33.pdf,,http,,QPQuestion Paper 3 (v3),https://pastpapers.co/caie/a-level/english-9093/2024-oct-nov/9093_w24_qp_12.pdf
https://pastpapers.co/caie/a-level/english-9093/2024-oct-nov/9093_w24_qp_41.pdf,Question Banks/Cambridge Curricula/Cambridge AS and A Level/English 1st (9093)/A Level/2024/Oct-Nov (Variant 1),9093_w24_qp_41.pdf,,http,,QPQuestion Paper 4 (v1),https://pastpapers.co/caie/a-level/english-9093/2024-oct-nov/9093_w24_qp_12.pdf
https://pastpapers.co/caie/a-level/english-9093/2024-oct-nov/9093_w24_qp_42.pdf,Question Banks/Cambridge Curricula/Cambridge AS and A Level/English 1st (9093)/A Level/2024/Oct-Nov (Variant 2),9093_w24_qp_42.pdf,,http,,QPQuestion Paper 4 (v2),https://pastpapers.co/caie/a-level/english-9093/2024-oct-nov/9093_w24_qp_12.pdf
https://pastpapers.co/caie/a-level/english-9093/2024-oct-nov/9093_w24_qp_43.pdf,Question Banks/Cambridge Curricula/Cambridge AS and A Level/English 1st (9093)/A Level/2024/Oct-Nov (Variant 3),9093_w24_qp_43.pdf,,http,,QPQuestion Paper 4 (v3),https://pastpapers.co/caie/a-level/english-9093/2024-oct-nov/9093_w24_qp_12.pdf
https://pastpapers.co/caie/a-level/english-9093/2025-oct-nov/9093_w25_qp_11.pdf,Question Banks/Cambridge Curricula/Cambridge AS and A Level/English 1st (9093)/AS Level/2025/Oct-Nov (Variant 1),9093_w25_qp_11.pdf,,http,,QPQuestion Paper 1 (v1),https://pastpapers.co/caie/a-level/english-9093/2025-oct-nov/9093_w25_qp_12.pdf
https://pastpapers.co/api/file/caie/a-level/english-9093/2025-oct-nov/9093_w25_qp_12.pdf,Question Banks/Cambridge Curricula/Cambridge AS and A Level/English 1st (9093)/AS Level/2025/Oct-Nov (Variant 2),9093_w25_qp_12.pdf,,http,https://pastpapers.co/api/file/caie/a-level/english-9093/2025-oct-nov/9093_w25_qp_12.pdf?download=1,,https://pastpapers.co/caie/a-level/english-9093/2025-oct-nov/9093_w25_qp_12.pdf
https://pastpapers.co/caie/a-level/english-9093/2025-oct-nov/9093_w25_qp_13.pdf,Question Banks/Cambridge Curricula/Cambridge AS and A Level/English 1st (9093)/AS Level/2025/Oct-Nov (Variant 3),9093_w25_qp_13.pdf,,http,,QPQuestion Paper 1 (v3),https://pastpapers.co/caie/a-level/english-9093/2025-oct-nov/9093_w25_qp_12.pdf
https://pastpapers.co/caie/a-level/english-9093/2025-oct-nov/9093_w25_qp_21.pdf,Question Banks/Cambridge Curricula/Cambridge AS and A Level/English 1st (9093)/AS Level/2025/Oct-Nov (Variant 1),9093_w25_qp_21.pdf,,http,,QPQuestion Paper 2 (v1),https://pastpapers.co/caie/a-level/english-9093/2025-oct-nov/9093_w25_qp_12.pdf
https://pastpapers.co/caie/a-level/english-9093/2025-oct-nov/9093_w25_qp_22.pdf,Question Banks/Cambridge Curricula/Cambridge AS and A Level/English 1st (9093)/AS Level/2025/Oct-Nov (Variant 2),9093_w25_qp_22.pdf,,http,,QPQuestion Paper 2 (v2),https://pastpapers.co/caie/a-level/english-9093/2025-oct-nov/9093_w25_qp_12.pdf
https://pastpapers.co/caie/a-level/english-9093/2025-oct-nov/9093_w25_qp_23.pdf,Question Banks/Cambridge Curricula/Cambridge AS and A Level/English 1st (9093)/AS Level/2025/Oct-Nov (Variant 3),9093_w25_qp_23.pdf,,http,,QPQuestion Paper 2 (v3),https://pastpapers.co/caie/a-level/english-9093/2025-oct-nov/9093_w25_qp_12.pdf
https://pastpapers.co/caie/a-level/english-9093/2025-oct-nov/9093_w25_qp_31.pdf,Question Banks/Cambridge Curricula/Cambridge AS and A Level/English 1st (9093)/A Level/2025/Oct-Nov (Variant 1),9093_w25_qp_31.pdf,,http,,QPQuestion Paper 3 (v1),https://pastpapers.co/caie/a-level/english-9093/2025-oct-nov/9093_w25_qp_12.pdf
https://pastpapers.co/caie/a-level/english-9093/2025-oct-nov/9093_w25_qp_32.pdf,Question Banks/Cambridge Curricula/Cambridge AS and A Level/English 1st (9093)/A Level/2025/Oct-Nov (Variant 2),9093_w25_qp_32.pdf,,http,,QPQuestion Paper 3 (v2),https://pastpapers.co/caie/a-level/english-9093/2025-oct-nov/9093_w25_qp_12.pdf
https://pastpapers.co/caie/a-level/english-9093/2025-oct-nov/9093_w25_qp_33.pdf,Question Banks/Cambridge Curricula/Cambridge AS and A Level/English 1st (9093)/A Level/2025/Oct-Nov (Variant 3),9093_w25_qp_33.pdf,,http,,QPQuestion Paper 3 (v3),https://pastpapers.co/caie/a-level/english-9093/2025-oct-nov/9093_w25_qp_12.pdf
https://pastpapers.co/caie/a-level/english-9093/2025-oct-nov/9093_w25_qp_41.pdf,Question Banks/Cambridge Curricula/Cambridge AS and A Level/English 1st (9093)/A Level/2025/Oct-Nov (Variant 1),9093_w25_qp_41.pdf,,http,,QPQuestion Paper 4 (v1),https://pastpapers.co/caie/a-level/english-9093/2025-oct-nov/9093_w25_qp_12.pdf
https://pastpapers.co/caie/a-level/english-9093/2025-oct-nov/9093_w25_qp_42.pdf,Question Banks/Cambridge Curricula/Cambridge AS and A Level/English 1st (9093)/A Level/2025/Oct-Nov (Variant 2),9093_w25_qp_42.pdf,,http,,QPQuestion Paper 4 (v2),https://pastpapers.co/caie/a-level/english-9093/2025-oct-nov/9093_w25_qp_12.pdf
https://pastpapers.co/caie/a-level/english-9093/2025-oct-nov/9093_w25_qp_43.pdf,Question Banks/Cambridge Curricula/Cambridge AS and A Level/English 1st (9093)/A Level/2025/Oct-Nov (Variant 3),9093_w25_qp_43.pdf,,http,,QPQuestion Paper 4 (v3),https://pastpapers.co/caie/a-level/english-9093/2025-oct-nov/9093_w25_qp_12.pdf
https://pastpapers.co/caie/a-level/english-9093/2020-march/9093_m20_gt.pdf,Question Banks/Cambridge Curricula/Cambridge AS and A Level/English 1st (9093)/Grade Thresholds/2020,9093_m20_gt.pdf,,http,,GTGrade Thresholds,https://pastpapers.co/caie/a-level/english-9093/2020-march/9093_m20_qp_12.pdf
https://pastpapers.co/caie/a-level/english-9093/2021-march/9093_m21_gt.pdf,Question Banks/Cambridge Curricula/Cambridge AS and A Level/English 1st (9093)/Grade Thresholds/2021,9093_m21_gt.pdf,,http,,GTGrade Thresholds,https://pastpapers.co/caie/a-level/english-9093/2021-march/9093_m21_qp_12.pdf
https://pastpapers.co/caie/a-level/english-9093/2023-march/9093_m23_gt.pdf,Question Banks/Cambridge Curricula/Cambridge AS and A Level/English 1st (9093)/Grade Thresholds/2023,9093_m23_gt.pdf,,http,,GTGrade Thresholds,https://pastpapers.co/caie/a-level/english-9093/2023-march/9093_m23_qp_12.pdf
https://pastpapers.co/caie/a-level/english-9093/2024-march/9093_m24_gt.pdf,Question Banks/Cambridge Curricula/Cambridge AS and A Level/English 1st (9093)/Grade Thresholds/2024,9093_m24_gt.pdf,,http,,GTGrade Thresholds,https://pastpapers.co/caie/a-level/english-9093/2024-march/9093_m24_qp_12.pdf
https://pastpapers.co/caie/a-level/english-9093/2025-march/9093_m25_gt.pdf,Question Banks/Cambridge Curricula/Cambridge AS and A Level/English 1st (9093)/Grade Thresholds/2025,9093_m25_gt.pdf,,http,,GTGrade Thresholds,https://pastpapers.co/caie/a-level/english-9093/2025-march/9093_m25_qp_12.pdf
https://pastpapers.co/caie/a-level/english-9093/2021-may-june/9093_s21_gt.pdf,Question Banks/Cambridge Curricula/Cambridge AS and A Level/English 1st (9093)/Grade Thresholds/2021,9093_s21_gt.pdf,,http,,GTGrade Thresholds,https://pastpapers.co/caie/a-level/english-9093/2021-may-june/9093_s21_qp_12.pdf
https://pastpapers.co/caie/a-level/english-9093/2022-may-june/9093_s22_gt.pdf,Question Banks/Cambridge Curricula/Cambridge AS and A Level/English 1st (9093)/Grade Thresholds/2022,9093_s22_gt.pdf,,http,,GTGrade Thresholds,https://pastpapers.co/caie/a-level/english-9093/2022-may-june/9093_s22_qp_12.pdf
https://pastpapers.co/caie/a-level/english-9093/2023-may-june/9093_s23_gt.pdf,Question Banks/Cambridge Curricula/Cambridge AS and A Level/English 1st (9093)/Grade Thresholds/2023,9093_s23_gt.pdf,,http,,GTGrade Thresholds,https://pastpapers.co/caie/a-level/english-9093/2023-may-june/9093_s23_qp_12.pdf
https://pastpapers.co/caie/a-level/english-9093/2024-may-june/9093_s24_gt.pdf,Question Banks/Cambridge Curricula/Cambridge AS and A Level/English 1st (9093)/Grade Thresholds/2024,9093_s24_gt.pdf,,http,,GTGrade Thresholds,https://pastpapers.co/caie/a-level/english-9093/2024-may-june/9093_s24_qp_12.pdf
https://pastpapers.co/caie/a-level/english-9093/2025-may-june/9093_s25_gt.pdf,Question Banks/Cambridge Curricula/Cambridge AS and A Level/English 1st (9093)/Grade Thresholds/2025,9093_s25_gt.pdf,,http,,GTGrade Thresholds,https://pastpapers.co/caie/a-level/english-9093/2025-may-june/9093_s25_qp_12.pdf
https://pastpapers.co/caie/a-level/english-9093/2020-oct-nov/9093_w20_gt.pdf,Question Banks/Cambridge Curricula/Cambridge AS and A Level/English 1st (9093)/Grade Thresholds/2020,9093_w20_gt.pdf,,http,,GTGrade Thresholds,https://pastpapers.co/caie/a-level/english-9093/2020-oct-nov/9093_w20_qp_12.pdf
https://pastpapers.co/caie/a-level/english-9093/2021-oct-nov/9093_w21_gt.pdf,Question Banks/Cambridge Curricula/Cambridge AS and A Level/English 1st (9093)/Grade Thresholds/2021,9093_w21_gt.pdf,,http,,GTGrade Thresholds,https://pastpapers.co/caie/a-level/english-9093/2021-oct-nov/9093_w21_qp_12.pdf
https://pastpapers.co/caie/a-level/english-9093/2022-oct-nov/9093_w22_gt.pdf,Question Banks/Cambridge Curricula/Cambridge AS and A Level/English 1st (9093)/Grade Thresholds/2022,9093_w22_gt.pdf,,http,,GTGrade Thresholds,https://pastpapers.co/caie/a-level/english-9093/2022-oct-nov/9093_w22_qp_12.pdf
https://pastpapers.co/caie/a-level/english-9093/2023-oct-nov/9093_w23_gt.pdf,Question Banks/Cambridge Curricula/Cambridge AS and A Level/English 1st (9093)/Grade Thresholds/2023,9093_w23_gt.pdf,,http,,GTGrade Thresholds,https://pastpapers.co/caie/a-level/english-9093/2023-oct-nov/9093_w23_qp_12.pdf
https://pastpapers.co/caie/a-level/english-9093/2024-oct-nov/9093_w24_gt.pdf,Question Banks/Cambridge Curricula/Cambridge AS and A Level/English 1st (9093)/Grade Thresholds/2024,9093_w24_gt.pdf,,http,,GTGrade Thresholds,https://pastpapers.co/caie/a-level/english-9093/2024-oct-nov/9093_w24_qp_12.pdf
https://pastpapers.co/caie/a-level/english-9093/2025-oct-nov/9093_w25_gt.pdf,Question Banks/Cambridge Curricula/Cambridge AS and A Level/English 1st (9093)/Grade Thresholds/2025,9093_w25_gt.pdf,,http,,GTGrade Thresholds,https://pastpapers.co/caie/a-level/english-9093/2025-oct-nov/9093_w25_qp_12.pdf
