timestamp,run_id,status,mode,url,target,bytes,note
2026-08-31T17:02:46Z,20260831-190232-262,ok,http,https://pastpapers.co/caie/a-level/business-9609/2023-may-june/9609_s23_in_31.pdf,sources/cambridge/as-a-level/9609-business/assessment/2023/s23/in/9609_s23_in_31.pdf,644591,
2026-08-31T17:02:56Z,20260831-190232-262,ok,http,https://pastpapers.co/caie/a-level/business-9609/2023-may-june/9609_s23_er.pdf,sources/cambridge/as-a-level/9609-business/assessment/2023/s23/er/9609_s23_er.pdf,4609811,
2026-08-31T17:02:59Z,20260831-190232-262,ok,http,https://pastpapers.co/caie/a-level/business-9609/2023-may-june/9609_s23_gt.pdf,sources/cambridge/as-a-level/9609-business/assessment/2023/s23/gt/9609_s23_gt.pdf,141709,
2026-08-31T17:03:03Z,20260831-190232-262,ok,http,https://pastpapers.co/caie/a-level/business-9609/2023-may-june/9609_s23_in_32.pdf,sources/cambridge/as-a-level/9609-business/assessment/2023/s23/in/9609_s23_in_32.pdf,542971,
2026-08-31T17:03:06Z,20260831-190232-262,ok,http,https://pastpapers.co/caie/a-level/business-9609/2023-may-june/9609_s23_ms_11.pdf,sources/cambridge/as-a-level/9609-business/assessment/2023/s23/ms/9609_s23_ms_11.pdf,344949,
2026-08-31T17:03:09Z,20260831-190232-262,ok,http,https://pastpapers.co/caie/a-level/business-9609/2023-may-june/9609_s23_ms_12.pdf,sources/cambridge/as-a-level/9609-business/assessment/2023/s23/ms/9609_s23_ms_12.pdf,355684,
2026-08-31T17:03:12Z,20260831-190232-262,ok,http,https://pastpapers.co/caie/a-level/business-9609/2023-may-june/9609_s23_in_33.pdf,sources/cambridge/as-a-level/9609-business/assessment/2023/s23/in/9609_s23_in_33.pdf,642632,
2026-08-31T17:03:15Z,20260831-190232-262,ok,http,https://pastpapers.co/caie/a-level/business-9609/2023-may-june/9609_s23_ms_13.pdf,sources/cambridge/as-a-level/9609-business/assessment/2023/s23/ms/9609_s23_ms_13.pdf,315299,
2026-08-31T17:03:21Z,20260831-190232-262,ok,http,https://pastpapers.co/caie/a-level/business-9609/2023-may-june/9609_s23_ms_22.pdf,sources/cambridge/as-a-level/9609-business/assessment/2023/s23/ms/9609_s23_ms_22.pdf,430971,
2026-08-31T17:03:29Z,20260831-190232-262,ok,http,https://pastpapers.co/caie/a-level/business-9609/2023-may-june/9609_s23_ms_21.pdf,sources/cambridge/as-a-level/9609-business/assessment/2023/s23/ms/9609_s23_ms_21.pdf,397581,
2026-08-31T17:03:30Z,20260831-190232-262,skip_exists,http,https://pastpapers.co/caie/a-level/business-9609/2023-may-june/9609_s23_ms_43.pdf,sources/cambridge/as-a-level/9609-business/assessment/2023/s23/ms/9609_s23_ms_43.pdf,224527,
2026-08-31T17:03:33Z,20260831-190232-262,ok,http,https://pastpapers.co/caie/a-level/business-9609/2023-may-june/9609_s23_ms_31.pdf,sources/cambridge/as-a-level/9609-business/assessment/2023/s23/ms/9609_s23_ms_31.pdf,327886,
2026-08-31T17:03:37Z,20260831-190232-262,ok,http,https://pastpapers.co/caie/a-level/business-9609/2023-may-june/9609_s23_ms_32.pdf,sources/cambridge/as-a-level/9609-business/assessment/2023/s23/ms/9609_s23_ms_32.pdf,317421,
2026-08-31T17:03:41Z,20260831-190232-262,ok,http,https://pastpapers.co/caie/a-level/business-9609/2023-may-june/9609_s23_ms_33.pdf,sources/cambridge/as-a-level/9609-business/assessment/2023/s23/ms/9609_s23_ms_33.pdf,325061,
2026-08-31T17:03:44Z,20260831-190232-262,ok,http,https://pastpapers.co/caie/a-level/business-9609/2023-may-june/9609_s23_ms_41.pdf,sources/cambridge/as-a-level/9609-business/assessment/2023/s23/ms/9609_s23_ms_41.pdf,287704,
2026-08-31T17:03:47Z,20260831-190232-262,ok,http,https://pastpapers.co/caie/a-level/business-9609/2023-may-june/9609_s23_ms_42.pdf,sources/cambridge/as-a-level/9609-business/assessment/2023/s23/ms/9609_s23_ms_42.pdf,279250,
2026-08-31T17:03:51Z,20260831-190232-262,ok,http,https://pastpapers.co/caie/a-level/business-9609/2023-may-june/9609_s23_ms_23.pdf,sources/cambridge/as-a-level/9609-business/assessment/2023/s23/ms/9609_s23_ms_23.pdf,414511,
2026-08-31T17:04:02Z,20260831-190232-262,ok,http,https://pastpapers.co/caie/a-level/business-9609/2023-may-june/9609_s23_qp_11.pdf,sources/cambridge/as-a-level/9609-business/assessment/2023/s23/qp/9609_s23_qp_11.pdf,919267,
2026-08-31T17:04:08Z,20260831-190232-262,ok,http,https://pastpapers.co/caie/a-level/business-9609/2023-may-june/9609_s23_qp_32.pdf,sources/cambridge/as-a-level/9609-business/assessment/2023/s23/qp/9609_s23_qp_32.pdf,551043,
2026-08-31T17:04:11Z,20260831-190232-262,ok,http,https://pastpapers.co/caie/a-level/business-9609/2023-may-june/9609_s23_qp_13.pdf,sources/cambridge/as-a-level/9609-business/assessment/2023/s23/qp/9609_s23_qp_13.pdf,919634,
2026-08-31T17:04:16Z,20260831-190232-262,ok,http,https://pastpapers.co/caie/a-level/business-9609/2023-may-june/9609_s23_qp_21.pdf,sources/cambridge/as-a-level/9609-business/assessment/2023/s23/qp/9609_s23_qp_21.pdf,644687,
2026-08-31T17:04:19Z,20260831-190232-262,ok,http,https://pastpapers.co/caie/a-level/business-9609/2023-may-june/9609_s23_qp_22.pdf,sources/cambridge/as-a-level/9609-business/assessment/2023/s23/qp/9609_s23_qp_22.pdf,689068,
2026-08-31T17:04:22Z,20260831-190232-262,ok,http,https://pastpapers.co/caie/a-level/business-9609/2023-may-june/9609_s23_qp_23.pdf,sources/cambridge/as-a-level/9609-business/assessment/2023/s23/qp/9609_s23_qp_23.pdf,657752,
2026-08-31T17:04:26Z,20260831-190232-262,ok,http,https://pastpapers.co/caie/a-level/business-9609/2023-may-june/9609_s23_qp_31.pdf,sources/cambridge/as-a-level/9609-business/assessment/2023/s23/qp/9609_s23_qp_31.pdf,652460,
2026-08-31T17:04:30Z,20260831-190232-262,ok,http,https://pastpapers.co/caie/a-level/business-9609/2023-may-june/9609_s23_qp_12.pdf,sources/cambridge/as-a-level/9609-business/assessment/2023/s23/qp/9609_s23_qp_12.pdf,640079,
2026-08-31T17:04:36Z,20260831-190232-262,ok,http,https://pastpapers.co/caie/a-level/business-9609/2023-may-june/9609_s23_qp_33.pdf,sources/cambridge/as-a-level/9609-business/assessment/2023/s23/qp/9609_s23_qp_33.pdf,652400,
2026-08-31T17:04:40Z,20260831-190232-262,ok,http,https://pastpapers.co/caie/a-level/business-9609/2023-may-june/9609_s23_qp_41.pdf,sources/cambridge/as-a-level/9609-business/assessment/2023/s23/qp/9609_s23_qp_41.pdf,632763,
2026-08-31T17:04:45Z,20260831-190232-262,ok,http,https://pastpapers.co/caie/a-level/business-9609/2023-may-june/9609_s23_qp_42.pdf,sources/cambridge/as-a-level/9609-business/assessment/2023/s23/qp/9609_s23_qp_42.pdf,1300255,
2026-08-31T17:04:49Z,20260831-190232-262,ok,http,https://pastpapers.co/caie/a-level/business-9609/2023-may-june/9609_s23_qp_43.pdf,sources/cambridge/as-a-level/9609-business/assessment/2023/s23/qp/9609_s23_qp_43.pdf,911944,
2026-08-31T17:29:27Z,20260831-192915-957,ok,http,https://pastpapers.co/caie/a-level/business-9609/2020-march/9701_m20_ms_22.pdf,Question Banks/Cambridge Curricula/Cambridge AS and A Level/Chemistry (9701)/2020/March (Variant 2)/9701_m20_ms_22.pdf,236807,
2026-08-31T17:29:30Z,20260831-192915-957,ok,http,https://pastpapers.co/caie/a-level/business-9609/2020-may-june/9609_s20_ms_11.pdf,Question Banks/Cambridge Curricula/Cambridge AS and A Level/Business Studies (9609)/2020/May-June (Variant 1)/9609_s20_ms_11.pdf,218126,
2026-08-31T17:29:33Z,20260831-192915-957,ok,http,https://pastpapers.co/caie/a-level/business-9609/2020-may-june/9609_s20_ms_12.pdf,Question Banks/Cambridge Curricula/Cambridge AS and A Level/Business Studies (9609)/2020/May-June (Variant 2)/9609_s20_ms_12.pdf,217376,
2026-08-31T17:29:35Z,20260831-192915-957,ok,http,https://pastpapers.co/caie/a-level/business-9609/2020-march/9701_m20_ms_12.pdf,Question Banks/Cambridge Curricula/Cambridge AS and A Level/Chemistry (9701)/2020/March (Variant 2)/9701_m20_ms_12.pdf,143587,
2026-08-31T17:29:39Z,20260831-192915-957,ok,http,https://pastpapers.co/caie/a-level/business-9609/2020-march/9701_m20_qp_22.pdf,Question Banks/Cambridge Curricula/Cambridge AS and A Level/Chemistry (9701)/2020/March (Variant 2)/9701_m20_qp_22.pdf,1248161,
2026-08-31T17:29:41Z,20260831-192915-957,ok,http,https://pastpapers.co/caie/a-level/business-9609/2020-may-june/9609_s20_ms_13.pdf,Question Banks/Cambridge Curricula/Cambridge AS and A Level/Business Studies (9609)/2020/May-June (Variant 3)/9609_s20_ms_13.pdf,202175,
2026-08-31T17:29:44Z,20260831-192915-957,ok,http,https://pastpapers.co/caie/a-level/business-9609/2020-may-june/9609_s20_ms_21.pdf,Question Banks/Cambridge Curricula/Cambridge AS and A Level/Business Studies (9609)/2020/May-June (Variant 1)/9609_s20_ms_21.pdf,204019,
2026-08-31T17:29:47Z,20260831-192915-957,ok,http,https://pastpapers.co/caie/a-level/business-9609/2020-march/9701_m20_qp_12.pdf,Question Banks/Cambridge Curricula/Cambridge AS and A Level/Chemistry (9701)/2020/March (Variant 2)/9701_m20_qp_12.pdf,355278,
2026-08-31T17:29:58Z,20260831-192915-957,ok,http,https://pastpapers.co/caie/a-level/business-9609/2020-may-june/9609_s20_ms_22.pdf,Question Banks/Cambridge Curricula/Cambridge AS and A Level/Business Studies (9609)/2020/May-June (Variant 2)/9609_s20_ms_22.pdf,198564,
2026-08-31T17:30:01Z,20260831-192915-957,ok,http,https://pastpapers.co/caie/a-level/business-9609/2020-may-june/9609_s20_ms_23.pdf,Question Banks/Cambridge Curricula/Cambridge AS and A Level/Business Studies (9609)/2020/May-June (Variant 3)/9609_s20_ms_23.pdf,210779,
2026-08-31T17:30:03Z,20260831-192915-957,ok,http,https://pastpapers.co/caie/a-level/business-9609/2020-may-june/9609_s20_qp_11.pdf,Question Banks/Cambridge Curricula/Cambridge AS and A Level/Business Studies (9609)/2020/May-June (Variant 1)/9609_s20_qp_11.pdf,892735,
2026-08-31T17:30:06Z,20260831-192915-957,ok,http,https://pastpapers.co/caie/a-level/business-9609/2020-may-june/9609_s20_qp_12.pdf,Question Banks/Cambridge Curricula/Cambridge AS and A Level/Business Studies (9609)/2020/May-June (Variant 2)/9609_s20_qp_12.pdf,893476,
2026-08-31T17:30:09Z,20260831-192915-957,ok,http,https://pastpapers.co/caie/a-level/business-9609/2020-may-june/9609_s20_qp_13.pdf,Question Banks/Cambridge Curricula/Cambridge AS and A Level/Business Studies (9609)/2020/May-June (Variant 3)/9609_s20_qp_13.pdf,892567,
2026-08-31T17:30:13Z,20260831-192915-957,ok,http,https://pastpapers.co/caie/a-level/business-9609/2020-may-june/9609_s20_qp_21.pdf,Question Banks/Cambridge Curricula/Cambridge AS and A Level/Business Studies (9609)/2020/May-June (Variant 1)/9609_s20_qp_21.pdf,1216099,
2026-08-31T17:30:16Z,20260831-192915-957,ok,http,https://pastpapers.co/caie/a-level/business-9609/2020-may-june/9609_s20_qp_22.pdf,Question Banks/Cambridge Curricula/Cambridge AS and A Level/Business Studies (9609)/2020/May-June (Variant 2)/9609_s20_qp_22.pdf,1418941,
2026-08-31T17:30:19Z,20260831-192915-957,ok,http,https://pastpapers.co/caie/a-level/business-9609/2020-may-june/9609_s20_qp_23.pdf,Question Banks/Cambridge Curricula/Cambridge AS and A Level/Business Studies (9609)/2020/May-June (Variant 3)/9609_s20_qp_23.pdf,1234264,
2026-08-31T17:30:22Z,20260831-192915-957,skip_exists,http,https://pastpapers.co/caie/a-level/business-9609/2020-oct-nov/9609_w20_ms_21.pdf,Question Banks/Cambridge Curricula/Cambridge AS and A Level/Business Studies (9609)/2020/Oct-Nov (Variant 1)/9609_w20_ms_21.pdf,234196,
2026-08-31T17:30:29Z,20260831-192915-957,ok,http,https://pastpapers.co/caie/a-level/business-9609/2020-oct-nov/9609_w20_ms_11.pdf,Question Banks/Cambridge Curricula/Cambridge AS and A Level/Business Studies (9609)/2020/Oct-Nov (Variant 1)/9609_w20_ms_11.pdf,223768,
2026-08-31T17:30:32Z,20260831-192915-957,ok,http,https://pastpapers.co/caie/a-level/business-9609/2020-oct-nov/9609_w20_ms_12.pdf,Question Banks/Cambridge Curricula/Cambridge AS and A Level/Business Studies (9609)/2020/Oct-Nov (Variant 2)/9609_w20_ms_12.pdf,207349,
2026-08-31T17:30:35Z,20260831-192915-957,ok,http,https://pastpapers.co/caie/a-level/business-9609/2020-oct-nov/9609_w20_ms_13.pdf,Question Banks/Cambridge Curricula/Cambridge AS and A Level/Business Studies (9609)/2020/Oct-Nov (Variant 3)/9609_w20_ms_13.pdf,222554,
2026-08-31T17:30:38Z,20260831-192915-957,ok,http,https://pastpapers.co/caie/a-level/business-9609/2020-oct-nov/9609_w20_ms_22.pdf,Question Banks/Cambridge Curricula/Cambridge AS and A Level/Business Studies (9609)/2020/Oct-Nov (Variant 2)/9609_w20_ms_22.pdf,235385,
2026-08-31T17:30:41Z,20260831-192915-957,ok,http,https://pastpapers.co/caie/a-level/business-9609/2020-oct-nov/9609_w20_ms_23.pdf,Question Banks/Cambridge Curricula/Cambridge AS and A Level/Business Studies (9609)/2020/Oct-Nov (Variant 3)/9609_w20_ms_23.pdf,224640,
2026-08-31T17:30:44Z,20260831-192915-957,ok,http,https://pastpapers.co/caie/a-level/business-9609/2020-oct-nov/9609_w20_qp_11.pdf,Question Banks/Cambridge Curricula/Cambridge AS and A Level/Business Studies (9609)/2020/Oct-Nov (Variant 1)/9609_w20_qp_11.pdf,892251,
2026-08-31T17:30:47Z,20260831-192915-957,ok,http,https://pastpapers.co/caie/a-level/business-9609/2020-oct-nov/9609_w20_qp_12.pdf,Question Banks/Cambridge Curricula/Cambridge AS and A Level/Business Studies (9609)/2020/Oct-Nov (Variant 2)/9609_w20_qp_12.pdf,890960,
2026-08-31T17:30:54Z,20260831-192915-957,ok,http,https://pastpapers.co/caie/a-level/business-9609/2020-oct-nov/9609_w20_qp_13.pdf,Question Banks/Cambridge Curricula/Cambridge AS and A Level/Business Studies (9609)/2020/Oct-Nov (Variant 3)/9609_w20_qp_13.pdf,892559,
2026-08-31T17:31:02Z,20260831-192915-957,ok,http,https://pastpapers.co/caie/a-level/business-9609/2020-oct-nov/9609_w20_qp_21.pdf,Question Banks/Cambridge Curricula/Cambridge AS and A Level/Business Studies (9609)/2020/Oct-Nov (Variant 1)/9609_w20_qp_21.pdf,906940,
2026-08-31T17:31:05Z,20260831-192915-957,ok,http,https://pastpapers.co/caie/a-level/business-9609/2020-oct-nov/9609_w20_qp_22.pdf,Question Banks/Cambridge Curricula/Cambridge AS and A Level/Business Studies (9609)/2020/Oct-Nov (Variant 2)/9609_w20_qp_22.pdf,920883,
2026-08-31T17:31:08Z,20260831-192915-957,ok,http,https://pastpapers.co/caie/a-level/business-9609/2020-oct-nov/9609_w20_qp_23.pdf,Question Banks/Cambridge Curricula/Cambridge AS and A Level/Business Studies (9609)/2020/Oct-Nov (Variant 3)/9609_w20_qp_23.pdf,921699,
2026-08-31T17:31:13Z,20260831-192915-957,ok,http,https://pastpapers.co/caie/a-level/business-9609/2021-march/9609_m21_ms_12.pdf,Question Banks/Cambridge Curricula/Cambridge AS and A Level/Business Studies (9609)/2021/March (Variant 2)/9609_m21_ms_12.pdf,243671,
2026-08-31T17:31:16Z,20260831-192915-957,ok,http,https://pastpapers.co/caie/a-level/business-9609/2021-march/9609_m21_ms_22.pdf,Question Banks/Cambridge Curricula/Cambridge AS and A Level/Business Studies (9609)/2021/March (Variant 2)/9609_m21_ms_22.pdf,236638,
2026-08-31T17:31:19Z,20260831-192915-957,ok,http,https://pastpapers.co/caie/a-level/business-9609/2021-march/9609_m21_qp_12.pdf,Question Banks/Cambridge Curricula/Cambridge AS and A Level/Business Studies (9609)/2021/March (Variant 2)/9609_m21_qp_12.pdf,879914,
2026-08-31T17:31:22Z,20260831-192915-957,ok,http,https://pastpapers.co/caie/a-level/business-9609/2021-march/9609_m21_qp_22.pdf,Question Banks/Cambridge Curricula/Cambridge AS and A Level/Business Studies (9609)/2021/March (Variant 2)/9609_m21_qp_22.pdf,896067,
2026-08-31T17:31:29Z,20260831-192915-957,ok,http,https://pastpapers.co/caie/a-level/business-9609/2021-may-june/9609_s21_ms_11.pdf,Question Banks/Cambridge Curricula/Cambridge AS and A Level/Business Studies (9609)/2021/May-June (Variant 1)/9609_s21_ms_11.pdf,248002,
2026-08-31T17:31:36Z,20260831-192915-957,ok,http,https://pastpapers.co/caie/a-level/business-9609/2021-may-june/9609_s21_ms_12.pdf,Question Banks/Cambridge Curricula/Cambridge AS and A Level/Business Studies (9609)/2021/May-June (Variant 2)/9609_s21_ms_12.pdf,249806,
2026-08-31T17:31:39Z,20260831-192915-957,ok,http,https://pastpapers.co/caie/a-level/business-9609/2021-may-june/9609_s21_ms_13.pdf,Question Banks/Cambridge Curricula/Cambridge AS and A Level/Business Studies (9609)/2021/May-June (Variant 3)/9609_s21_ms_13.pdf,250032,
2026-08-31T17:31:42Z,20260831-192915-957,ok,http,https://pastpapers.co/caie/a-level/business-9609/2021-may-june/9609_s21_ms_14.pdf,Question Banks/Cambridge Curricula/Cambridge AS and A Level/Business Studies (9609)/2021/May-June (Variant 4)/9609_s21_ms_14.pdf,267261,
2026-08-31T17:31:46Z,20260831-192915-957,ok,http,https://pastpapers.co/caie/a-level/business-9609/2021-may-june/9609_s21_ms_21.pdf,Question Banks/Cambridge Curricula/Cambridge AS and A Level/Business Studies (9609)/2021/May-June (Variant 1)/9609_s21_ms_21.pdf,235375,
2026-08-31T17:31:49Z,20260831-192915-957,ok,http,https://pastpapers.co/caie/a-level/business-9609/2021-may-june/9609_s21_ms_22.pdf,Question Banks/Cambridge Curricula/Cambridge AS and A Level/Business Studies (9609)/2021/May-June (Variant 2)/9609_s21_ms_22.pdf,254409,
2026-08-31T17:31:52Z,20260831-192915-957,ok,http,https://pastpapers.co/caie/a-level/business-9609/2021-may-june/9609_s21_ms_23.pdf,Question Banks/Cambridge Curricula/Cambridge AS and A Level/Business Studies (9609)/2021/May-June (Variant 3)/9609_s21_ms_23.pdf,239593,
2026-08-31T17:31:54Z,20260831-192915-957,ok,http,https://pastpapers.co/caie/a-level/business-9609/2021-may-june/9609_s21_ms_24.pdf,Question Banks/Cambridge Curricula/Cambridge AS and A Level/Business Studies (9609)/2021/May-June (Variant 4)/9609_s21_ms_24.pdf,242059,
2026-08-31T17:32:01Z,20260831-192915-957,ok,http,https://pastpapers.co/caie/a-level/business-9609/2021-may-june/9609_s21_qp_11.pdf,Question Banks/Cambridge Curricula/Cambridge AS and A Level/Business Studies (9609)/2021/May-June (Variant 1)/9609_s21_qp_11.pdf,892919,
2026-08-31T17:32:07Z,20260831-192915-957,ok,http,https://pastpapers.co/caie/a-level/business-9609/2021-may-june/9609_s21_qp_12.pdf,Question Banks/Cambridge Curricula/Cambridge AS and A Level/Business Studies (9609)/2021/May-June (Variant 2)/9609_s21_qp_12.pdf,893070,
2026-08-31T17:32:11Z,20260831-192915-957,ok,http,https://pastpapers.co/caie/a-level/business-9609/2021-may-june/9609_s21_qp_13.pdf,Question Banks/Cambridge Curricula/Cambridge AS and A Level/Business Studies (9609)/2021/May-June (Variant 3)/9609_s21_qp_13.pdf,906749,
2026-08-31T17:32:14Z,20260831-192915-957,ok,http,https://pastpapers.co/caie/a-level/business-9609/2021-may-june/9609_s21_qp_14.pdf,Question Banks/Cambridge Curricula/Cambridge AS and A Level/Business Studies (9609)/2021/May-June (Variant 4)/9609_s21_qp_14.pdf,882305,
2026-08-31T17:32:18Z,20260831-192915-957,ok,http,https://pastpapers.co/caie/a-level/business-9609/2021-may-june/9609_s21_qp_21.pdf,Question Banks/Cambridge Curricula/Cambridge AS and A Level/Business Studies (9609)/2021/May-June (Variant 1)/9609_s21_qp_21.pdf,1162770,
2026-08-31T17:32:22Z,20260831-192915-957,ok,http,https://pastpapers.co/caie/a-level/business-9609/2021-may-june/9609_s21_qp_22.pdf,Question Banks/Cambridge Curricula/Cambridge AS and A Level/Business Studies (9609)/2021/May-June (Variant 2)/9609_s21_qp_22.pdf,946570,
2026-08-31T17:32:25Z,20260831-192915-957,ok,http,https://pastpapers.co/caie/a-level/business-9609/2021-may-june/9609_s21_qp_23.pdf,Question Banks/Cambridge Curricula/Cambridge AS and A Level/Business Studies (9609)/2021/May-June (Variant 3)/9609_s21_qp_23.pdf,838510,
2026-08-31T17:32:28Z,20260831-192915-957,ok,http,https://pastpapers.co/caie/a-level/business-9609/2021-may-june/9609_s21_qp_24.pdf,Question Banks/Cambridge Curricula/Cambridge AS and A Level/Business Studies (9609)/2021/May-June (Variant 4)/9609_s21_qp_24.pdf,896092,
2026-08-31T17:32:33Z,20260831-192915-957,ok,http,https://pastpapers.co/caie/a-level/business-9609/2021-oct-nov/9609_w21_ms_11.pdf,Question Banks/Cambridge Curricula/Cambridge AS and A Level/Business Studies (9609)/2021/Oct-Nov (Variant 1)/9609_w21_ms_11.pdf,215569,
2026-08-31T17:32:39Z,20260831-192915-957,ok,http,https://pastpapers.co/caie/a-level/business-9609/2021-oct-nov/9609_w21_ms_12.pdf,Question Banks/Cambridge Curricula/Cambridge AS and A Level/Business Studies (9609)/2021/Oct-Nov (Variant 2)/9609_w21_ms_12.pdf,216344,
2026-08-31T17:32:42Z,20260831-192915-957,ok,http,https://pastpapers.co/caie/a-level/business-9609/2021-oct-nov/9609_w21_ms_13.pdf,Question Banks/Cambridge Curricula/Cambridge AS and A Level/Business Studies (9609)/2021/Oct-Nov (Variant 3)/9609_w21_ms_13.pdf,233569,
2026-08-31T17:32:44Z,20260831-192915-957,ok,http,https://pastpapers.co/caie/a-level/business-9609/2021-oct-nov/9609_w21_ms_21.pdf,Question Banks/Cambridge Curricula/Cambridge AS and A Level/Business Studies (9609)/2021/Oct-Nov (Variant 1)/9609_w21_ms_21.pdf,255028,
2026-08-31T17:32:49Z,20260831-192915-957,ok,http,https://pastpapers.co/caie/a-level/business-9609/2021-oct-nov/9609_w21_ms_22.pdf,Question Banks/Cambridge Curricula/Cambridge AS and A Level/Business Studies (9609)/2021/Oct-Nov (Variant 2)/9609_w21_ms_22.pdf,321481,
2026-08-31T17:32:52Z,20260831-192915-957,ok,http,https://pastpapers.co/caie/a-level/business-9609/2021-oct-nov/9609_w21_ms_23.pdf,Question Banks/Cambridge Curricula/Cambridge AS and A Level/Business Studies (9609)/2021/Oct-Nov (Variant 3)/9609_w21_ms_23.pdf,255151,
2026-08-31T17:32:55Z,20260831-192915-957,ok,http,https://pastpapers.co/caie/a-level/business-9609/2021-oct-nov/9609_w21_qp_11.pdf,Question Banks/Cambridge Curricula/Cambridge AS and A Level/Business Studies (9609)/2021/Oct-Nov (Variant 1)/9609_w21_qp_11.pdf,893835,
2026-08-31T17:32:59Z,20260831-192915-957,ok,http,https://pastpapers.co/caie/a-level/business-9609/2021-oct-nov/9609_w21_qp_12.pdf,Question Banks/Cambridge Curricula/Cambridge AS and A Level/Business Studies (9609)/2021/Oct-Nov (Variant 2)/9609_w21_qp_12.pdf,893832,
2026-08-31T17:33:05Z,20260831-192915-957,ok,http,https://pastpapers.co/caie/a-level/business-9609/2021-oct-nov/9609_w21_qp_13.pdf,Question Banks/Cambridge Curricula/Cambridge AS and A Level/Business Studies (9609)/2021/Oct-Nov (Variant 3)/9609_w21_qp_13.pdf,904615,
2026-08-31T17:33:13Z,20260831-192915-957,ok,http,https://pastpapers.co/caie/a-level/business-9609/2021-oct-nov/9609_w21_qp_21.pdf,Question Banks/Cambridge Curricula/Cambridge AS and A Level/Business Studies (9609)/2021/Oct-Nov (Variant 1)/9609_w21_qp_21.pdf,913245,
2026-08-31T17:33:17Z,20260831-192915-957,ok,http,https://pastpapers.co/caie/a-level/business-9609/2021-oct-nov/9609_w21_qp_22.pdf,Question Banks/Cambridge Curricula/Cambridge AS and A Level/Business Studies (9609)/2021/Oct-Nov (Variant 2)/9609_w21_qp_22.pdf,912350,
2026-08-31T17:33:20Z,20260831-192915-957,ok,http,https://pastpapers.co/caie/a-level/business-9609/2021-oct-nov/9609_w21_qp_23.pdf,Question Banks/Cambridge Curricula/Cambridge AS and A Level/Business Studies (9609)/2021/Oct-Nov (Variant 3)/9609_w21_qp_23.pdf,913208,
2026-08-31T17:33:24Z,20260831-192915-957,ok,http,https://pastpapers.co/caie/a-level/business-9609/2022-feb-march/9609_m22_ms_12.pdf,Question Banks/Cambridge Curricula/Cambridge AS and A Level/Business Studies (9609)/2022/March (Variant 2)/9609_m22_ms_12.pdf,255493,
2026-08-31T17:33:26Z,20260831-192915-957,ok,http,https://pastpapers.co/caie/a-level/business-9609/2022-feb-march/9609_m22_ms_22.pdf,Question Banks/Cambridge Curricula/Cambridge AS and A Level/Business Studies (9609)/2022/March (Variant 2)/9609_m22_ms_22.pdf,273043,
2026-08-31T17:33:30Z,20260831-192915-957,ok,http,https://pastpapers.co/caie/a-level/business-9609/2022-feb-march/9609_m22_qp_12.pdf,Question Banks/Cambridge Curricula/Cambridge AS and A Level/Business Studies (9609)/2022/March (Variant 2)/9609_m22_qp_12.pdf,908071,
2026-08-31T17:33:33Z,20260831-192915-957,ok,http,https://pastpapers.co/caie/a-level/business-9609/2022-feb-march/9609_m22_qp_22.pdf,Question Banks/Cambridge Curricula/Cambridge AS and A Level/Business Studies (9609)/2022/March (Variant 2)/9609_m22_qp_22.pdf,924237,
2026-08-31T17:33:40Z,20260831-192915-957,ok,http,https://pastpapers.co/caie/a-level/business-9609/2022-may-june/9609_s22_ms_11.pdf,Question Banks/Cambridge Curricula/Cambridge AS and A Level/Business Studies (9609)/2022/May-June (Variant 1)/9609_s22_ms_11.pdf,281454,
2026-08-31T17:33:46Z,20260831-192915-957,ok,http,https://pastpapers.co/caie/a-level/business-9609/2022-may-june/9609_s22_ms_12.pdf,Question Banks/Cambridge Curricula/Cambridge AS and A Level/Business Studies (9609)/2022/May-June (Variant 2)/9609_s22_ms_12.pdf,284390,
2026-08-31T17:33:49Z,20260831-192915-957,ok,http,https://pastpapers.co/caie/a-level/business-9609/2022-may-june/9609_s22_ms_13.pdf,Question Banks/Cambridge Curricula/Cambridge AS and A Level/Business Studies (9609)/2022/May-June (Variant 3)/9609_s22_ms_13.pdf,263065,
2026-08-31T17:33:52Z,20260831-192915-957,ok,http,https://pastpapers.co/caie/a-level/business-9609/2022-may-june/9609_s22_ms_21.pdf,Question Banks/Cambridge Curricula/Cambridge AS and A Level/Business Studies (9609)/2022/May-June (Variant 1)/9609_s22_ms_21.pdf,307946,
2026-08-31T17:33:56Z,20260831-192915-957,ok,http,https://pastpapers.co/caie/a-level/business-9609/2022-may-june/9609_s22_ms_22.pdf,Question Banks/Cambridge Curricula/Cambridge AS and A Level/Business Studies (9609)/2022/May-June (Variant 2)/9609_s22_ms_22.pdf,311107,
2026-08-31T17:33:59Z,20260831-192915-957,ok,http,https://pastpapers.co/caie/a-level/business-9609/2022-may-june/9609_s22_ms_23.pdf,Question Banks/Cambridge Curricula/Cambridge AS and A Level/Business Studies (9609)/2022/May-June (Variant 3)/9609_s22_ms_23.pdf,257159,
2026-08-31T17:34:02Z,20260831-192915-957,ok,http,https://pastpapers.co/caie/a-level/business-9609/2022-may-june/9609_s22_qp_11.pdf,Question Banks/Cambridge Curricula/Cambridge AS and A Level/Business Studies (9609)/2022/May-June (Variant 1)/9609_s22_qp_11.pdf,883589,
2026-08-31T17:34:05Z,20260831-192915-957,ok,http,https://pastpapers.co/caie/a-level/business-9609/2022-may-june/9609_s22_qp_12.pdf,Question Banks/Cambridge Curricula/Cambridge AS and A Level/Business Studies (9609)/2022/May-June (Variant 2)/9609_s22_qp_12.pdf,909354,
2026-08-31T17:34:13Z,20260831-192915-957,ok,http,https://pastpapers.co/caie/a-level/business-9609/2022-may-june/9609_s22_qp_13.pdf,Question Banks/Cambridge Curricula/Cambridge AS and A Level/Business Studies (9609)/2022/May-June (Variant 3)/9609_s22_qp_13.pdf,909315,
2026-08-31T17:34:20Z,20260831-192915-957,ok,http,https://pastpapers.co/caie/a-level/business-9609/2022-may-june/9609_s22_qp_21.pdf,Question Banks/Cambridge Curricula/Cambridge AS and A Level/Business Studies (9609)/2022/May-June (Variant 1)/9609_s22_qp_21.pdf,938130,
2026-08-31T17:34:24Z,20260831-192915-957,ok,http,https://pastpapers.co/caie/a-level/business-9609/2022-may-june/9609_s22_qp_22.pdf,Question Banks/Cambridge Curricula/Cambridge AS and A Level/Business Studies (9609)/2022/May-June (Variant 2)/9609_s22_qp_22.pdf,1811195,
2026-08-31T17:34:27Z,20260831-192915-957,ok,http,https://pastpapers.co/caie/a-level/business-9609/2022-may-june/9609_s22_qp_23.pdf,Question Banks/Cambridge Curricula/Cambridge AS and A Level/Business Studies (9609)/2022/May-June (Variant 3)/9609_s22_qp_23.pdf,898536,
2026-08-31T17:34:31Z,20260831-192915-957,ok,http,https://pastpapers.co/caie/a-level/business-9609/2022-oct-nov/9609_w22_ms_11.pdf,Question Banks/Cambridge Curricula/Cambridge AS and A Level/Business Studies (9609)/2022/Oct-Nov (Variant 1)/9609_w22_ms_11.pdf,338577,
2026-08-31T17:34:35Z,20260831-192915-957,ok,http,https://pastpapers.co/caie/a-level/business-9609/2022-oct-nov/9609_w22_ms_12.pdf,Question Banks/Cambridge Curricula/Cambridge AS and A Level/Business Studies (9609)/2022/Oct-Nov (Variant 2)/9609_w22_ms_12.pdf,332773,
2026-08-31T17:34:38Z,20260831-192915-957,ok,http,https://pastpapers.co/caie/a-level/business-9609/2022-oct-nov/9609_w22_ms_13.pdf,Question Banks/Cambridge Curricula/Cambridge AS and A Level/Business Studies (9609)/2022/Oct-Nov (Variant 3)/9609_w22_ms_13.pdf,335364,
2026-08-31T17:34:41Z,20260831-192915-957,ok,http,https://pastpapers.co/caie/a-level/business-9609/2022-oct-nov/9609_w22_ms_21.pdf,Question Banks/Cambridge Curricula/Cambridge AS and A Level/Business Studies (9609)/2022/Oct-Nov (Variant 1)/9609_w22_ms_21.pdf,326240,
2026-08-31T17:34:47Z,20260831-192915-957,ok,http,https://pastpapers.co/caie/a-level/business-9609/2022-oct-nov/9609_w22_ms_22.pdf,Question Banks/Cambridge Curricula/Cambridge AS and A Level/Business Studies (9609)/2022/Oct-Nov (Variant 2)/9609_w22_ms_22.pdf,345713,
2026-08-31T17:34:55Z,20260831-192915-957,ok,http,https://pastpapers.co/caie/a-level/business-9609/2022-oct-nov/9609_w22_ms_23.pdf,Question Banks/Cambridge Curricula/Cambridge AS and A Level/Business Studies (9609)/2022/Oct-Nov (Variant 3)/9609_w22_ms_23.pdf,356115,
2026-08-31T17:34:58Z,20260831-192915-957,ok,http,https://pastpapers.co/caie/a-level/business-9609/2022-oct-nov/9609_w22_qp_11.pdf,Question Banks/Cambridge Curricula/Cambridge AS and A Level/Business Studies (9609)/2022/Oct-Nov (Variant 1)/9609_w22_qp_11.pdf,909854,
2026-08-31T17:35:02Z,20260831-192915-957,ok,http,https://pastpapers.co/caie/a-level/business-9609/2022-oct-nov/9609_w22_qp_12.pdf,Question Banks/Cambridge Curricula/Cambridge AS and A Level/Business Studies (9609)/2022/Oct-Nov (Variant 2)/9609_w22_qp_12.pdf,922765,
2026-08-31T17:35:06Z,20260831-192915-957,ok,http,https://pastpapers.co/caie/a-level/business-9609/2023-march/9609_m23_ms_12.pdf,Question Banks/Cambridge Curricula/Cambridge AS and A Level/Business Studies (9609)/2023/March (Variant 2)/9609_m23_ms_12.pdf,363830,
2026-08-31T17:35:09Z,20260831-192915-957,ok,http,https://pastpapers.co/caie/a-level/business-9609/2022-oct-nov/9609_w22_qp_21.pdf,Question Banks/Cambridge Curricula/Cambridge AS and A Level/Business Studies (9609)/2022/Oct-Nov (Variant 1)/9609_w22_qp_21.pdf,927896,
2026-08-31T17:35:13Z,20260831-192915-957,ok,http,https://pastpapers.co/caie/a-level/business-9609/2022-oct-nov/9609_w22_qp_22.pdf,Question Banks/Cambridge Curricula/Cambridge AS and A Level/Business Studies (9609)/2022/Oct-Nov (Variant 2)/9609_w22_qp_22.pdf,940025,
2026-08-31T17:35:16Z,20260831-192915-957,ok,http,https://pastpapers.co/caie/a-level/business-9609/2022-oct-nov/9609_w22_qp_23.pdf,Question Banks/Cambridge Curricula/Cambridge AS and A Level/Business Studies (9609)/2022/Oct-Nov (Variant 3)/9609_w22_qp_23.pdf,642862,
2026-08-31T17:35:22Z,20260831-192915-957,ok,http,https://pastpapers.co/caie/a-level/business-9609/2022-oct-nov/9609_w22_qp_13.pdf,Question Banks/Cambridge Curricula/Cambridge AS and A Level/Business Studies (9609)/2022/Oct-Nov (Variant 3)/9609_w22_qp_13.pdf,910017,
2026-08-31T17:35:29Z,20260831-192915-957,ok,http,https://pastpapers.co/caie/a-level/business-9609/2023-march/9609_m23_ms_22.pdf,Question Banks/Cambridge Curricula/Cambridge AS and A Level/Business Studies (9609)/2023/March (Variant 2)/9609_m23_ms_22.pdf,393808,
2026-08-31T17:35:32Z,20260831-192915-957,ok,http,https://pastpapers.co/caie/a-level/business-9609/2023-march/9609_m23_qp_12.pdf,Question Banks/Cambridge Curricula/Cambridge AS and A Level/Business Studies (9609)/2023/March (Variant 2)/9609_m23_qp_12.pdf,919590,
2026-08-31T17:36:04Z,20260831-192915-957,ok,http,https://pastpapers.co/caie/a-level/business-9609/2023-march/9609_m23_qp_22.pdf,Question Banks/Cambridge Curricula/Cambridge AS and A Level/Business Studies (9609)/2023/March (Variant 2)/9609_m23_qp_22.pdf,924812,
2026-08-31T17:36:07Z,20260831-192915-957,ok,http,https://pastpapers.co/caie/a-level/business-9609/2023-may-june/9609_s23_ms_11.pdf,Question Banks/Cambridge Curricula/Cambridge AS and A Level/Business Studies (9609)/2023/May-June (Variant 1)/9609_s23_ms_11.pdf,344949,
2026-08-31T17:36:10Z,20260831-192915-957,ok,http,https://pastpapers.co/caie/a-level/business-9609/2023-may-june/9609_s23_ms_12.pdf,Question Banks/Cambridge Curricula/Cambridge AS and A Level/Business Studies (9609)/2023/May-June (Variant 2)/9609_s23_ms_12.pdf,355684,
2026-08-31T17:36:13Z,20260831-192915-957,ok,http,https://pastpapers.co/caie/a-level/business-9609/2023-may-june/9609_s23_ms_13.pdf,Question Banks/Cambridge Curricula/Cambridge AS and A Level/Business Studies (9609)/2023/May-June (Variant 3)/9609_s23_ms_13.pdf,315299,
2026-08-31T17:36:16Z,20260831-192915-957,ok,http,https://pastpapers.co/caie/a-level/business-9609/2023-may-june/9609_s23_ms_21.pdf,Question Banks/Cambridge Curricula/Cambridge AS and A Level/Business Studies (9609)/2023/May-June (Variant 1)/9609_s23_ms_21.pdf,397581,
2026-08-31T17:36:21Z,20260831-192915-957,ok,http,https://pastpapers.co/caie/a-level/business-9609/2023-may-june/9609_s23_ms_22.pdf,Question Banks/Cambridge Curricula/Cambridge AS and A Level/Business Studies (9609)/2023/May-June (Variant 2)/9609_s23_ms_22.pdf,430971,
2026-08-31T17:36:27Z,20260831-192915-957,ok,http,https://pastpapers.co/caie/a-level/business-9609/2023-may-june/9609_s23_ms_23.pdf,Question Banks/Cambridge Curricula/Cambridge AS and A Level/Business Studies (9609)/2023/May-June (Variant 3)/9609_s23_ms_23.pdf,414511,
2026-08-31T17:36:30Z,20260831-192915-957,ok,http,https://pastpapers.co/caie/a-level/business-9609/2023-may-june/9609_s23_qp_11.pdf,Question Banks/Cambridge Curricula/Cambridge AS and A Level/Business Studies (9609)/2023/May-June (Variant 1)/9609_s23_qp_11.pdf,919267,
2026-08-31T17:36:33Z,20260831-192915-957,ok,http,https://pastpapers.co/caie/a-level/business-9609/2023-may-june/9609_s23_qp_12.pdf,Question Banks/Cambridge Curricula/Cambridge AS and A Level/Business Studies (9609)/2023/May-June (Variant 2)/9609_s23_qp_12.pdf,640079,
2026-08-31T17:36:38Z,20260831-192915-957,ok,http,https://pastpapers.co/caie/a-level/business-9609/2023-may-june/9609_s23_qp_13.pdf,Question Banks/Cambridge Curricula/Cambridge AS and A Level/Business Studies (9609)/2023/May-June (Variant 3)/9609_s23_qp_13.pdf,919634,
2026-08-31T17:36:41Z,20260831-192915-957,ok,http,https://pastpapers.co/caie/a-level/business-9609/2023-may-june/9609_s23_qp_21.pdf,Question Banks/Cambridge Curricula/Cambridge AS and A Level/Business Studies (9609)/2023/May-June (Variant 1)/9609_s23_qp_21.pdf,644687,
2026-08-31T17:36:44Z,20260831-192915-957,ok,http,https://pastpapers.co/caie/a-level/business-9609/2023-may-june/9609_s23_qp_22.pdf,Question Banks/Cambridge Curricula/Cambridge AS and A Level/Business Studies (9609)/2023/May-June (Variant 2)/9609_s23_qp_22.pdf,689068,
2026-08-31T17:36:46Z,20260831-192915-957,ok,http,https://pastpapers.co/caie/a-level/business-9609/2023-may-june/9609_s23_qp_23.pdf,Question Banks/Cambridge Curricula/Cambridge AS and A Level/Business Studies (9609)/2023/May-June (Variant 3)/9609_s23_qp_23.pdf,657752,
2026-08-31T17:36:53Z,20260831-192915-957,ok,http,https://pastpapers.co/caie/a-level/business-9609/2023-oct-nov/9609_w23_ms_11.pdf,Question Banks/Cambridge Curricula/Cambridge AS and A Level/Business Studies (9609)/2023/Oct-Nov (Variant 1)/9609_w23_ms_11.pdf,382367,
2026-08-31T17:37:01Z,20260831-192915-957,ok,http,https://pastpapers.co/caie/a-level/business-9609/2023-oct-nov/9609_w23_ms_12.pdf,Question Banks/Cambridge Curricula/Cambridge AS and A Level/Business Studies (9609)/2023/Oct-Nov (Variant 2)/9609_w23_ms_12.pdf,334433,
2026-08-31T17:37:04Z,20260831-192915-957,ok,http,https://pastpapers.co/caie/a-level/business-9609/2023-oct-nov/9609_w23_ms_13.pdf,Question Banks/Cambridge Curricula/Cambridge AS and A Level/Business Studies (9609)/2023/Oct-Nov (Variant 3)/9609_w23_ms_13.pdf,334868,
2026-08-31T17:37:07Z,20260831-192915-957,ok,http,https://pastpapers.co/caie/a-level/business-9609/2023-oct-nov/9609_w23_ms_21.pdf,Question Banks/Cambridge Curricula/Cambridge AS and A Level/Business Studies (9609)/2023/Oct-Nov (Variant 1)/9609_w23_ms_21.pdf,492276,
2026-08-31T17:37:12Z,20260831-192915-957,ok,http,https://pastpapers.co/caie/a-level/business-9609/2023-oct-nov/9609_w23_ms_22.pdf,Question Banks/Cambridge Curricula/Cambridge AS and A Level/Business Studies (9609)/2023/Oct-Nov (Variant 2)/9609_w23_ms_22.pdf,532202,
2026-08-31T17:37:15Z,20260831-192915-957,ok,http,https://pastpapers.co/caie/a-level/business-9609/2023-oct-nov/9609_w23_ms_23.pdf,Question Banks/Cambridge Curricula/Cambridge AS and A Level/Business Studies (9609)/2023/Oct-Nov (Variant 3)/9609_w23_ms_23.pdf,456452,
2026-08-31T17:37:18Z,20260831-192915-957,ok,http,https://pastpapers.co/caie/a-level/business-9609/2023-oct-nov/9609_w23_qp_11.pdf,Question Banks/Cambridge Curricula/Cambridge AS and A Level/Business Studies (9609)/2023/Oct-Nov (Variant 1)/9609_w23_qp_11.pdf,639934,
2026-08-31T17:37:21Z,20260831-192915-957,ok,http,https://pastpapers.co/caie/a-level/business-9609/2023-oct-nov/9609_w23_qp_12.pdf,Question Banks/Cambridge Curricula/Cambridge AS and A Level/Business Studies (9609)/2023/Oct-Nov (Variant 2)/9609_w23_qp_12.pdf,639589,
2026-08-31T17:37:28Z,20260831-192915-957,ok,http,https://pastpapers.co/caie/a-level/business-9609/2023-oct-nov/9609_w23_qp_13.pdf,Question Banks/Cambridge Curricula/Cambridge AS and A Level/Business Studies (9609)/2023/Oct-Nov (Variant 3)/9609_w23_qp_13.pdf,919116,
2026-08-31T17:37:34Z,20260831-192915-957,ok,http,https://pastpapers.co/caie/a-level/business-9609/2023-oct-nov/9609_w23_qp_21.pdf,Question Banks/Cambridge Curricula/Cambridge AS and A Level/Business Studies (9609)/2023/Oct-Nov (Variant 1)/9609_w23_qp_21.pdf,659419,
2026-08-31T17:37:37Z,20260831-192915-957,ok,http,https://pastpapers.co/caie/a-level/business-9609/2023-oct-nov/9609_w23_qp_22.pdf,Question Banks/Cambridge Curricula/Cambridge AS and A Level/Business Studies (9609)/2023/Oct-Nov (Variant 2)/9609_w23_qp_22.pdf,924446,
2026-08-31T17:37:41Z,20260831-192915-957,ok,http,https://pastpapers.co/caie/a-level/business-9609/2023-oct-nov/9609_w23_qp_23.pdf,Question Banks/Cambridge Curricula/Cambridge AS and A Level/Business Studies (9609)/2023/Oct-Nov (Variant 3)/9609_w23_qp_23.pdf,670051,
2026-08-31T17:37:45Z,20260831-192915-957,ok,http,https://pastpapers.co/caie/a-level/business-9609/2024-march/9609_m24_ms_12.pdf,Question Banks/Cambridge Curricula/Cambridge AS and A Level/Business Studies (9609)/2024/March (Variant 2)/9609_m24_ms_12.pdf,345320,
2026-08-31T17:37:48Z,20260831-192915-957,ok,http,https://pastpapers.co/caie/a-level/business-9609/2024-march/9609_m24_ms_22.pdf,Question Banks/Cambridge Curricula/Cambridge AS and A Level/Business Studies (9609)/2024/March (Variant 2)/9609_m24_ms_22.pdf,442547,
2026-08-31T17:37:51Z,20260831-192915-957,ok,http,https://pastpapers.co/caie/a-level/business-9609/2024-march/9609_m24_qp_12.pdf,Question Banks/Cambridge Curricula/Cambridge AS and A Level/Business Studies (9609)/2024/March (Variant 2)/9609_m24_qp_12.pdf,1028533,
2026-08-31T17:37:55Z,20260831-192915-957,ok,http,https://pastpapers.co/caie/a-level/business-9609/2024-march/9609_m24_qp_22.pdf,Question Banks/Cambridge Curricula/Cambridge AS and A Level/Business Studies (9609)/2024/March (Variant 2)/9609_m24_qp_22.pdf,683939,
2026-08-31T17:38:00Z,20260831-192915-957,ok,http,https://pastpapers.co/caie/a-level/business-9609/2024-may-june/9609_s24_ms_11.pdf,Question Banks/Cambridge Curricula/Cambridge AS and A Level/Business Studies (9609)/2024/May-June (Variant 1)/9609_s24_ms_11.pdf,246714,
2026-08-31T17:38:09Z,20260831-192915-957,ok,http,https://pastpapers.co/caie/a-level/business-9609/2024-may-june/9609_s24_ms_12.pdf,Question Banks/Cambridge Curricula/Cambridge AS and A Level/Business Studies (9609)/2024/May-June (Variant 2)/9609_s24_ms_12.pdf,252705,
2026-08-31T17:38:11Z,20260831-192915-957,ok,http,https://pastpapers.co/caie/a-level/business-9609/2024-may-june/9609_s24_ms_13.pdf,Question Banks/Cambridge Curricula/Cambridge AS and A Level/Business Studies (9609)/2024/May-June (Variant 3)/9609_s24_ms_13.pdf,264323,
2026-08-31T17:38:15Z,20260831-192915-957,ok,http,https://pastpapers.co/caie/a-level/business-9609/2024-may-june/9609_s24_ms_21.pdf,Question Banks/Cambridge Curricula/Cambridge AS and A Level/Business Studies (9609)/2024/May-June (Variant 1)/9609_s24_ms_21.pdf,293363,
2026-08-31T17:38:19Z,20260831-192915-957,ok,http,https://pastpapers.co/caie/a-level/business-9609/2024-may-june/9609_s24_ms_22.pdf,Question Banks/Cambridge Curricula/Cambridge AS and A Level/Business Studies (9609)/2024/May-June (Variant 2)/9609_s24_ms_22.pdf,336990,
2026-08-31T17:38:22Z,20260831-192915-957,ok,http,https://pastpapers.co/caie/a-level/business-9609/2024-may-june/9609_s24_ms_23.pdf,Question Banks/Cambridge Curricula/Cambridge AS and A Level/Business Studies (9609)/2024/May-June (Variant 3)/9609_s24_ms_23.pdf,265634,
2026-08-31T17:38:26Z,20260831-192915-957,ok,http,https://pastpapers.co/caie/a-level/business-9609/2024-may-june/9609_s24_qp_11.pdf,Question Banks/Cambridge Curricula/Cambridge AS and A Level/Business Studies (9609)/2024/May-June (Variant 1)/9609_s24_qp_11.pdf,695928,
2026-08-31T17:38:30Z,20260831-192915-957,ok,http,https://pastpapers.co/caie/a-level/business-9609/2024-may-june/9609_s24_qp_12.pdf,Question Banks/Cambridge Curricula/Cambridge AS and A Level/Business Studies (9609)/2024/May-June (Variant 2)/9609_s24_qp_12.pdf,640334,
2026-08-31T17:38:37Z,20260831-192915-957,ok,http,https://pastpapers.co/caie/a-level/business-9609/2024-may-june/9609_s24_qp_13.pdf,Question Banks/Cambridge Curricula/Cambridge AS and A Level/Business Studies (9609)/2024/May-June (Variant 3)/9609_s24_qp_13.pdf,1013613,
2026-08-31T17:38:41Z,20260831-192915-957,ok,http,https://pastpapers.co/caie/a-level/business-9609/2024-oct-nov/9609_w24_ms_11.pdf,Question Banks/Cambridge Curricula/Cambridge AS and A Level/Business Studies (9609)/2024/Oct-Nov (Variant 1)/9609_w24_ms_11.pdf,385181,
2026-08-31T17:38:44Z,20260831-192915-957,ok,http,https://pastpapers.co/caie/a-level/business-9609/2024-oct-nov/9609_w24_ms_13.pdf,Question Banks/Cambridge Curricula/Cambridge AS and A Level/Business Studies (9609)/2024/Oct-Nov (Variant 3)/9609_w24_ms_13.pdf,363380,
2026-08-31T17:38:48Z,20260831-192915-957,ok,http,https://pastpapers.co/caie/a-level/business-9609/2024-may-june/9609_s24_qp_21.pdf,Question Banks/Cambridge Curricula/Cambridge AS and A Level/Business Studies (9609)/2024/May-June (Variant 1)/9609_s24_qp_21.pdf,711311,
2026-08-31T17:38:52Z,20260831-192915-957,ok,http,https://pastpapers.co/caie/a-level/business-9609/2024-may-june/9609_s24_qp_22.pdf,Question Banks/Cambridge Curricula/Cambridge AS and A Level/Business Studies (9609)/2024/May-June (Variant 2)/9609_s24_qp_22.pdf,730657,
2026-08-31T17:38:56Z,20260831-192915-957,ok,http,https://pastpapers.co/caie/a-level/business-9609/2024-may-june/9609_s24_qp_23.pdf,Question Banks/Cambridge Curricula/Cambridge AS and A Level/Business Studies (9609)/2024/May-June (Variant 3)/9609_s24_qp_23.pdf,684592,
2026-08-31T17:39:06Z,20260831-192915-957,ok,http,https://pastpapers.co/caie/a-level/business-9609/2024-oct-nov/9609_w24_qp_13.pdf,Question Banks/Cambridge Curricula/Cambridge AS and A Level/Business Studies (9609)/2024/Oct-Nov (Variant 3)/9609_w24_qp_13.pdf,1019478,
2026-08-31T17:39:09Z,20260831-192915-957,ok,http,https://pastpapers.co/caie/a-level/business-9609/2024-oct-nov/9609_w24_ms_22.pdf,Question Banks/Cambridge Curricula/Cambridge AS and A Level/Business Studies (9609)/2024/Oct-Nov (Variant 2)/9609_w24_ms_22.pdf,511516,
2026-08-31T17:39:13Z,20260831-192915-957,ok,http,https://pastpapers.co/caie/a-level/business-9609/2024-oct-nov/9609_w24_ms_12.pdf,Question Banks/Cambridge Curricula/Cambridge AS and A Level/Business Studies (9609)/2024/Oct-Nov (Variant 2)/9609_w24_ms_12.pdf,435201,
2026-08-31T17:39:18Z,20260831-192915-957,ok,http,https://pastpapers.co/caie/a-level/business-9609/2024-oct-nov/9609_w24_ms_23.pdf,Question Banks/Cambridge Curricula/Cambridge AS and A Level/Business Studies (9609)/2024/Oct-Nov (Variant 3)/9609_w24_ms_23.pdf,480467,
2026-08-31T17:39:21Z,20260831-192915-957,ok,http,https://pastpapers.co/caie/a-level/business-9609/2024-oct-nov/9609_w24_ms_21.pdf,Question Banks/Cambridge Curricula/Cambridge AS and A Level/Business Studies (9609)/2024/Oct-Nov (Variant 1)/9609_w24_ms_21.pdf,496810,
2026-08-31T17:39:24Z,20260831-192915-957,ok,http,https://pastpapers.co/caie/a-level/business-9609/2024-oct-nov/9609_w24_qp_11.pdf,Question Banks/Cambridge Curricula/Cambridge AS and A Level/Business Studies (9609)/2024/Oct-Nov (Variant 1)/9609_w24_qp_11.pdf,696941,
2026-08-31T17:39:28Z,20260831-192915-957,ok,http,https://pastpapers.co/caie/a-level/business-9609/2024-oct-nov/9609_w24_qp_12.pdf,Question Banks/Cambridge Curricula/Cambridge AS and A Level/Business Studies (9609)/2024/Oct-Nov (Variant 2)/9609_w24_qp_12.pdf,1036328,
2026-08-31T17:39:40Z,20260831-192915-957,ok,http,https://pastpapers.co/caie/a-level/business-9609/2024-oct-nov/9609_w24_qp_21.pdf,Question Banks/Cambridge Curricula/Cambridge AS and A Level/Business Studies (9609)/2024/Oct-Nov (Variant 1)/9609_w24_qp_21.pdf,704052,
2026-08-31T17:39:43Z,20260831-192915-957,ok,http,https://pastpapers.co/caie/a-level/business-9609/2024-oct-nov/9609_w24_qp_22.pdf,Question Banks/Cambridge Curricula/Cambridge AS and A Level/Business Studies (9609)/2024/Oct-Nov (Variant 2)/9609_w24_qp_22.pdf,705124,
2026-08-31T17:39:47Z,20260831-192915-957,ok,http,https://pastpapers.co/caie/a-level/business-9609/2024-oct-nov/9609_w24_qp_23.pdf,Question Banks/Cambridge Curricula/Cambridge AS and A Level/Business Studies (9609)/2024/Oct-Nov (Variant 3)/9609_w24_qp_23.pdf,1288383,
2026-08-31T17:39:50Z,20260831-192915-957,ok,http,https://pastpapers.co/caie/a-level/business-9609/2025-march/9609_m25_ms_12.pdf,Question Banks/Cambridge Curricula/Cambridge AS and A Level/Business Studies (9609)/2025/March (Variant 2)/9609_m25_ms_12.pdf,429150,
2026-08-31T17:39:53Z,20260831-192915-957,ok,http,https://pastpapers.co/caie/a-level/business-9609/2025-march/9609_m25_ms_22.pdf,Question Banks/Cambridge Curricula/Cambridge AS and A Level/Business Studies (9609)/2025/March (Variant 2)/9609_m25_ms_22.pdf,548128,
2026-08-31T17:39:56Z,20260831-192915-957,ok,http,https://pastpapers.co/caie/a-level/business-9609/2025-march/9609_m25_qp_12.pdf,Question Banks/Cambridge Curricula/Cambridge AS and A Level/Business Studies (9609)/2025/March (Variant 2)/9609_m25_qp_12.pdf,960455,
2026-08-31T17:39:59Z,20260831-192915-957,ok,http,https://pastpapers.co/caie/a-level/business-9609/2025-march/9609_m25_qp_22.pdf,Question Banks/Cambridge Curricula/Cambridge AS and A Level/Business Studies (9609)/2025/March (Variant 2)/9609_m25_qp_22.pdf,966164,
2026-08-31T17:40:03Z,20260831-192915-957,ok,http,https://pastpapers.co/caie/a-level/business-9609/2025-may-june/9609_s25_ms_11.pdf,Question Banks/Cambridge Curricula/Cambridge AS and A Level/Business Studies (9609)/2025/May-June (Variant 1)/9609_s25_ms_11.pdf,439773,
2026-08-31T17:40:16Z,20260831-192915-957,ok,http,https://pastpapers.co/caie/a-level/business-9609/2025-may-june/9609_s25_ms_12.pdf,Question Banks/Cambridge Curricula/Cambridge AS and A Level/Business Studies (9609)/2025/May-June (Variant 2)/9609_s25_ms_12.pdf,417659,
2026-08-31T17:40:19Z,20260831-192915-957,ok,http,https://pastpapers.co/caie/a-level/business-9609/2025-may-june/9609_s25_ms_13.pdf,Question Banks/Cambridge Curricula/Cambridge AS and A Level/Business Studies (9609)/2025/May-June (Variant 3)/9609_s25_ms_13.pdf,440106,
2026-08-31T17:40:23Z,20260831-192915-957,ok,http,https://pastpapers.co/caie/a-level/business-9609/2025-may-june/9609_s25_ms_21.pdf,Question Banks/Cambridge Curricula/Cambridge AS and A Level/Business Studies (9609)/2025/May-June (Variant 1)/9609_s25_ms_21.pdf,540015,
2026-08-31T17:40:26Z,20260831-192915-957,ok,http,https://pastpapers.co/caie/a-level/business-9609/2025-may-june/9609_s25_ms_22.pdf,Question Banks/Cambridge Curricula/Cambridge AS and A Level/Business Studies (9609)/2025/May-June (Variant 2)/9609_s25_ms_22.pdf,517087,
2026-08-31T17:40:30Z,20260831-192915-957,ok,http,https://pastpapers.co/caie/a-level/business-9609/2025-may-june/9609_s25_ms_23.pdf,Question Banks/Cambridge Curricula/Cambridge AS and A Level/Business Studies (9609)/2025/May-June (Variant 3)/9609_s25_ms_23.pdf,467041,
2026-08-31T17:40:34Z,20260831-192915-957,ok,http,https://pastpapers.co/caie/a-level/business-9609/2025-may-june/9609_s25_qp_11.pdf,Question Banks/Cambridge Curricula/Cambridge AS and A Level/Business Studies (9609)/2025/May-June (Variant 1)/9609_s25_qp_11.pdf,1021237,
2026-08-31T17:40:37Z,20260831-192915-957,ok,http,https://pastpapers.co/caie/a-level/business-9609/2025-may-june/9609_s25_qp_12.pdf,Question Banks/Cambridge Curricula/Cambridge AS and A Level/Business Studies (9609)/2025/May-June (Variant 2)/9609_s25_qp_12.pdf,676866,
2026-08-31T17:40:40Z,20260831-192915-957,ok,http,https://pastpapers.co/caie/a-level/business-9609/2025-may-june/9609_s25_qp_13.pdf,Question Banks/Cambridge Curricula/Cambridge AS and A Level/Business Studies (9609)/2025/May-June (Variant 3)/9609_s25_qp_13.pdf,924014,
2026-08-31T17:40:51Z,20260831-192915-957,ok,http,https://pastpapers.co/caie/a-level/business-9609/2025-may-june/9609_s25_qp_21.pdf,Question Banks/Cambridge Curricula/Cambridge AS and A Level/Business Studies (9609)/2025/May-June (Variant 1)/9609_s25_qp_21.pdf,991962,
2026-08-31T17:40:55Z,20260831-192915-957,ok,http,https://pastpapers.co/caie/a-level/business-9609/2025-may-june/9609_s25_qp_22.pdf,Question Banks/Cambridge Curricula/Cambridge AS and A Level/Business Studies (9609)/2025/May-June (Variant 2)/9609_s25_qp_22.pdf,1250937,
2026-08-31T17:40:58Z,20260831-192915-957,ok,http,https://pastpapers.co/caie/a-level/business-9609/2025-may-june/9609_s25_qp_23.pdf,Question Banks/Cambridge Curricula/Cambridge AS and A Level/Business Studies (9609)/2025/May-June (Variant 3)/9609_s25_qp_23.pdf,968535,
2026-08-31T17:41:01Z,20260831-192915-957,ok,http,https://pastpapers.co/caie/a-level/business-9609/2025-oct-nov/9609_w25_ms_11.pdf,Question Banks/Cambridge Curricula/Cambridge AS and A Level/Business Studies (9609)/2025/Oct-Nov (Variant 1)/9609_w25_ms_11.pdf,453523,
2026-08-31T17:41:04Z,20260831-192915-957,ok,http,https://pastpapers.co/caie/a-level/business-9609/2025-oct-nov/9609_w25_ms_12.pdf,Question Banks/Cambridge Curricula/Cambridge AS and A Level/Business Studies (9609)/2025/Oct-Nov (Variant 2)/9609_w25_ms_12.pdf,424307,
2026-08-31T17:41:07Z,20260831-192915-957,ok,http,https://pastpapers.co/caie/a-level/business-9609/2025-oct-nov/9609_w25_ms_13.pdf,Question Banks/Cambridge Curricula/Cambridge AS and A Level/Business Studies (9609)/2025/Oct-Nov (Variant 3)/9609_w25_ms_13.pdf,428616,
2026-08-31T17:41:10Z,20260831-192915-957,ok,http,https://pastpapers.co/caie/a-level/business-9609/2025-oct-nov/9609_w25_ms_21.pdf,Question Banks/Cambridge Curricula/Cambridge AS and A Level/Business Studies (9609)/2025/Oct-Nov (Variant 1)/9609_w25_ms_21.pdf,466847,
2026-08-31T17:41:13Z,20260831-192915-957,ok,http,https://pastpapers.co/caie/a-level/business-9609/2025-oct-nov/9609_w25_ms_22.pdf,Question Banks/Cambridge Curricula/Cambridge AS and A Level/Business Studies (9609)/2025/Oct-Nov (Variant 2)/9609_w25_ms_22.pdf,567759,
2026-08-31T17:41:18Z,20260831-192915-957,ok,http,https://pastpapers.co/caie/a-level/business-9609/2025-oct-nov/9609_w25_ms_23.pdf,Question Banks/Cambridge Curricula/Cambridge AS and A Level/Business Studies (9609)/2025/Oct-Nov (Variant 3)/9609_w25_ms_23.pdf,554575,
2026-08-31T17:41:27Z,20260831-192915-957,ok,http,https://pastpapers.co/caie/a-level/business-9609/2025-oct-nov/9609_w25_qp_12.pdf,Question Banks/Cambridge Curricula/Cambridge AS and A Level/Business Studies (9609)/2025/Oct-Nov (Variant 2)/9609_w25_qp_12.pdf,1017860,
2026-08-31T17:41:31Z,20260831-192915-957,ok,http,https://pastpapers.co/caie/a-level/business-9609/2025-oct-nov/9609_w25_qp_13.pdf,Question Banks/Cambridge Curricula/Cambridge AS and A Level/Business Studies (9609)/2025/Oct-Nov (Variant 3)/9609_w25_qp_13.pdf,940014,
2026-08-31T17:41:34Z,20260831-192915-957,ok,http,https://pastpapers.co/caie/a-level/business-9609/2025-oct-nov/9609_w25_qp_21.pdf,Question Banks/Cambridge Curricula/Cambridge AS and A Level/Business Studies (9609)/2025/Oct-Nov (Variant 1)/9609_w25_qp_21.pdf,984252,
2026-08-31T17:41:37Z,20260831-192915-957,ok,http,https://pastpapers.co/caie/a-level/business-9609/2025-oct-nov/9609_w25_qp_22.pdf,Question Banks/Cambridge Curricula/Cambridge AS and A Level/Business Studies (9609)/2025/Oct-Nov (Variant 2)/9609_w25_qp_22.pdf,1260062,
2026-08-31T17:41:41Z,20260831-192915-957,ok,http,https://pastpapers.co/caie/a-level/business-9609/2025-oct-nov/9609_w25_qp_23.pdf,Question Banks/Cambridge Curricula/Cambridge AS and A Level/Business Studies (9609)/2025/Oct-Nov (Variant 3)/9609_w25_qp_23.pdf,990798,
2026-08-31T17:41:44Z,20260831-192915-957,ok,http,https://pastpapers.co/caie/a-level/business-9609/2025-oct-nov/9609_w25_qp_11.pdf,Question Banks/Cambridge Curricula/Cambridge AS and A Level/Business Studies (9609)/2025/Oct-Nov (Variant 1)/9609_w25_qp_11.pdf,1008798,
2026-08-31T17:49:51Z,20260831-194951-584,moved,refile,,Question Banks/Cambridge Curricula/Cambridge AS and A Level/Business Studies (9609)/AS Level/2020/May-June (Variant 1)/9609_s20_ms_11.pdf,218126,from Question Banks/Cambridge Curricula/Cambridge AS and A Level/Business Studies (9609)/2020/May-June (Variant 1)/9609_s20_ms_11.pdf
2026-08-31T17:49:51Z,20260831-194951-584,moved,refile,,Question Banks/Cambridge Curricula/Cambridge AS and A Level/Business Studies (9609)/AS Level/2020/May-June (Variant 1)/9609_s20_ms_21.pdf,204019,from Question Banks/Cambridge Curricula/Cambridge AS and A Level/Business Studies (9609)/2020/May-June (Variant 1)/9609_s20_ms_21.pdf
2026-08-31T17:49:51Z,20260831-194951-584,moved,refile,,Question Banks/Cambridge Curricula/Cambridge AS and A Level/Business Studies (9609)/AS Level/2020/May-June (Variant 1)/9609_s20_qp_11.pdf,892735,from Question Banks/Cambridge Curricula/Cambridge AS and A Level/Business Studies (9609)/2020/May-June (Variant 1)/9609_s20_qp_11.pdf
2026-08-31T17:49:51Z,20260831-194951-584,moved,refile,,Question Banks/Cambridge Curricula/Cambridge AS and A Level/Business Studies (9609)/AS Level/2020/May-June (Variant 1)/9609_s20_qp_21.pdf,1216099,from Question Banks/Cambridge Curricula/Cambridge AS and A Level/Business Studies (9609)/2020/May-June (Variant 1)/9609_s20_qp_21.pdf
2026-08-31T17:49:51Z,20260831-194951-584,moved,refile,,Question Banks/Cambridge Curricula/Cambridge AS and A Level/Business Studies (9609)/AS Level/2020/May-June (Variant 2)/9609_s20_ms_12.pdf,217376,from Question Banks/Cambridge Curricula/Cambridge AS and A Level/Business Studies (9609)/2020/May-June (Variant 2)/9609_s20_ms_12.pdf
2026-08-31T17:49:51Z,20260831-194951-584,moved,refile,,Question Banks/Cambridge Curricula/Cambridge AS and A Level/Business Studies (9609)/AS Level/2020/May-June (Variant 2)/9609_s20_ms_22.pdf,198564,from Question Banks/Cambridge Curricula/Cambridge AS and A Level/Business Studies (9609)/2020/May-June (Variant 2)/9609_s20_ms_22.pdf
2026-08-31T17:49:51Z,20260831-194951-584,moved,refile,,Question Banks/Cambridge Curricula/Cambridge AS and A Level/Business Studies (9609)/AS Level/2020/May-June (Variant 2)/9609_s20_qp_12.pdf,893476,from Question Banks/Cambridge Curricula/Cambridge AS and A Level/Business Studies (9609)/2020/May-June (Variant 2)/9609_s20_qp_12.pdf
2026-08-31T17:49:51Z,20260831-194951-584,moved,refile,,Question Banks/Cambridge Curricula/Cambridge AS and A Level/Business Studies (9609)/AS Level/2020/May-June (Variant 2)/9609_s20_qp_22.pdf,1418941,from Question Banks/Cambridge Curricula/Cambridge AS and A Level/Business Studies (9609)/2020/May-June (Variant 2)/9609_s20_qp_22.pdf
2026-08-31T17:49:51Z,20260831-194951-584,moved,refile,,Question Banks/Cambridge Curricula/Cambridge AS and A Level/Business Studies (9609)/AS Level/2020/May-June (Variant 3)/9609_s20_ms_13.pdf,202175,from Question Banks/Cambridge Curricula/Cambridge AS and A Level/Business Studies (9609)/2020/May-June (Variant 3)/9609_s20_ms_13.pdf
2026-08-31T17:49:51Z,20260831-194951-584,moved,refile,,Question Banks/Cambridge Curricula/Cambridge AS and A Level/Business Studies (9609)/AS Level/2020/May-June (Variant 3)/9609_s20_ms_23.pdf,210779,from Question Banks/Cambridge Curricula/Cambridge AS and A Level/Business Studies (9609)/2020/May-June (Variant 3)/9609_s20_ms_23.pdf
2026-08-31T17:49:51Z,20260831-194951-584,moved,refile,,Question Banks/Cambridge Curricula/Cambridge AS and A Level/Business Studies (9609)/AS Level/2020/May-June (Variant 3)/9609_s20_qp_13.pdf,892567,from Question Banks/Cambridge Curricula/Cambridge AS and A Level/Business Studies (9609)/2020/May-June (Variant 3)/9609_s20_qp_13.pdf
2026-08-31T17:49:51Z,20260831-194951-584,moved,refile,,Question Banks/Cambridge Curricula/Cambridge AS and A Level/Business Studies (9609)/AS Level/2020/May-June (Variant 3)/9609_s20_qp_23.pdf,1234264,from Question Banks/Cambridge Curricula/Cambridge AS and A Level/Business Studies (9609)/2020/May-June (Variant 3)/9609_s20_qp_23.pdf
2026-08-31T17:49:51Z,20260831-194951-584,moved,refile,,Question Banks/Cambridge Curricula/Cambridge AS and A Level/Business Studies (9609)/AS Level/2020/Oct-Nov (Variant 1)/9609_w20_ms_11.pdf,223768,from Question Banks/Cambridge Curricula/Cambridge AS and A Level/Business Studies (9609)/2020/Oct-Nov (Variant 1)/9609_w20_ms_11.pdf
2026-08-31T17:49:51Z,20260831-194951-584,moved,refile,,Question Banks/Cambridge Curricula/Cambridge AS and A Level/Business Studies (9609)/AS Level/2020/Oct-Nov (Variant 1)/9609_w20_ms_21.pdf,234196,from Question Banks/Cambridge Curricula/Cambridge AS and A Level/Business Studies (9609)/2020/Oct-Nov (Variant 1)/9609_w20_ms_21.pdf
2026-08-31T17:49:51Z,20260831-194951-584,moved,refile,,Question Banks/Cambridge Curricula/Cambridge AS and A Level/Business Studies (9609)/AS Level/2020/Oct-Nov (Variant 1)/9609_w20_qp_11.pdf,892251,from Question Banks/Cambridge Curricula/Cambridge AS and A Level/Business Studies (9609)/2020/Oct-Nov (Variant 1)/9609_w20_qp_11.pdf
2026-08-31T17:49:51Z,20260831-194951-584,moved,refile,,Question Banks/Cambridge Curricula/Cambridge AS and A Level/Business Studies (9609)/AS Level/2020/Oct-Nov (Variant 1)/9609_w20_qp_21.pdf,906940,from Question Banks/Cambridge Curricula/Cambridge AS and A Level/Business Studies (9609)/2020/Oct-Nov (Variant 1)/9609_w20_qp_21.pdf
2026-08-31T17:49:51Z,20260831-194951-584,moved,refile,,Question Banks/Cambridge Curricula/Cambridge AS and A Level/Business Studies (9609)/AS Level/2020/Oct-Nov (Variant 2)/9609_w20_ms_12.pdf,207349,from Question Banks/Cambridge Curricula/Cambridge AS and A Level/Business Studies (9609)/2020/Oct-Nov (Variant 2)/9609_w20_ms_12.pdf
2026-08-31T17:49:51Z,20260831-194951-584,moved,refile,,Question Banks/Cambridge Curricula/Cambridge AS and A Level/Business Studies (9609)/AS Level/2020/Oct-Nov (Variant 2)/9609_w20_ms_22.pdf,235385,from Question Banks/Cambridge Curricula/Cambridge AS and A Level/Business Studies (9609)/2020/Oct-Nov (Variant 2)/9609_w20_ms_22.pdf
2026-08-31T17:49:51Z,20260831-194951-584,moved,refile,,Question Banks/Cambridge Curricula/Cambridge AS and A Level/Business Studies (9609)/AS Level/2020/Oct-Nov (Variant 2)/9609_w20_qp_12.pdf,890960,from Question Banks/Cambridge Curricula/Cambridge AS and A Level/Business Studies (9609)/2020/Oct-Nov (Variant 2)/9609_w20_qp_12.pdf
2026-08-31T17:49:51Z,20260831-194951-584,moved,refile,,Question Banks/Cambridge Curricula/Cambridge AS and A Level/Business Studies (9609)/AS Level/2020/Oct-Nov (Variant 2)/9609_w20_qp_22.pdf,920883,from Question Banks/Cambridge Curricula/Cambridge AS and A Level/Business Studies (9609)/2020/Oct-Nov (Variant 2)/9609_w20_qp_22.pdf
2026-08-31T17:49:51Z,20260831-194951-584,moved,refile,,Question Banks/Cambridge Curricula/Cambridge AS and A Level/Business Studies (9609)/AS Level/2020/Oct-Nov (Variant 3)/9609_w20_ms_13.pdf,222554,from Question Banks/Cambridge Curricula/Cambridge AS and A Level/Business Studies (9609)/2020/Oct-Nov (Variant 3)/9609_w20_ms_13.pdf
2026-08-31T17:49:51Z,20260831-194951-584,moved,refile,,Question Banks/Cambridge Curricula/Cambridge AS and A Level/Business Studies (9609)/AS Level/2020/Oct-Nov (Variant 3)/9609_w20_ms_23.pdf,224640,from Question Banks/Cambridge Curricula/Cambridge AS and A Level/Business Studies (9609)/2020/Oct-Nov (Variant 3)/9609_w20_ms_23.pdf
2026-08-31T17:49:51Z,20260831-194951-584,moved,refile,,Question Banks/Cambridge Curricula/Cambridge AS and A Level/Business Studies (9609)/AS Level/2020/Oct-Nov (Variant 3)/9609_w20_qp_13.pdf,892559,from Question Banks/Cambridge Curricula/Cambridge AS and A Level/Business Studies (9609)/2020/Oct-Nov (Variant 3)/9609_w20_qp_13.pdf
2026-08-31T17:49:51Z,20260831-194951-584,moved,refile,,Question Banks/Cambridge Curricula/Cambridge AS and A Level/Business Studies (9609)/AS Level/2020/Oct-Nov (Variant 3)/9609_w20_qp_23.pdf,921699,from Question Banks/Cambridge Curricula/Cambridge AS and A Level/Business Studies (9609)/2020/Oct-Nov (Variant 3)/9609_w20_qp_23.pdf
2026-08-31T17:49:51Z,20260831-194951-584,moved,refile,,Question Banks/Cambridge Curricula/Cambridge AS and A Level/Business Studies (9609)/AS Level/2021/March (Variant 2)/9609_m21_ms_12.pdf,243671,from Question Banks/Cambridge Curricula/Cambridge AS and A Level/Business Studies (9609)/2021/March (Variant 2)/9609_m21_ms_12.pdf
2026-08-31T17:49:51Z,20260831-194951-584,moved,refile,,Question Banks/Cambridge Curricula/Cambridge AS and A Level/Business Studies (9609)/AS Level/2021/March (Variant 2)/9609_m21_ms_22.pdf,236638,from Question Banks/Cambridge Curricula/Cambridge AS and A Level/Business Studies (9609)/2021/March (Variant 2)/9609_m21_ms_22.pdf
2026-08-31T17:49:51Z,20260831-194951-584,moved,refile,,Question Banks/Cambridge Curricula/Cambridge AS and A Level/Business Studies (9609)/AS Level/2021/March (Variant 2)/9609_m21_qp_12.pdf,879914,from Question Banks/Cambridge Curricula/Cambridge AS and A Level/Business Studies (9609)/2021/March (Variant 2)/9609_m21_qp_12.pdf
2026-08-31T17:49:51Z,20260831-194951-584,moved,refile,,Question Banks/Cambridge Curricula/Cambridge AS and A Level/Business Studies (9609)/AS Level/2021/March (Variant 2)/9609_m21_qp_22.pdf,896067,from Question Banks/Cambridge Curricula/Cambridge AS and A Level/Business Studies (9609)/2021/March (Variant 2)/9609_m21_qp_22.pdf
2026-08-31T17:49:51Z,20260831-194951-584,moved,refile,,Question Banks/Cambridge Curricula/Cambridge AS and A Level/Business Studies (9609)/AS Level/2021/May-June (Variant 1)/9609_s21_ms_11.pdf,248002,from Question Banks/Cambridge Curricula/Cambridge AS and A Level/Business Studies (9609)/2021/May-June (Variant 1)/9609_s21_ms_11.pdf
2026-08-31T17:49:51Z,20260831-194951-584,moved,refile,,Question Banks/Cambridge Curricula/Cambridge AS and A Level/Business Studies (9609)/AS Level/2021/May-June (Variant 1)/9609_s21_ms_21.pdf,235375,from Question Banks/Cambridge Curricula/Cambridge AS and A Level/Business Studies (9609)/2021/May-June (Variant 1)/9609_s21_ms_21.pdf
2026-08-31T17:49:51Z,20260831-194951-584,moved,refile,,Question Banks/Cambridge Curricula/Cambridge AS and A Level/Business Studies (9609)/AS Level/2021/May-June (Variant 1)/9609_s21_qp_11.pdf,892919,from Question Banks/Cambridge Curricula/Cambridge AS and A Level/Business Studies (9609)/2021/May-June (Variant 1)/9609_s21_qp_11.pdf
2026-08-31T17:49:51Z,20260831-194951-584,moved,refile,,Question Banks/Cambridge Curricula/Cambridge AS and A Level/Business Studies (9609)/AS Level/2021/May-June (Variant 1)/9609_s21_qp_21.pdf,1162770,from Question Banks/Cambridge Curricula/Cambridge AS and A Level/Business Studies (9609)/2021/May-June (Variant 1)/9609_s21_qp_21.pdf
2026-08-31T17:49:51Z,20260831-194951-584,moved,refile,,Question Banks/Cambridge Curricula/Cambridge AS and A Level/Business Studies (9609)/AS Level/2021/May-June (Variant 2)/9609_s21_ms_12.pdf,249806,from Question Banks/Cambridge Curricula/Cambridge AS and A Level/Business Studies (9609)/2021/May-June (Variant 2)/9609_s21_ms_12.pdf
2026-08-31T17:49:51Z,20260831-194951-584,moved,refile,,Question Banks/Cambridge Curricula/Cambridge AS and A Level/Business Studies (9609)/AS Level/2021/May-June (Variant 2)/9609_s21_ms_22.pdf,254409,from Question Banks/Cambridge Curricula/Cambridge AS and A Level/Business Studies (9609)/2021/May-June (Variant 2)/9609_s21_ms_22.pdf
2026-08-31T17:49:51Z,20260831-194951-584,moved,refile,,Question Banks/Cambridge Curricula/Cambridge AS and A Level/Business Studies (9609)/AS Level/2021/May-June (Variant 2)/9609_s21_qp_12.pdf,893070,from Question Banks/Cambridge Curricula/Cambridge AS and A Level/Business Studies (9609)/2021/May-June (Variant 2)/9609_s21_qp_12.pdf
2026-08-31T17:49:51Z,20260831-194951-584,moved,refile,,Question Banks/Cambridge Curricula/Cambridge AS and A Level/Business Studies (9609)/AS Level/2021/May-June (Variant 2)/9609_s21_qp_22.pdf,946570,from Question Banks/Cambridge Curricula/Cambridge AS and A Level/Business Studies (9609)/2021/May-June (Variant 2)/9609_s21_qp_22.pdf
2026-08-31T17:49:51Z,20260831-194951-584,moved,refile,,Question Banks/Cambridge Curricula/Cambridge AS and A Level/Business Studies (9609)/AS Level/2021/May-June (Variant 3)/9609_s21_ms_13.pdf,250032,from Question Banks/Cambridge Curricula/Cambridge AS and A Level/Business Studies (9609)/2021/May-June (Variant 3)/9609_s21_ms_13.pdf
2026-08-31T17:49:51Z,20260831-194951-584,moved,refile,,Question Banks/Cambridge Curricula/Cambridge AS and A Level/Business Studies (9609)/AS Level/2021/May-June (Variant 3)/9609_s21_ms_23.pdf,239593,from Question Banks/Cambridge Curricula/Cambridge AS and A Level/Business Studies (9609)/2021/May-June (Variant 3)/9609_s21_ms_23.pdf
2026-08-31T17:49:51Z,20260831-194951-584,moved,refile,,Question Banks/Cambridge Curricula/Cambridge AS and A Level/Business Studies (9609)/AS Level/2021/May-June (Variant 3)/9609_s21_qp_13.pdf,906749,from Question Banks/Cambridge Curricula/Cambridge AS and A Level/Business Studies (9609)/2021/May-June (Variant 3)/9609_s21_qp_13.pdf
2026-08-31T17:49:51Z,20260831-194951-584,moved,refile,,Question Banks/Cambridge Curricula/Cambridge AS and A Level/Business Studies (9609)/AS Level/2021/May-June (Variant 3)/9609_s21_qp_23.pdf,838510,from Question Banks/Cambridge Curricula/Cambridge AS and A Level/Business Studies (9609)/2021/May-June (Variant 3)/9609_s21_qp_23.pdf
2026-08-31T17:49:51Z,20260831-194951-584,moved,refile,,Question Banks/Cambridge Curricula/Cambridge AS and A Level/Business Studies (9609)/AS Level/2021/May-June (Variant 4)/9609_s21_ms_14.pdf,267261,from Question Banks/Cambridge Curricula/Cambridge AS and A Level/Business Studies (9609)/2021/May-June (Variant 4)/9609_s21_ms_14.pdf
2026-08-31T17:49:51Z,20260831-194951-584,moved,refile,,Question Banks/Cambridge Curricula/Cambridge AS and A Level/Business Studies (9609)/AS Level/2021/May-June (Variant 4)/9609_s21_ms_24.pdf,242059,from Question Banks/Cambridge Curricula/Cambridge AS and A Level/Business Studies (9609)/2021/May-June (Variant 4)/9609_s21_ms_24.pdf
2026-08-31T17:49:51Z,20260831-194951-584,moved,refile,,Question Banks/Cambridge Curricula/Cambridge AS and A Level/Business Studies (9609)/AS Level/2021/May-June (Variant 4)/9609_s21_qp_14.pdf,882305,from Question Banks/Cambridge Curricula/Cambridge AS and A Level/Business Studies (9609)/2021/May-June (Variant 4)/9609_s21_qp_14.pdf
2026-08-31T17:49:51Z,20260831-194951-584,moved,refile,,Question Banks/Cambridge Curricula/Cambridge AS and A Level/Business Studies (9609)/AS Level/2021/May-June (Variant 4)/9609_s21_qp_24.pdf,896092,from Question Banks/Cambridge Curricula/Cambridge AS and A Level/Business Studies (9609)/2021/May-June (Variant 4)/9609_s21_qp_24.pdf
2026-08-31T17:49:51Z,20260831-194951-584,moved,refile,,Question Banks/Cambridge Curricula/Cambridge AS and A Level/Business Studies (9609)/AS Level/2021/Oct-Nov (Variant 1)/9609_w21_ms_11.pdf,215569,from Question Banks/Cambridge Curricula/Cambridge AS and A Level/Business Studies (9609)/2021/Oct-Nov (Variant 1)/9609_w21_ms_11.pdf
2026-08-31T17:49:51Z,20260831-194951-584,moved,refile,,Question Banks/Cambridge Curricula/Cambridge AS and A Level/Business Studies (9609)/AS Level/2021/Oct-Nov (Variant 1)/9609_w21_ms_21.pdf,255028,from Question Banks/Cambridge Curricula/Cambridge AS and A Level/Business Studies (9609)/2021/Oct-Nov (Variant 1)/9609_w21_ms_21.pdf
2026-08-31T17:49:51Z,20260831-194951-584,moved,refile,,Question Banks/Cambridge Curricula/Cambridge AS and A Level/Business Studies (9609)/AS Level/2021/Oct-Nov (Variant 1)/9609_w21_qp_11.pdf,893835,from Question Banks/Cambridge Curricula/Cambridge AS and A Level/Business Studies (9609)/2021/Oct-Nov (Variant 1)/9609_w21_qp_11.pdf
2026-08-31T17:49:51Z,20260831-194951-584,moved,refile,,Question Banks/Cambridge Curricula/Cambridge AS and A Level/Business Studies (9609)/AS Level/2021/Oct-Nov (Variant 1)/9609_w21_qp_21.pdf,913245,from Question Banks/Cambridge Curricula/Cambridge AS and A Level/Business Studies (9609)/2021/Oct-Nov (Variant 1)/9609_w21_qp_21.pdf
2026-08-31T17:49:51Z,20260831-194951-584,moved,refile,,Question Banks/Cambridge Curricula/Cambridge AS and A Level/Business Studies (9609)/AS Level/2021/Oct-Nov (Variant 2)/9609_w21_ms_12.pdf,216344,from Question Banks/Cambridge Curricula/Cambridge AS and A Level/Business Studies (9609)/2021/Oct-Nov (Variant 2)/9609_w21_ms_12.pdf
2026-08-31T17:49:51Z,20260831-194951-584,moved,refile,,Question Banks/Cambridge Curricula/Cambridge AS and A Level/Business Studies (9609)/AS Level/2021/Oct-Nov (Variant 2)/9609_w21_ms_22.pdf,321481,from Question Banks/Cambridge Curricula/Cambridge AS and A Level/Business Studies (9609)/2021/Oct-Nov (Variant 2)/9609_w21_ms_22.pdf
2026-08-31T17:49:51Z,20260831-194951-584,moved,refile,,Question Banks/Cambridge Curricula/Cambridge AS and A Level/Business Studies (9609)/AS Level/2021/Oct-Nov (Variant 2)/9609_w21_qp_12.pdf,893832,from Question Banks/Cambridge Curricula/Cambridge AS and A Level/Business Studies (9609)/2021/Oct-Nov (Variant 2)/9609_w21_qp_12.pdf
2026-08-31T17:49:51Z,20260831-194951-584,moved,refile,,Question Banks/Cambridge Curricula/Cambridge AS and A Level/Business Studies (9609)/AS Level/2021/Oct-Nov (Variant 2)/9609_w21_qp_22.pdf,912350,from Question Banks/Cambridge Curricula/Cambridge AS and A Level/Business Studies (9609)/2021/Oct-Nov (Variant 2)/9609_w21_qp_22.pdf
2026-08-31T17:49:51Z,20260831-194951-584,moved,refile,,Question Banks/Cambridge Curricula/Cambridge AS and A Level/Business Studies (9609)/AS Level/2021/Oct-Nov (Variant 3)/9609_w21_ms_13.pdf,233569,from Question Banks/Cambridge Curricula/Cambridge AS and A Level/Business Studies (9609)/2021/Oct-Nov (Variant 3)/9609_w21_ms_13.pdf
2026-08-31T17:49:51Z,20260831-194951-584,moved,refile,,Question Banks/Cambridge Curricula/Cambridge AS and A Level/Business Studies (9609)/AS Level/2021/Oct-Nov (Variant 3)/9609_w21_ms_23.pdf,255151,from Question Banks/Cambridge Curricula/Cambridge AS and A Level/Business Studies (9609)/2021/Oct-Nov (Variant 3)/9609_w21_ms_23.pdf
2026-08-31T17:49:51Z,20260831-194951-584,moved,refile,,Question Banks/Cambridge Curricula/Cambridge AS and A Level/Business Studies (9609)/AS Level/2021/Oct-Nov (Variant 3)/9609_w21_qp_13.pdf,904615,from Question Banks/Cambridge Curricula/Cambridge AS and A Level/Business Studies (9609)/2021/Oct-Nov (Variant 3)/9609_w21_qp_13.pdf
2026-08-31T17:49:51Z,20260831-194951-584,moved,refile,,Question Banks/Cambridge Curricula/Cambridge AS and A Level/Business Studies (9609)/AS Level/2021/Oct-Nov (Variant 3)/9609_w21_qp_23.pdf,913208,from Question Banks/Cambridge Curricula/Cambridge AS and A Level/Business Studies (9609)/2021/Oct-Nov (Variant 3)/9609_w21_qp_23.pdf
2026-08-31T17:49:51Z,20260831-194951-584,moved,refile,,Question Banks/Cambridge Curricula/Cambridge AS and A Level/Business Studies (9609)/AS Level/2022/March (Variant 2)/9609_m22_ms_12.pdf,255493,from Question Banks/Cambridge Curricula/Cambridge AS and A Level/Business Studies (9609)/2022/March (Variant 2)/9609_m22_ms_12.pdf
2026-08-31T17:49:51Z,20260831-194951-584,moved,refile,,Question Banks/Cambridge Curricula/Cambridge AS and A Level/Business Studies (9609)/AS Level/2022/March (Variant 2)/9609_m22_ms_22.pdf,273043,from Question Banks/Cambridge Curricula/Cambridge AS and A Level/Business Studies (9609)/2022/March (Variant 2)/9609_m22_ms_22.pdf
2026-08-31T17:49:51Z,20260831-194951-584,moved,refile,,Question Banks/Cambridge Curricula/Cambridge AS and A Level/Business Studies (9609)/AS Level/2022/March (Variant 2)/9609_m22_qp_12.pdf,908071,from Question Banks/Cambridge Curricula/Cambridge AS and A Level/Business Studies (9609)/2022/March (Variant 2)/9609_m22_qp_12.pdf
2026-08-31T17:49:51Z,20260831-194951-584,moved,refile,,Question Banks/Cambridge Curricula/Cambridge AS and A Level/Business Studies (9609)/AS Level/2022/March (Variant 2)/9609_m22_qp_22.pdf,924237,from Question Banks/Cambridge Curricula/Cambridge AS and A Level/Business Studies (9609)/2022/March (Variant 2)/9609_m22_qp_22.pdf
2026-08-31T17:49:51Z,20260831-194951-584,moved,refile,,Question Banks/Cambridge Curricula/Cambridge AS and A Level/Business Studies (9609)/AS Level/2022/May-June (Variant 1)/9609_s22_ms_11.pdf,281454,from Question Banks/Cambridge Curricula/Cambridge AS and A Level/Business Studies (9609)/2022/May-June (Variant 1)/9609_s22_ms_11.pdf
2026-08-31T17:49:51Z,20260831-194951-584,moved,refile,,Question Banks/Cambridge Curricula/Cambridge AS and A Level/Business Studies (9609)/AS Level/2022/May-June (Variant 1)/9609_s22_ms_21.pdf,307946,from Question Banks/Cambridge Curricula/Cambridge AS and A Level/Business Studies (9609)/2022/May-June (Variant 1)/9609_s22_ms_21.pdf
2026-08-31T17:49:51Z,20260831-194951-584,moved,refile,,Question Banks/Cambridge Curricula/Cambridge AS and A Level/Business Studies (9609)/AS Level/2022/May-June (Variant 1)/9609_s22_qp_11.pdf,883589,from Question Banks/Cambridge Curricula/Cambridge AS and A Level/Business Studies (9609)/2022/May-June (Variant 1)/9609_s22_qp_11.pdf
2026-08-31T17:49:51Z,20260831-194951-584,moved,refile,,Question Banks/Cambridge Curricula/Cambridge AS and A Level/Business Studies (9609)/AS Level/2022/May-June (Variant 1)/9609_s22_qp_21.pdf,938130,from Question Banks/Cambridge Curricula/Cambridge AS and A Level/Business Studies (9609)/2022/May-June (Variant 1)/9609_s22_qp_21.pdf
2026-08-31T17:49:51Z,20260831-194951-584,moved,refile,,Question Banks/Cambridge Curricula/Cambridge AS and A Level/Business Studies (9609)/AS Level/2022/May-June (Variant 2)/9609_s22_ms_12.pdf,284390,from Question Banks/Cambridge Curricula/Cambridge AS and A Level/Business Studies (9609)/2022/May-June (Variant 2)/9609_s22_ms_12.pdf
2026-08-31T17:49:51Z,20260831-194951-584,moved,refile,,Question Banks/Cambridge Curricula/Cambridge AS and A Level/Business Studies (9609)/AS Level/2022/May-June (Variant 2)/9609_s22_ms_22.pdf,311107,from Question Banks/Cambridge Curricula/Cambridge AS and A Level/Business Studies (9609)/2022/May-June (Variant 2)/9609_s22_ms_22.pdf
2026-08-31T17:49:51Z,20260831-194951-584,moved,refile,,Question Banks/Cambridge Curricula/Cambridge AS and A Level/Business Studies (9609)/AS Level/2022/May-June (Variant 2)/9609_s22_qp_12.pdf,909354,from Question Banks/Cambridge Curricula/Cambridge AS and A Level/Business Studies (9609)/2022/May-June (Variant 2)/9609_s22_qp_12.pdf
2026-08-31T17:49:51Z,20260831-194951-584,moved,refile,,Question Banks/Cambridge Curricula/Cambridge AS and A Level/Business Studies (9609)/AS Level/2022/May-June (Variant 2)/9609_s22_qp_22.pdf,1811195,from Question Banks/Cambridge Curricula/Cambridge AS and A Level/Business Studies (9609)/2022/May-June (Variant 2)/9609_s22_qp_22.pdf
2026-08-31T17:49:51Z,20260831-194951-584,moved,refile,,Question Banks/Cambridge Curricula/Cambridge AS and A Level/Business Studies (9609)/AS Level/2022/May-June (Variant 3)/9609_s22_ms_13.pdf,263065,from Question Banks/Cambridge Curricula/Cambridge AS and A Level/Business Studies (9609)/2022/May-June (Variant 3)/9609_s22_ms_13.pdf
2026-08-31T17:49:51Z,20260831-194951-584,moved,refile,,Question Banks/Cambridge Curricula/Cambridge AS and A Level/Business Studies (9609)/AS Level/2022/May-June (Variant 3)/9609_s22_ms_23.pdf,257159,from Question Banks/Cambridge Curricula/Cambridge AS and A Level/Business Studies (9609)/2022/May-June (Variant 3)/9609_s22_ms_23.pdf
2026-08-31T17:49:51Z,20260831-194951-584,moved,refile,,Question Banks/Cambridge Curricula/Cambridge AS and A Level/Business Studies (9609)/AS Level/2022/May-June (Variant 3)/9609_s22_qp_13.pdf,909315,from Question Banks/Cambridge Curricula/Cambridge AS and A Level/Business Studies (9609)/2022/May-June (Variant 3)/9609_s22_qp_13.pdf
2026-08-31T17:49:51Z,20260831-194951-584,moved,refile,,Question Banks/Cambridge Curricula/Cambridge AS and A Level/Business Studies (9609)/AS Level/2022/May-June (Variant 3)/9609_s22_qp_23.pdf,898536,from Question Banks/Cambridge Curricula/Cambridge AS and A Level/Business Studies (9609)/2022/May-June (Variant 3)/9609_s22_qp_23.pdf
2026-08-31T17:49:51Z,20260831-194951-584,moved,refile,,Question Banks/Cambridge Curricula/Cambridge AS and A Level/Business Studies (9609)/AS Level/2022/Oct-Nov (Variant 1)/9609_w22_ms_11.pdf,338577,from Question Banks/Cambridge Curricula/Cambridge AS and A Level/Business Studies (9609)/2022/Oct-Nov (Variant 1)/9609_w22_ms_11.pdf
2026-08-31T17:49:51Z,20260831-194951-584,moved,refile,,Question Banks/Cambridge Curricula/Cambridge AS and A Level/Business Studies (9609)/AS Level/2022/Oct-Nov (Variant 1)/9609_w22_ms_21.pdf,326240,from Question Banks/Cambridge Curricula/Cambridge AS and A Level/Business Studies (9609)/2022/Oct-Nov (Variant 1)/9609_w22_ms_21.pdf
2026-08-31T17:49:51Z,20260831-194951-584,moved,refile,,Question Banks/Cambridge Curricula/Cambridge AS and A Level/Business Studies (9609)/AS Level/2022/Oct-Nov (Variant 1)/9609_w22_qp_11.pdf,909854,from Question Banks/Cambridge Curricula/Cambridge AS and A Level/Business Studies (9609)/2022/Oct-Nov (Variant 1)/9609_w22_qp_11.pdf
2026-08-31T17:49:51Z,20260831-194951-584,moved,refile,,Question Banks/Cambridge Curricula/Cambridge AS and A Level/Business Studies (9609)/AS Level/2022/Oct-Nov (Variant 1)/9609_w22_qp_21.pdf,927896,from Question Banks/Cambridge Curricula/Cambridge AS and A Level/Business Studies (9609)/2022/Oct-Nov (Variant 1)/9609_w22_qp_21.pdf
2026-08-31T17:49:51Z,20260831-194951-584,moved,refile,,Question Banks/Cambridge Curricula/Cambridge AS and A Level/Business Studies (9609)/AS Level/2022/Oct-Nov (Variant 2)/9609_w22_ms_12.pdf,332773,from Question Banks/Cambridge Curricula/Cambridge AS and A Level/Business Studies (9609)/2022/Oct-Nov (Variant 2)/9609_w22_ms_12.pdf
2026-08-31T17:49:51Z,20260831-194951-584,moved,refile,,Question Banks/Cambridge Curricula/Cambridge AS and A Level/Business Studies (9609)/AS Level/2022/Oct-Nov (Variant 2)/9609_w22_ms_22.pdf,345713,from Question Banks/Cambridge Curricula/Cambridge AS and A Level/Business Studies (9609)/2022/Oct-Nov (Variant 2)/9609_w22_ms_22.pdf
2026-08-31T17:49:51Z,20260831-194951-584,moved,refile,,Question Banks/Cambridge Curricula/Cambridge AS and A Level/Business Studies (9609)/AS Level/2022/Oct-Nov (Variant 2)/9609_w22_qp_12.pdf,922765,from Question Banks/Cambridge Curricula/Cambridge AS and A Level/Business Studies (9609)/2022/Oct-Nov (Variant 2)/9609_w22_qp_12.pdf
2026-08-31T17:49:51Z,20260831-194951-584,moved,refile,,Question Banks/Cambridge Curricula/Cambridge AS and A Level/Business Studies (9609)/AS Level/2022/Oct-Nov (Variant 2)/9609_w22_qp_22.pdf,940025,from Question Banks/Cambridge Curricula/Cambridge AS and A Level/Business Studies (9609)/2022/Oct-Nov (Variant 2)/9609_w22_qp_22.pdf
2026-08-31T17:49:51Z,20260831-194951-584,moved,refile,,Question Banks/Cambridge Curricula/Cambridge AS and A Level/Business Studies (9609)/AS Level/2022/Oct-Nov (Variant 3)/9609_w22_ms_13.pdf,335364,from Question Banks/Cambridge Curricula/Cambridge AS and A Level/Business Studies (9609)/2022/Oct-Nov (Variant 3)/9609_w22_ms_13.pdf
2026-08-31T17:49:51Z,20260831-194951-584,moved,refile,,Question Banks/Cambridge Curricula/Cambridge AS and A Level/Business Studies (9609)/AS Level/2022/Oct-Nov (Variant 3)/9609_w22_ms_23.pdf,356115,from Question Banks/Cambridge Curricula/Cambridge AS and A Level/Business Studies (9609)/2022/Oct-Nov (Variant 3)/9609_w22_ms_23.pdf
2026-08-31T17:49:51Z,20260831-194951-584,moved,refile,,Question Banks/Cambridge Curricula/Cambridge AS and A Level/Business Studies (9609)/AS Level/2022/Oct-Nov (Variant 3)/9609_w22_qp_13.pdf,910017,from Question Banks/Cambridge Curricula/Cambridge AS and A Level/Business Studies (9609)/2022/Oct-Nov (Variant 3)/9609_w22_qp_13.pdf
2026-08-31T17:49:51Z,20260831-194951-584,moved,refile,,Question Banks/Cambridge Curricula/Cambridge AS and A Level/Business Studies (9609)/AS Level/2022/Oct-Nov (Variant 3)/9609_w22_qp_23.pdf,642862,from Question Banks/Cambridge Curricula/Cambridge AS and A Level/Business Studies (9609)/2022/Oct-Nov (Variant 3)/9609_w22_qp_23.pdf
2026-08-31T17:49:51Z,20260831-194951-584,moved,refile,,Question Banks/Cambridge Curricula/Cambridge AS and A Level/Business Studies (9609)/AS Level/2023/March (Variant 2)/9609_m23_ms_12.pdf,363830,from Question Banks/Cambridge Curricula/Cambridge AS and A Level/Business Studies (9609)/2023/March (Variant 2)/9609_m23_ms_12.pdf
2026-08-31T17:49:51Z,20260831-194951-584,moved,refile,,Question Banks/Cambridge Curricula/Cambridge AS and A Level/Business Studies (9609)/AS Level/2023/March (Variant 2)/9609_m23_ms_22.pdf,393808,from Question Banks/Cambridge Curricula/Cambridge AS and A Level/Business Studies (9609)/2023/March (Variant 2)/9609_m23_ms_22.pdf
2026-08-31T17:49:51Z,20260831-194951-584,moved,refile,,Question Banks/Cambridge Curricula/Cambridge AS and A Level/Business Studies (9609)/AS Level/2023/March (Variant 2)/9609_m23_qp_12.pdf,919590,from Question Banks/Cambridge Curricula/Cambridge AS and A Level/Business Studies (9609)/2023/March (Variant 2)/9609_m23_qp_12.pdf
2026-08-31T17:49:51Z,20260831-194951-584,moved,refile,,Question Banks/Cambridge Curricula/Cambridge AS and A Level/Business Studies (9609)/AS Level/2023/March (Variant 2)/9609_m23_qp_22.pdf,924812,from Question Banks/Cambridge Curricula/Cambridge AS and A Level/Business Studies (9609)/2023/March (Variant 2)/9609_m23_qp_22.pdf
2026-08-31T17:49:51Z,20260831-194951-584,moved,refile,,Question Banks/Cambridge Curricula/Cambridge AS and A Level/Business Studies (9609)/AS Level/2023/May-June (Variant 1)/9609_s23_ms_11.pdf,344949,from Question Banks/Cambridge Curricula/Cambridge AS and A Level/Business Studies (9609)/2023/May-June (Variant 1)/9609_s23_ms_11.pdf
2026-08-31T17:49:51Z,20260831-194951-584,moved,refile,,Question Banks/Cambridge Curricula/Cambridge AS and A Level/Business Studies (9609)/AS Level/2023/May-June (Variant 1)/9609_s23_ms_21.pdf,397581,from Question Banks/Cambridge Curricula/Cambridge AS and A Level/Business Studies (9609)/2023/May-June (Variant 1)/9609_s23_ms_21.pdf
2026-08-31T17:49:51Z,20260831-194951-584,moved,refile,,Question Banks/Cambridge Curricula/Cambridge AS and A Level/Business Studies (9609)/AS Level/2023/May-June (Variant 1)/9609_s23_qp_11.pdf,919267,from Question Banks/Cambridge Curricula/Cambridge AS and A Level/Business Studies (9609)/2023/May-June (Variant 1)/9609_s23_qp_11.pdf
2026-08-31T17:49:51Z,20260831-194951-584,moved,refile,,Question Banks/Cambridge Curricula/Cambridge AS and A Level/Business Studies (9609)/AS Level/2023/May-June (Variant 1)/9609_s23_qp_21.pdf,644687,from Question Banks/Cambridge Curricula/Cambridge AS and A Level/Business Studies (9609)/2023/May-June (Variant 1)/9609_s23_qp_21.pdf
2026-08-31T17:49:51Z,20260831-194951-584,moved,refile,,Question Banks/Cambridge Curricula/Cambridge AS and A Level/Business Studies (9609)/AS Level/2023/May-June (Variant 2)/9609_s23_ms_12.pdf,355684,from Question Banks/Cambridge Curricula/Cambridge AS and A Level/Business Studies (9609)/2023/May-June (Variant 2)/9609_s23_ms_12.pdf
2026-08-31T17:49:51Z,20260831-194951-584,moved,refile,,Question Banks/Cambridge Curricula/Cambridge AS and A Level/Business Studies (9609)/AS Level/2023/May-June (Variant 2)/9609_s23_ms_22.pdf,430971,from Question Banks/Cambridge Curricula/Cambridge AS and A Level/Business Studies (9609)/2023/May-June (Variant 2)/9609_s23_ms_22.pdf
2026-08-31T17:49:51Z,20260831-194951-584,moved,refile,,Question Banks/Cambridge Curricula/Cambridge AS and A Level/Business Studies (9609)/AS Level/2023/May-June (Variant 2)/9609_s23_qp_12.pdf,640079,from Question Banks/Cambridge Curricula/Cambridge AS and A Level/Business Studies (9609)/2023/May-June (Variant 2)/9609_s23_qp_12.pdf
2026-08-31T17:49:51Z,20260831-194951-584,moved,refile,,Question Banks/Cambridge Curricula/Cambridge AS and A Level/Business Studies (9609)/AS Level/2023/May-June (Variant 2)/9609_s23_qp_22.pdf,689068,from Question Banks/Cambridge Curricula/Cambridge AS and A Level/Business Studies (9609)/2023/May-June (Variant 2)/9609_s23_qp_22.pdf
2026-08-31T17:49:51Z,20260831-194951-584,moved,refile,,Question Banks/Cambridge Curricula/Cambridge AS and A Level/Business Studies (9609)/AS Level/2023/May-June (Variant 3)/9609_s23_ms_13.pdf,315299,from Question Banks/Cambridge Curricula/Cambridge AS and A Level/Business Studies (9609)/2023/May-June (Variant 3)/9609_s23_ms_13.pdf
2026-08-31T17:49:51Z,20260831-194951-584,moved,refile,,Question Banks/Cambridge Curricula/Cambridge AS and A Level/Business Studies (9609)/AS Level/2023/May-June (Variant 3)/9609_s23_ms_23.pdf,414511,from Question Banks/Cambridge Curricula/Cambridge AS and A Level/Business Studies (9609)/2023/May-June (Variant 3)/9609_s23_ms_23.pdf
2026-08-31T17:49:51Z,20260831-194951-584,moved,refile,,Question Banks/Cambridge Curricula/Cambridge AS and A Level/Business Studies (9609)/A Level/2023/May-June (Variant 3)/9609_s23_ms_43.pdf,224527,from Question Banks/Cambridge Curricula/Cambridge AS and A Level/Business Studies (9609)/2023/May-June (Variant 3)/9609_s23_ms_43.pdf
2026-08-31T17:49:51Z,20260831-194951-584,moved,refile,,Question Banks/Cambridge Curricula/Cambridge AS and A Level/Business Studies (9609)/AS Level/2023/May-June (Variant 3)/9609_s23_qp_13.pdf,919634,from Question Banks/Cambridge Curricula/Cambridge AS and A Level/Business Studies (9609)/2023/May-June (Variant 3)/9609_s23_qp_13.pdf
2026-08-31T17:49:51Z,20260831-194951-584,moved,refile,,Question Banks/Cambridge Curricula/Cambridge AS and A Level/Business Studies (9609)/AS Level/2023/May-June (Variant 3)/9609_s23_qp_23.pdf,657752,from Question Banks/Cambridge Curricula/Cambridge AS and A Level/Business Studies (9609)/2023/May-June (Variant 3)/9609_s23_qp_23.pdf
2026-08-31T17:49:51Z,20260831-194951-584,moved,refile,,Question Banks/Cambridge Curricula/Cambridge AS and A Level/Business Studies (9609)/AS Level/2023/Oct-Nov (Variant 1)/9609_w23_ms_11.pdf,382367,from Question Banks/Cambridge Curricula/Cambridge AS and A Level/Business Studies (9609)/2023/Oct-Nov (Variant 1)/9609_w23_ms_11.pdf
2026-08-31T17:49:51Z,20260831-194951-584,moved,refile,,Question Banks/Cambridge Curricula/Cambridge AS and A Level/Business Studies (9609)/AS Level/2023/Oct-Nov (Variant 1)/9609_w23_ms_21.pdf,492276,from Question Banks/Cambridge Curricula/Cambridge AS and A Level/Business Studies (9609)/2023/Oct-Nov (Variant 1)/9609_w23_ms_21.pdf
2026-08-31T17:49:51Z,20260831-194951-584,moved,refile,,Question Banks/Cambridge Curricula/Cambridge AS and A Level/Business Studies (9609)/AS Level/2023/Oct-Nov (Variant 1)/9609_w23_qp_11.pdf,639934,from Question Banks/Cambridge Curricula/Cambridge AS and A Level/Business Studies (9609)/2023/Oct-Nov (Variant 1)/9609_w23_qp_11.pdf
2026-08-31T17:49:51Z,20260831-194951-584,moved,refile,,Question Banks/Cambridge Curricula/Cambridge AS and A Level/Business Studies (9609)/AS Level/2023/Oct-Nov (Variant 1)/9609_w23_qp_21.pdf,659419,from Question Banks/Cambridge Curricula/Cambridge AS and A Level/Business Studies (9609)/2023/Oct-Nov (Variant 1)/9609_w23_qp_21.pdf
2026-08-31T17:49:51Z,20260831-194951-584,moved,refile,,Question Banks/Cambridge Curricula/Cambridge AS and A Level/Business Studies (9609)/AS Level/2023/Oct-Nov (Variant 2)/9609_w23_ms_12.pdf,334433,from Question Banks/Cambridge Curricula/Cambridge AS and A Level/Business Studies (9609)/2023/Oct-Nov (Variant 2)/9609_w23_ms_12.pdf
2026-08-31T17:49:51Z,20260831-194951-584,moved,refile,,Question Banks/Cambridge Curricula/Cambridge AS and A Level/Business Studies (9609)/AS Level/2023/Oct-Nov (Variant 2)/9609_w23_ms_22.pdf,532202,from Question Banks/Cambridge Curricula/Cambridge AS and A Level/Business Studies (9609)/2023/Oct-Nov (Variant 2)/9609_w23_ms_22.pdf
2026-08-31T17:49:51Z,20260831-194951-584,moved,refile,,Question Banks/Cambridge Curricula/Cambridge AS and A Level/Business Studies (9609)/AS Level/2023/Oct-Nov (Variant 2)/9609_w23_qp_12.pdf,639589,from Question Banks/Cambridge Curricula/Cambridge AS and A Level/Business Studies (9609)/2023/Oct-Nov (Variant 2)/9609_w23_qp_12.pdf
2026-08-31T17:49:51Z,20260831-194951-584,moved,refile,,Question Banks/Cambridge Curricula/Cambridge AS and A Level/Business Studies (9609)/AS Level/2023/Oct-Nov (Variant 2)/9609_w23_qp_22.pdf,924446,from Question Banks/Cambridge Curricula/Cambridge AS and A Level/Business Studies (9609)/2023/Oct-Nov (Variant 2)/9609_w23_qp_22.pdf
2026-08-31T17:49:51Z,20260831-194951-584,moved,refile,,Question Banks/Cambridge Curricula/Cambridge AS and A Level/Business Studies (9609)/AS Level/2023/Oct-Nov (Variant 3)/9609_w23_ms_13.pdf,334868,from Question Banks/Cambridge Curricula/Cambridge AS and A Level/Business Studies (9609)/2023/Oct-Nov (Variant 3)/9609_w23_ms_13.pdf
2026-08-31T17:49:51Z,20260831-194951-584,moved,refile,,Question Banks/Cambridge Curricula/Cambridge AS and A Level/Business Studies (9609)/AS Level/2023/Oct-Nov (Variant 3)/9609_w23_ms_23.pdf,456452,from Question Banks/Cambridge Curricula/Cambridge AS and A Level/Business Studies (9609)/2023/Oct-Nov (Variant 3)/9609_w23_ms_23.pdf
2026-08-31T17:49:51Z,20260831-194951-584,moved,refile,,Question Banks/Cambridge Curricula/Cambridge AS and A Level/Business Studies (9609)/AS Level/2023/Oct-Nov (Variant 3)/9609_w23_qp_13.pdf,919116,from Question Banks/Cambridge Curricula/Cambridge AS and A Level/Business Studies (9609)/2023/Oct-Nov (Variant 3)/9609_w23_qp_13.pdf
2026-08-31T17:49:51Z,20260831-194951-584,moved,refile,,Question Banks/Cambridge Curricula/Cambridge AS and A Level/Business Studies (9609)/AS Level/2023/Oct-Nov (Variant 3)/9609_w23_qp_23.pdf,670051,from Question Banks/Cambridge Curricula/Cambridge AS and A Level/Business Studies (9609)/2023/Oct-Nov (Variant 3)/9609_w23_qp_23.pdf
2026-08-31T17:49:51Z,20260831-194951-584,moved,refile,,Question Banks/Cambridge Curricula/Cambridge AS and A Level/Business Studies (9609)/AS Level/2024/March (Variant 2)/9609_m24_ms_12.pdf,345320,from Question Banks/Cambridge Curricula/Cambridge AS and A Level/Business Studies (9609)/2024/March (Variant 2)/9609_m24_ms_12.pdf
2026-08-31T17:49:51Z,20260831-194951-584,moved,refile,,Question Banks/Cambridge Curricula/Cambridge AS and A Level/Business Studies (9609)/AS Level/2024/March (Variant 2)/9609_m24_ms_22.pdf,442547,from Question Banks/Cambridge Curricula/Cambridge AS and A Level/Business Studies (9609)/2024/March (Variant 2)/9609_m24_ms_22.pdf
2026-08-31T17:49:51Z,20260831-194951-584,moved,refile,,Question Banks/Cambridge Curricula/Cambridge AS and A Level/Business Studies (9609)/AS Level/2024/March (Variant 2)/9609_m24_qp_12.pdf,1028533,from Question Banks/Cambridge Curricula/Cambridge AS and A Level/Business Studies (9609)/2024/March (Variant 2)/9609_m24_qp_12.pdf
2026-08-31T17:49:51Z,20260831-194951-584,moved,refile,,Question Banks/Cambridge Curricula/Cambridge AS and A Level/Business Studies (9609)/AS Level/2024/March (Variant 2)/9609_m24_qp_22.pdf,683939,from Question Banks/Cambridge Curricula/Cambridge AS and A Level/Business Studies (9609)/2024/March (Variant 2)/9609_m24_qp_22.pdf
2026-08-31T17:49:51Z,20260831-194951-584,moved,refile,,Question Banks/Cambridge Curricula/Cambridge AS and A Level/Business Studies (9609)/AS Level/2024/May-June (Variant 1)/9609_s24_ms_11.pdf,246714,from Question Banks/Cambridge Curricula/Cambridge AS and A Level/Business Studies (9609)/2024/May-June (Variant 1)/9609_s24_ms_11.pdf
2026-08-31T17:49:51Z,20260831-194951-584,moved,refile,,Question Banks/Cambridge Curricula/Cambridge AS and A Level/Business Studies (9609)/AS Level/2024/May-June (Variant 1)/9609_s24_ms_21.pdf,293363,from Question Banks/Cambridge Curricula/Cambridge AS and A Level/Business Studies (9609)/2024/May-June (Variant 1)/9609_s24_ms_21.pdf
2026-08-31T17:49:51Z,20260831-194951-584,moved,refile,,Question Banks/Cambridge Curricula/Cambridge AS and A Level/Business Studies (9609)/AS Level/2024/May-June (Variant 1)/9609_s24_qp_11.pdf,695928,from Question Banks/Cambridge Curricula/Cambridge AS and A Level/Business Studies (9609)/2024/May-June (Variant 1)/9609_s24_qp_11.pdf
2026-08-31T17:49:51Z,20260831-194951-584,moved,refile,,Question Banks/Cambridge Curricula/Cambridge AS and A Level/Business Studies (9609)/AS Level/2024/May-June (Variant 1)/9609_s24_qp_21.pdf,711311,from Question Banks/Cambridge Curricula/Cambridge AS and A Level/Business Studies (9609)/2024/May-June (Variant 1)/9609_s24_qp_21.pdf
2026-08-31T17:49:51Z,20260831-194951-584,moved,refile,,Question Banks/Cambridge Curricula/Cambridge AS and A Level/Business Studies (9609)/AS Level/2024/May-June (Variant 2)/9609_s24_ms_12.pdf,252705,from Question Banks/Cambridge Curricula/Cambridge AS and A Level/Business Studies (9609)/2024/May-June (Variant 2)/9609_s24_ms_12.pdf
2026-08-31T17:49:51Z,20260831-194951-584,moved,refile,,Question Banks/Cambridge Curricula/Cambridge AS and A Level/Business Studies (9609)/AS Level/2024/May-June (Variant 2)/9609_s24_ms_22.pdf,336990,from Question Banks/Cambridge Curricula/Cambridge AS and A Level/Business Studies (9609)/2024/May-June (Variant 2)/9609_s24_ms_22.pdf
2026-08-31T17:49:51Z,20260831-194951-584,moved,refile,,Question Banks/Cambridge Curricula/Cambridge AS and A Level/Business Studies (9609)/AS Level/2024/May-June (Variant 2)/9609_s24_qp_12.pdf,640334,from Question Banks/Cambridge Curricula/Cambridge AS and A Level/Business Studies (9609)/2024/May-June (Variant 2)/9609_s24_qp_12.pdf
2026-08-31T17:49:51Z,20260831-194951-584,moved,refile,,Question Banks/Cambridge Curricula/Cambridge AS and A Level/Business Studies (9609)/AS Level/2024/May-June (Variant 2)/9609_s24_qp_22.pdf,730657,from Question Banks/Cambridge Curricula/Cambridge AS and A Level/Business Studies (9609)/2024/May-June (Variant 2)/9609_s24_qp_22.pdf
2026-08-31T17:49:51Z,20260831-194951-584,moved,refile,,Question Banks/Cambridge Curricula/Cambridge AS and A Level/Business Studies (9609)/AS Level/2024/May-June (Variant 3)/9609_s24_ms_13.pdf,264323,from Question Banks/Cambridge Curricula/Cambridge AS and A Level/Business Studies (9609)/2024/May-June (Variant 3)/9609_s24_ms_13.pdf
2026-08-31T17:49:51Z,20260831-194951-584,moved,refile,,Question Banks/Cambridge Curricula/Cambridge AS and A Level/Business Studies (9609)/AS Level/2024/May-June (Variant 3)/9609_s24_ms_23.pdf,265634,from Question Banks/Cambridge Curricula/Cambridge AS and A Level/Business Studies (9609)/2024/May-June (Variant 3)/9609_s24_ms_23.pdf
2026-08-31T17:49:51Z,20260831-194951-584,moved,refile,,Question Banks/Cambridge Curricula/Cambridge AS and A Level/Business Studies (9609)/AS Level/2024/May-June (Variant 3)/9609_s24_qp_13.pdf,1013613,from Question Banks/Cambridge Curricula/Cambridge AS and A Level/Business Studies (9609)/2024/May-June (Variant 3)/9609_s24_qp_13.pdf
2026-08-31T17:49:51Z,20260831-194951-584,moved,refile,,Question Banks/Cambridge Curricula/Cambridge AS and A Level/Business Studies (9609)/AS Level/2024/May-June (Variant 3)/9609_s24_qp_23.pdf,684592,from Question Banks/Cambridge Curricula/Cambridge AS and A Level/Business Studies (9609)/2024/May-June (Variant 3)/9609_s24_qp_23.pdf
2026-08-31T17:49:51Z,20260831-194951-584,moved,refile,,Question Banks/Cambridge Curricula/Cambridge AS and A Level/Business Studies (9609)/A Level/2024/May-June (Variant 3)/9609_s24_qp_33.pdf,99916,from Question Banks/Cambridge Curricula/Cambridge AS and A Level/Business Studies (9609)/2024/May-June (Variant 3)/9609_s24_qp_33.pdf
2026-08-31T17:49:51Z,20260831-194951-584,moved,refile,,Question Banks/Cambridge Curricula/Cambridge AS and A Level/Business Studies (9609)/AS Level/2024/Oct-Nov (Variant 1)/9609_w24_ms_11.pdf,385181,from Question Banks/Cambridge Curricula/Cambridge AS and A Level/Business Studies (9609)/2024/Oct-Nov (Variant 1)/9609_w24_ms_11.pdf
2026-08-31T17:49:51Z,20260831-194951-584,moved,refile,,Question Banks/Cambridge Curricula/Cambridge AS and A Level/Business Studies (9609)/AS Level/2024/Oct-Nov (Variant 1)/9609_w24_ms_21.pdf,496810,from Question Banks/Cambridge Curricula/Cambridge AS and A Level/Business Studies (9609)/2024/Oct-Nov (Variant 1)/9609_w24_ms_21.pdf
2026-08-31T17:49:51Z,20260831-194951-584,moved,refile,,Question Banks/Cambridge Curricula/Cambridge AS and A Level/Business Studies (9609)/AS Level/2024/Oct-Nov (Variant 1)/9609_w24_qp_11.pdf,696941,from Question Banks/Cambridge Curricula/Cambridge AS and A Level/Business Studies (9609)/2024/Oct-Nov (Variant 1)/9609_w24_qp_11.pdf
2026-08-31T17:49:51Z,20260831-194951-584,moved,refile,,Question Banks/Cambridge Curricula/Cambridge AS and A Level/Business Studies (9609)/AS Level/2024/Oct-Nov (Variant 1)/9609_w24_qp_21.pdf,704052,from Question Banks/Cambridge Curricula/Cambridge AS and A Level/Business Studies (9609)/2024/Oct-Nov (Variant 1)/9609_w24_qp_21.pdf
2026-08-31T17:49:51Z,20260831-194951-584,moved,refile,,Question Banks/Cambridge Curricula/Cambridge AS and A Level/Business Studies (9609)/A Level/2024/Oct-Nov (Variant 1)/9609_w24_qp_31.pdf,86824,from Question Banks/Cambridge Curricula/Cambridge AS and A Level/Business Studies (9609)/2024/Oct-Nov (Variant 1)/9609_w24_qp_31.pdf
2026-08-31T17:49:51Z,20260831-194951-584,moved,refile,,Question Banks/Cambridge Curricula/Cambridge AS and A Level/Business Studies (9609)/AS Level/2024/Oct-Nov (Variant 2)/9609_w24_ms_12.pdf,435201,from Question Banks/Cambridge Curricula/Cambridge AS and A Level/Business Studies (9609)/2024/Oct-Nov (Variant 2)/9609_w24_ms_12.pdf
2026-08-31T17:49:51Z,20260831-194951-584,moved,refile,,Question Banks/Cambridge Curricula/Cambridge AS and A Level/Business Studies (9609)/AS Level/2024/Oct-Nov (Variant 2)/9609_w24_ms_22.pdf,511516,from Question Banks/Cambridge Curricula/Cambridge AS and A Level/Business Studies (9609)/2024/Oct-Nov (Variant 2)/9609_w24_ms_22.pdf
2026-08-31T17:49:51Z,20260831-194951-584,moved,refile,,Question Banks/Cambridge Curricula/Cambridge AS and A Level/Business Studies (9609)/AS Level/2024/Oct-Nov (Variant 2)/9609_w24_qp_12.pdf,1036328,from Question Banks/Cambridge Curricula/Cambridge AS and A Level/Business Studies (9609)/2024/Oct-Nov (Variant 2)/9609_w24_qp_12.pdf
2026-08-31T17:49:51Z,20260831-194951-584,moved,refile,,Question Banks/Cambridge Curricula/Cambridge AS and A Level/Business Studies (9609)/AS Level/2024/Oct-Nov (Variant 2)/9609_w24_qp_22.pdf,705124,from Question Banks/Cambridge Curricula/Cambridge AS and A Level/Business Studies (9609)/2024/Oct-Nov (Variant 2)/9609_w24_qp_22.pdf
2026-08-31T17:49:51Z,20260831-194951-584,moved,refile,,Question Banks/Cambridge Curricula/Cambridge AS and A Level/Business Studies (9609)/A Level/2024/Oct-Nov (Variant 2)/9609_w24_qp_32.pdf,86156,from Question Banks/Cambridge Curricula/Cambridge AS and A Level/Business Studies (9609)/2024/Oct-Nov (Variant 2)/9609_w24_qp_32.pdf
2026-08-31T17:49:51Z,20260831-194951-584,moved,refile,,Question Banks/Cambridge Curricula/Cambridge AS and A Level/Business Studies (9609)/AS Level/2024/Oct-Nov (Variant 3)/9609_w24_ms_13.pdf,363380,from Question Banks/Cambridge Curricula/Cambridge AS and A Level/Business Studies (9609)/2024/Oct-Nov (Variant 3)/9609_w24_ms_13.pdf
2026-08-31T17:49:51Z,20260831-194951-584,moved,refile,,Question Banks/Cambridge Curricula/Cambridge AS and A Level/Business Studies (9609)/AS Level/2024/Oct-Nov (Variant 3)/9609_w24_ms_23.pdf,480467,from Question Banks/Cambridge Curricula/Cambridge AS and A Level/Business Studies (9609)/2024/Oct-Nov (Variant 3)/9609_w24_ms_23.pdf
2026-08-31T17:49:51Z,20260831-194951-584,moved,refile,,Question Banks/Cambridge Curricula/Cambridge AS and A Level/Business Studies (9609)/AS Level/2024/Oct-Nov (Variant 3)/9609_w24_qp_13.pdf,1019478,from Question Banks/Cambridge Curricula/Cambridge AS and A Level/Business Studies (9609)/2024/Oct-Nov (Variant 3)/9609_w24_qp_13.pdf
2026-08-31T17:49:51Z,20260831-194951-584,moved,refile,,Question Banks/Cambridge Curricula/Cambridge AS and A Level/Business Studies (9609)/AS Level/2024/Oct-Nov (Variant 3)/9609_w24_qp_23.pdf,1288383,from Question Banks/Cambridge Curricula/Cambridge AS and A Level/Business Studies (9609)/2024/Oct-Nov (Variant 3)/9609_w24_qp_23.pdf
2026-08-31T17:49:51Z,20260831-194951-584,moved,refile,,Question Banks/Cambridge Curricula/Cambridge AS and A Level/Business Studies (9609)/AS Level/2025/March (Variant 2)/9609_m25_ms_12.pdf,429150,from Question Banks/Cambridge Curricula/Cambridge AS and A Level/Business Studies (9609)/2025/March (Variant 2)/9609_m25_ms_12.pdf
2026-08-31T17:49:51Z,20260831-194951-584,moved,refile,,Question Banks/Cambridge Curricula/Cambridge AS and A Level/Business Studies (9609)/AS Level/2025/March (Variant 2)/9609_m25_ms_22.pdf,548128,from Question Banks/Cambridge Curricula/Cambridge AS and A Level/Business Studies (9609)/2025/March (Variant 2)/9609_m25_ms_22.pdf
2026-08-31T17:49:51Z,20260831-194951-584,moved,refile,,Question Banks/Cambridge Curricula/Cambridge AS and A Level/Business Studies (9609)/AS Level/2025/March (Variant 2)/9609_m25_qp_12.pdf,960455,from Question Banks/Cambridge Curricula/Cambridge AS and A Level/Business Studies (9609)/2025/March (Variant 2)/9609_m25_qp_12.pdf
2026-08-31T17:49:51Z,20260831-194951-584,moved,refile,,Question Banks/Cambridge Curricula/Cambridge AS and A Level/Business Studies (9609)/AS Level/2025/March (Variant 2)/9609_m25_qp_22.pdf,966164,from Question Banks/Cambridge Curricula/Cambridge AS and A Level/Business Studies (9609)/2025/March (Variant 2)/9609_m25_qp_22.pdf
2026-08-31T17:49:51Z,20260831-194951-584,moved,refile,,Question Banks/Cambridge Curricula/Cambridge AS and A Level/Business Studies (9609)/AS Level/2025/May-June (Variant 1)/9609_s25_ms_11.pdf,439773,from Question Banks/Cambridge Curricula/Cambridge AS and A Level/Business Studies (9609)/2025/May-June (Variant 1)/9609_s25_ms_11.pdf
2026-08-31T17:49:51Z,20260831-194951-584,moved,refile,,Question Banks/Cambridge Curricula/Cambridge AS and A Level/Business Studies (9609)/AS Level/2025/May-June (Variant 1)/9609_s25_ms_21.pdf,540015,from Question Banks/Cambridge Curricula/Cambridge AS and A Level/Business Studies (9609)/2025/May-June (Variant 1)/9609_s25_ms_21.pdf
2026-08-31T17:49:51Z,20260831-194951-584,moved,refile,,Question Banks/Cambridge Curricula/Cambridge AS and A Level/Business Studies (9609)/AS Level/2025/May-June (Variant 1)/9609_s25_qp_11.pdf,1021237,from Question Banks/Cambridge Curricula/Cambridge AS and A Level/Business Studies (9609)/2025/May-June (Variant 1)/9609_s25_qp_11.pdf
2026-08-31T17:49:51Z,20260831-194951-584,moved,refile,,Question Banks/Cambridge Curricula/Cambridge AS and A Level/Business Studies (9609)/AS Level/2025/May-June (Variant 1)/9609_s25_qp_21.pdf,991962,from Question Banks/Cambridge Curricula/Cambridge AS and A Level/Business Studies (9609)/2025/May-June (Variant 1)/9609_s25_qp_21.pdf
2026-08-31T17:49:51Z,20260831-194951-584,moved,refile,,Question Banks/Cambridge Curricula/Cambridge AS and A Level/Business Studies (9609)/AS Level/2025/May-June (Variant 2)/9609_s25_ms_12.pdf,417659,from Question Banks/Cambridge Curricula/Cambridge AS and A Level/Business Studies (9609)/2025/May-June (Variant 2)/9609_s25_ms_12.pdf
2026-08-31T17:49:51Z,20260831-194951-584,moved,refile,,Question Banks/Cambridge Curricula/Cambridge AS and A Level/Business Studies (9609)/AS Level/2025/May-June (Variant 2)/9609_s25_ms_22.pdf,517087,from Question Banks/Cambridge Curricula/Cambridge AS and A Level/Business Studies (9609)/2025/May-June (Variant 2)/9609_s25_ms_22.pdf
2026-08-31T17:49:51Z,20260831-194951-584,moved,refile,,Question Banks/Cambridge Curricula/Cambridge AS and A Level/Business Studies (9609)/AS Level/2025/May-June (Variant 2)/9609_s25_qp_12.pdf,676866,from Question Banks/Cambridge Curricula/Cambridge AS and A Level/Business Studies (9609)/2025/May-June (Variant 2)/9609_s25_qp_12.pdf
2026-08-31T17:49:51Z,20260831-194951-584,moved,refile,,Question Banks/Cambridge Curricula/Cambridge AS and A Level/Business Studies (9609)/AS Level/2025/May-June (Variant 2)/9609_s25_qp_22.pdf,1250937,from Question Banks/Cambridge Curricula/Cambridge AS and A Level/Business Studies (9609)/2025/May-June (Variant 2)/9609_s25_qp_22.pdf
2026-08-31T17:49:51Z,20260831-194951-584,moved,refile,,Question Banks/Cambridge Curricula/Cambridge AS and A Level/Business Studies (9609)/AS Level/2025/May-June (Variant 3)/9609_s25_ms_13.pdf,440106,from Question Banks/Cambridge Curricula/Cambridge AS and A Level/Business Studies (9609)/2025/May-June (Variant 3)/9609_s25_ms_13.pdf
2026-08-31T17:49:51Z,20260831-194951-584,moved,refile,,Question Banks/Cambridge Curricula/Cambridge AS and A Level/Business Studies (9609)/AS Level/2025/May-June (Variant 3)/9609_s25_ms_23.pdf,467041,from Question Banks/Cambridge Curricula/Cambridge AS and A Level/Business Studies (9609)/2025/May-June (Variant 3)/9609_s25_ms_23.pdf
2026-08-31T17:49:51Z,20260831-194951-584,moved,refile,,Question Banks/Cambridge Curricula/Cambridge AS and A Level/Business Studies (9609)/AS Level/2025/May-June (Variant 3)/9609_s25_qp_13.pdf,924014,from Question Banks/Cambridge Curricula/Cambridge AS and A Level/Business Studies (9609)/2025/May-June (Variant 3)/9609_s25_qp_13.pdf
2026-08-31T17:49:51Z,20260831-194951-584,moved,refile,,Question Banks/Cambridge Curricula/Cambridge AS and A Level/Business Studies (9609)/AS Level/2025/May-June (Variant 3)/9609_s25_qp_23.pdf,968535,from Question Banks/Cambridge Curricula/Cambridge AS and A Level/Business Studies (9609)/2025/May-June (Variant 3)/9609_s25_qp_23.pdf
2026-08-31T17:49:51Z,20260831-194951-584,moved,refile,,Question Banks/Cambridge Curricula/Cambridge AS and A Level/Business Studies (9609)/AS Level/2025/Oct-Nov (Variant 1)/9609_w25_ms_11.pdf,453523,from Question Banks/Cambridge Curricula/Cambridge AS and A Level/Business Studies (9609)/2025/Oct-Nov (Variant 1)/9609_w25_ms_11.pdf
2026-08-31T17:49:51Z,20260831-194951-584,moved,refile,,Question Banks/Cambridge Curricula/Cambridge AS and A Level/Business Studies (9609)/AS Level/2025/Oct-Nov (Variant 1)/9609_w25_ms_21.pdf,466847,from Question Banks/Cambridge Curricula/Cambridge AS and A Level/Business Studies (9609)/2025/Oct-Nov (Variant 1)/9609_w25_ms_21.pdf
2026-08-31T17:49:51Z,20260831-194951-584,moved,refile,,Question Banks/Cambridge Curricula/Cambridge AS and A Level/Business Studies (9609)/AS Level/2025/Oct-Nov (Variant 1)/9609_w25_qp_11.pdf,1008798,from Question Banks/Cambridge Curricula/Cambridge AS and A Level/Business Studies (9609)/2025/Oct-Nov (Variant 1)/9609_w25_qp_11.pdf
2026-08-31T17:49:51Z,20260831-194951-584,moved,refile,,Question Banks/Cambridge Curricula/Cambridge AS and A Level/Business Studies (9609)/AS Level/2025/Oct-Nov (Variant 1)/9609_w25_qp_21.pdf,984252,from Question Banks/Cambridge Curricula/Cambridge AS and A Level/Business Studies (9609)/2025/Oct-Nov (Variant 1)/9609_w25_qp_21.pdf
2026-08-31T17:49:51Z,20260831-194951-584,moved,refile,,Question Banks/Cambridge Curricula/Cambridge AS and A Level/Business Studies (9609)/AS Level/2025/Oct-Nov (Variant 2)/9609_w25_ms_12.pdf,424307,from Question Banks/Cambridge Curricula/Cambridge AS and A Level/Business Studies (9609)/2025/Oct-Nov (Variant 2)/9609_w25_ms_12.pdf
2026-08-31T17:49:51Z,20260831-194951-584,moved,refile,,Question Banks/Cambridge Curricula/Cambridge AS and A Level/Business Studies (9609)/AS Level/2025/Oct-Nov (Variant 2)/9609_w25_ms_22.pdf,567759,from Question Banks/Cambridge Curricula/Cambridge AS and A Level/Business Studies (9609)/2025/Oct-Nov (Variant 2)/9609_w25_ms_22.pdf
2026-08-31T17:49:51Z,20260831-194951-584,moved,refile,,Question Banks/Cambridge Curricula/Cambridge AS and A Level/Business Studies (9609)/AS Level/2025/Oct-Nov (Variant 2)/9609_w25_qp_12.pdf,1017860,from Question Banks/Cambridge Curricula/Cambridge AS and A Level/Business Studies (9609)/2025/Oct-Nov (Variant 2)/9609_w25_qp_12.pdf
2026-08-31T17:49:51Z,20260831-194951-584,moved,refile,,Question Banks/Cambridge Curricula/Cambridge AS and A Level/Business Studies (9609)/AS Level/2025/Oct-Nov (Variant 2)/9609_w25_qp_22.pdf,1260062,from Question Banks/Cambridge Curricula/Cambridge AS and A Level/Business Studies (9609)/2025/Oct-Nov (Variant 2)/9609_w25_qp_22.pdf
2026-08-31T17:49:51Z,20260831-194951-584,moved,refile,,Question Banks/Cambridge Curricula/Cambridge AS and A Level/Business Studies (9609)/AS Level/2025/Oct-Nov (Variant 3)/9609_w25_ms_13.pdf,428616,from Question Banks/Cambridge Curricula/Cambridge AS and A Level/Business Studies (9609)/2025/Oct-Nov (Variant 3)/9609_w25_ms_13.pdf
2026-08-31T17:49:51Z,20260831-194951-584,moved,refile,,Question Banks/Cambridge Curricula/Cambridge AS and A Level/Business Studies (9609)/AS Level/2025/Oct-Nov (Variant 3)/9609_w25_ms_23.pdf,554575,from Question Banks/Cambridge Curricula/Cambridge AS and A Level/Business Studies (9609)/2025/Oct-Nov (Variant 3)/9609_w25_ms_23.pdf
2026-08-31T17:49:51Z,20260831-194951-584,moved,refile,,Question Banks/Cambridge Curricula/Cambridge AS and A Level/Business Studies (9609)/AS Level/2025/Oct-Nov (Variant 3)/9609_w25_qp_13.pdf,940014,from Question Banks/Cambridge Curricula/Cambridge AS and A Level/Business Studies (9609)/2025/Oct-Nov (Variant 3)/9609_w25_qp_13.pdf
2026-08-31T17:49:51Z,20260831-194951-584,moved,refile,,Question Banks/Cambridge Curricula/Cambridge AS and A Level/Business Studies (9609)/AS Level/2025/Oct-Nov (Variant 3)/9609_w25_qp_23.pdf,990798,from Question Banks/Cambridge Curricula/Cambridge AS and A Level/Business Studies (9609)/2025/Oct-Nov (Variant 3)/9609_w25_qp_23.pdf
2026-08-31T17:50:27Z,20260831-195024-623,skip_exists,http,https://pastpapers.co/caie/a-level/business-9609/2020-may-june/9609_s20_ms_11.pdf,Question Banks/Cambridge Curricula/Cambridge AS and A Level/Business Studies (9609)/AS Level/2020/May-June (Variant 1)/9609_s20_ms_11.pdf,218126,
2026-08-31T17:50:28Z,20260831-195024-623,skip_exists,http,https://pastpapers.co/caie/a-level/business-9609/2020-may-june/9609_s20_ms_12.pdf,Question Banks/Cambridge Curricula/Cambridge AS and A Level/Business Studies (9609)/AS Level/2020/May-June (Variant 2)/9609_s20_ms_12.pdf,217376,
2026-08-31T17:50:29Z,20260831-195024-623,skip_exists,http,https://pastpapers.co/caie/a-level/business-9609/2020-may-june/9609_s20_ms_21.pdf,Question Banks/Cambridge Curricula/Cambridge AS and A Level/Business Studies (9609)/AS Level/2020/May-June (Variant 1)/9609_s20_ms_21.pdf,204019,
2026-08-31T17:50:29Z,20260831-195024-623,skip_exists,http,https://pastpapers.co/caie/a-level/business-9609/2020-may-june/9609_s20_ms_13.pdf,Question Banks/Cambridge Curricula/Cambridge AS and A Level/Business Studies (9609)/AS Level/2020/May-June (Variant 3)/9609_s20_ms_13.pdf,202175,
2026-08-31T17:50:32Z,20260831-195024-623,ok,http,https://pastpapers.co/caie/a-level/business-9609/2020-march/9609_m20_er.pdf,Question Banks/Cambridge Curricula/Cambridge AS and A Level/Business Studies (9609)/Examiner Reports/2020/9609_m20_er.pdf,242360,
2026-08-31T17:50:35Z,20260831-195024-623,ok,http,https://pastpapers.co/caie/a-level/business-9609/2020-may-june/9609_s20_in_31.pdf,Question Banks/Cambridge Curricula/Cambridge AS and A Level/Business Studies (9609)/A Level/2020/May-June (Variant 1)/9609_s20_in_31.pdf,928880,
2026-08-31T17:50:35Z,20260831-195024-623,skip_exists,http,https://pastpapers.co/caie/a-level/business-9609/2020-may-june/9609_s20_ms_22.pdf,Question Banks/Cambridge Curricula/Cambridge AS and A Level/Business Studies (9609)/AS Level/2020/May-June (Variant 2)/9609_s20_ms_22.pdf,198564,
2026-08-31T17:50:39Z,20260831-195024-623,ok,http,https://pastpapers.co/caie/a-level/business-9609/2020-may-june/9609_s20_in_32.pdf,Question Banks/Cambridge Curricula/Cambridge AS and A Level/Business Studies (9609)/A Level/2020/May-June (Variant 2)/9609_s20_in_32.pdf,1664686,
2026-08-31T17:50:39Z,20260831-195024-623,skip_exists,http,https://pastpapers.co/caie/a-level/business-9609/2020-may-june/9609_s20_ms_23.pdf,Question Banks/Cambridge Curricula/Cambridge AS and A Level/Business Studies (9609)/AS Level/2020/May-June (Variant 3)/9609_s20_ms_23.pdf,210779,
2026-08-31T17:50:46Z,20260831-195024-623,ok,http,https://pastpapers.co/caie/a-level/business-9609/2020-may-june/9609_s20_in_33.pdf,Question Banks/Cambridge Curricula/Cambridge AS and A Level/Business Studies (9609)/A Level/2020/May-June (Variant 3)/9609_s20_in_33.pdf,929238,
2026-08-31T17:50:49Z,20260831-195024-623,skip_exists,http,https://pastpapers.co/caie/a-level/business-9609/2020-may-june/9609_s20_qp_11.pdf,Question Banks/Cambridge Curricula/Cambridge AS and A Level/Business Studies (9609)/AS Level/2020/May-June (Variant 1)/9609_s20_qp_11.pdf,892735,
2026-08-31T17:50:49Z,20260831-195024-623,skip_exists,http,https://pastpapers.co/caie/a-level/business-9609/2020-may-june/9609_s20_qp_12.pdf,Question Banks/Cambridge Curricula/Cambridge AS and A Level/Business Studies (9609)/AS Level/2020/May-June (Variant 2)/9609_s20_qp_12.pdf,893476,
2026-08-31T17:50:49Z,20260831-195024-623,skip_exists,http,https://pastpapers.co/caie/a-level/business-9609/2020-may-june/9609_s20_qp_13.pdf,Question Banks/Cambridge Curricula/Cambridge AS and A Level/Business Studies (9609)/AS Level/2020/May-June (Variant 3)/9609_s20_qp_13.pdf,892567,
2026-08-31T17:50:49Z,20260831-195024-623,skip_exists,http,https://pastpapers.co/caie/a-level/business-9609/2020-may-june/9609_s20_qp_21.pdf,Question Banks/Cambridge Curricula/Cambridge AS and A Level/Business Studies (9609)/AS Level/2020/May-June (Variant 1)/9609_s20_qp_21.pdf,1216099,
2026-08-31T17:50:49Z,20260831-195024-623,skip_exists,http,https://pastpapers.co/caie/a-level/business-9609/2020-may-june/9609_s20_qp_22.pdf,Question Banks/Cambridge Curricula/Cambridge AS and A Level/Business Studies (9609)/AS Level/2020/May-June (Variant 2)/9609_s20_qp_22.pdf,1418941,
2026-08-31T17:50:52Z,20260831-195024-623,ok,http,https://pastpapers.co/caie/a-level/business-9609/2020-may-june/9609_s20_ms_31.pdf,Question Banks/Cambridge Curricula/Cambridge AS and A Level/Business Studies (9609)/A Level/2020/May-June (Variant 1)/9609_s20_ms_31.pdf,253297,
2026-08-31T17:50:55Z,20260831-195024-623,ok,http,https://pastpapers.co/caie/a-level/business-9609/2020-may-june/9609_s20_ms_32.pdf,Question Banks/Cambridge Curricula/Cambridge AS and A Level/Business Studies (9609)/A Level/2020/May-June (Variant 2)/9609_s20_ms_32.pdf,257606,
2026-08-31T17:50:57Z,20260831-195024-623,ok,http,https://pastpapers.co/caie/a-level/business-9609/2020-may-june/9609_s20_ms_33.pdf,Question Banks/Cambridge Curricula/Cambridge AS and A Level/Business Studies (9609)/A Level/2020/May-June (Variant 3)/9609_s20_ms_33.pdf,229858,
2026-08-31T17:50:57Z,20260831-195024-623,skip_exists,http,https://pastpapers.co/caie/a-level/business-9609/2020-may-june/9609_s20_qp_23.pdf,Question Banks/Cambridge Curricula/Cambridge AS and A Level/Business Studies (9609)/AS Level/2020/May-June (Variant 3)/9609_s20_qp_23.pdf,1234264,
2026-08-31T17:51:04Z,20260831-195024-623,ok,http,https://pastpapers.co/caie/a-level/business-9609/2020-may-june/9609_s20_qp_32.pdf,Question Banks/Cambridge Curricula/Cambridge AS and A Level/Business Studies (9609)/A Level/2020/May-June (Variant 2)/9609_s20_qp_32.pdf,3075006,
2026-08-31T17:51:08Z,20260831-195024-623,ok,http,https://pastpapers.co/caie/a-level/business-9609/2020-oct-nov/9609_w20_er.pdf,Question Banks/Cambridge Curricula/Cambridge AS and A Level/Business Studies (9609)/Examiner Reports/2020/9609_w20_er.pdf,1571679,
2026-08-31T17:51:15Z,20260831-195024-623,ok,http,https://pastpapers.co/caie/a-level/business-9609/2020-may-june/9609_s20_qp_31.pdf,Question Banks/Cambridge Curricula/Cambridge AS and A Level/Business Studies (9609)/A Level/2020/May-June (Variant 1)/9609_s20_qp_31.pdf,927974,
2026-08-31T17:51:20Z,20260831-195024-623,ok,http,https://pastpapers.co/caie/a-level/business-9609/2020-may-june/9609_s20_qp_33.pdf,Question Banks/Cambridge Curricula/Cambridge AS and A Level/Business Studies (9609)/A Level/2020/May-June (Variant 3)/9609_s20_qp_33.pdf,924875,
2026-08-31T17:51:23Z,20260831-195024-623,ok,http,https://pastpapers.co/caie/a-level/business-9609/2020-oct-nov/9609_w20_gt.pdf,Question Banks/Cambridge Curricula/Cambridge AS and A Level/Business Studies (9609)/Grade Thresholds/2020/9609_w20_gt.pdf,131918,
2026-08-31T17:51:26Z,20260831-195024-623,ok,http,https://pastpapers.co/caie/a-level/business-9609/2020-oct-nov/9609_w20_in_31.pdf,Question Banks/Cambridge Curricula/Cambridge AS and A Level/Business Studies (9609)/A Level/2020/Oct-Nov (Variant 1)/9609_w20_in_31.pdf,927859,
2026-08-31T17:51:30Z,20260831-195024-623,ok,http,https://pastpapers.co/caie/a-level/business-9609/2020-oct-nov/9609_w20_in_32.pdf,Question Banks/Cambridge Curricula/Cambridge AS and A Level/Business Studies (9609)/A Level/2020/Oct-Nov (Variant 2)/9609_w20_in_32.pdf,931753,
2026-08-31T17:51:33Z,20260831-195024-623,ok,http,https://pastpapers.co/caie/a-level/business-9609/2020-oct-nov/9609_w20_in_33.pdf,Question Banks/Cambridge Curricula/Cambridge AS and A Level/Business Studies (9609)/A Level/2020/Oct-Nov (Variant 3)/9609_w20_in_33.pdf,923271,
2026-08-31T17:51:33Z,20260831-195024-623,skip_exists,http,https://pastpapers.co/caie/a-level/business-9609/2020-oct-nov/9609_w20_ms_13.pdf,Question Banks/Cambridge Curricula/Cambridge AS and A Level/Business Studies (9609)/AS Level/2020/Oct-Nov (Variant 3)/9609_w20_ms_13.pdf,222554,
2026-08-31T17:51:33Z,20260831-195024-623,skip_exists,http,https://pastpapers.co/caie/a-level/business-9609/2020-oct-nov/9609_w20_ms_11.pdf,Question Banks/Cambridge Curricula/Cambridge AS and A Level/Business Studies (9609)/AS Level/2020/Oct-Nov (Variant 1)/9609_w20_ms_11.pdf,223768,
2026-08-31T17:51:33Z,20260831-195024-623,skip_exists,http,https://pastpapers.co/caie/a-level/business-9609/2020-oct-nov/9609_w20_ms_21.pdf,Question Banks/Cambridge Curricula/Cambridge AS and A Level/Business Studies (9609)/AS Level/2020/Oct-Nov (Variant 1)/9609_w20_ms_21.pdf,234196,
2026-08-31T17:51:33Z,20260831-195024-623,skip_exists,http,https://pastpapers.co/caie/a-level/business-9609/2020-oct-nov/9609_w20_ms_12.pdf,Question Banks/Cambridge Curricula/Cambridge AS and A Level/Business Studies (9609)/AS Level/2020/Oct-Nov (Variant 2)/9609_w20_ms_12.pdf,207349,
2026-08-31T17:51:33Z,20260831-195024-623,skip_exists,http,https://pastpapers.co/caie/a-level/business-9609/2020-oct-nov/9609_w20_ms_22.pdf,Question Banks/Cambridge Curricula/Cambridge AS and A Level/Business Studies (9609)/AS Level/2020/Oct-Nov (Variant 2)/9609_w20_ms_22.pdf,235385,
2026-08-31T17:51:33Z,20260831-195024-623,skip_exists,http,https://pastpapers.co/caie/a-level/business-9609/2020-oct-nov/9609_w20_ms_23.pdf,Question Banks/Cambridge Curricula/Cambridge AS and A Level/Business Studies (9609)/AS Level/2020/Oct-Nov (Variant 3)/9609_w20_ms_23.pdf,224640,
2026-08-31T17:51:36Z,20260831-195024-623,skip_exists,http,https://pastpapers.co/caie/a-level/business-9609/2020-oct-nov/9609_w20_qp_11.pdf,Question Banks/Cambridge Curricula/Cambridge AS and A Level/Business Studies (9609)/AS Level/2020/Oct-Nov (Variant 1)/9609_w20_qp_11.pdf,892251,
2026-08-31T17:51:37Z,20260831-195024-623,skip_exists,http,https://pastpapers.co/caie/a-level/business-9609/2020-oct-nov/9609_w20_qp_12.pdf,Question Banks/Cambridge Curricula/Cambridge AS and A Level/Business Studies (9609)/AS Level/2020/Oct-Nov (Variant 2)/9609_w20_qp_12.pdf,890960,
2026-08-31T17:51:37Z,20260831-195024-623,skip_exists,http,https://pastpapers.co/caie/a-level/business-9609/2020-oct-nov/9609_w20_qp_13.pdf,Question Banks/Cambridge Curricula/Cambridge AS and A Level/Business Studies (9609)/AS Level/2020/Oct-Nov (Variant 3)/9609_w20_qp_13.pdf,892559,
2026-08-31T17:51:37Z,20260831-195024-623,skip_exists,http,https://pastpapers.co/caie/a-level/business-9609/2020-oct-nov/9609_w20_qp_21.pdf,Question Banks/Cambridge Curricula/Cambridge AS and A Level/Business Studies (9609)/AS Level/2020/Oct-Nov (Variant 1)/9609_w20_qp_21.pdf,906940,
2026-08-31T17:51:37Z,20260831-195024-623,skip_exists,http,https://pastpapers.co/caie/a-level/business-9609/2020-oct-nov/9609_w20_qp_22.pdf,Question Banks/Cambridge Curricula/Cambridge AS and A Level/Business Studies (9609)/AS Level/2020/Oct-Nov (Variant 2)/9609_w20_qp_22.pdf,920883,
2026-08-31T17:51:39Z,20260831-195024-623,ok,http,https://pastpapers.co/caie/a-level/business-9609/2020-oct-nov/9609_w20_ms_31.pdf,Question Banks/Cambridge Curricula/Cambridge AS and A Level/Business Studies (9609)/A Level/2020/Oct-Nov (Variant 1)/9609_w20_ms_31.pdf,242582,
2026-08-31T17:51:43Z,20260831-195024-623,ok,http,https://pastpapers.co/caie/a-level/business-9609/2020-oct-nov/9609_w20_ms_32.pdf,Question Banks/Cambridge Curricula/Cambridge AS and A Level/Business Studies (9609)/A Level/2020/Oct-Nov (Variant 2)/9609_w20_ms_32.pdf,257465,
2026-08-31T17:51:43Z,20260831-195024-623,skip_exists,http,https://pastpapers.co/caie/a-level/business-9609/2020-oct-nov/9609_w20_qp_23.pdf,Question Banks/Cambridge Curricula/Cambridge AS and A Level/Business Studies (9609)/AS Level/2020/Oct-Nov (Variant 3)/9609_w20_qp_23.pdf,921699,
2026-08-31T17:51:45Z,20260831-195024-623,ok,http,https://pastpapers.co/caie/a-level/business-9609/2020-oct-nov/9609_w20_ms_33.pdf,Question Banks/Cambridge Curricula/Cambridge AS and A Level/Business Studies (9609)/A Level/2020/Oct-Nov (Variant 3)/9609_w20_ms_33.pdf,448757,
2026-08-31T17:51:50Z,20260831-195024-623,skip_exists,http,https://pastpapers.co/caie/a-level/business-9609/2021-march/9609_m21_ms_12.pdf,Question Banks/Cambridge Curricula/Cambridge AS and A Level/Business Studies (9609)/AS Level/2021/March (Variant 2)/9609_m21_ms_12.pdf,243671,
2026-08-31T17:51:50Z,20260831-195024-623,skip_exists,http,https://pastpapers.co/caie/a-level/business-9609/2021-march/9609_m21_ms_22.pdf,Question Banks/Cambridge Curricula/Cambridge AS and A Level/Business Studies (9609)/AS Level/2021/March (Variant 2)/9609_m21_ms_22.pdf,236638,
2026-08-31T17:51:54Z,20260831-195024-623,ok,http,https://pastpapers.co/caie/a-level/business-9609/2020-oct-nov/9609_w20_qp_31.pdf,Question Banks/Cambridge Curricula/Cambridge AS and A Level/Business Studies (9609)/A Level/2020/Oct-Nov (Variant 1)/9609_w20_qp_31.pdf,936632,
2026-08-31T17:51:58Z,20260831-195024-623,ok,http,https://pastpapers.co/caie/a-level/business-9609/2020-oct-nov/9609_w20_qp_32.pdf,Question Banks/Cambridge Curricula/Cambridge AS and A Level/Business Studies (9609)/A Level/2020/Oct-Nov (Variant 2)/9609_w20_qp_32.pdf,923080,
2026-08-31T17:52:01Z,20260831-195024-623,ok,http,https://pastpapers.co/caie/a-level/business-9609/2020-oct-nov/9609_w20_qp_33.pdf,Question Banks/Cambridge Curricula/Cambridge AS and A Level/Business Studies (9609)/A Level/2020/Oct-Nov (Variant 3)/9609_w20_qp_33.pdf,938339,
2026-08-31T17:52:04Z,20260831-195024-623,ok,http,https://pastpapers.co/caie/a-level/business-9609/2021-march/9609_m21_er.pdf,Question Banks/Cambridge Curricula/Cambridge AS and A Level/Business Studies (9609)/Examiner Reports/2021/9609_m21_er.pdf,737712,
2026-08-31T17:52:06Z,20260831-195024-623,ok,http,https://pastpapers.co/caie/a-level/business-9609/2021-march/9609_m21_gt.pdf,Question Banks/Cambridge Curricula/Cambridge AS and A Level/Business Studies (9609)/Grade Thresholds/2021/9609_m21_gt.pdf,133206,
2026-08-31T17:52:10Z,20260831-195024-623,ok,http,https://pastpapers.co/caie/a-level/business-9609/2021-march/9609_m21_in_32.pdf,Question Banks/Cambridge Curricula/Cambridge AS and A Level/Business Studies (9609)/A Level/2021/March (Variant 2)/9609_m21_in_32.pdf,917780,
2026-08-31T17:52:11Z,20260831-195024-623,skip_exists,http,https://pastpapers.co/caie/a-level/business-9609/2021-march/9609_m21_qp_12.pdf,Question Banks/Cambridge Curricula/Cambridge AS and A Level/Business Studies (9609)/AS Level/2021/March (Variant 2)/9609_m21_qp_12.pdf,879914,
2026-08-31T17:52:11Z,20260831-195024-623,skip_exists,http,https://pastpapers.co/caie/a-level/business-9609/2021-march/9609_m21_qp_22.pdf,Question Banks/Cambridge Curricula/Cambridge AS and A Level/Business Studies (9609)/AS Level/2021/March (Variant 2)/9609_m21_qp_22.pdf,896067,
2026-08-31T17:52:19Z,20260831-195024-623,ok,http,https://pastpapers.co/caie/a-level/business-9609/2021-march/9609_m21_ms_32.pdf,Question Banks/Cambridge Curricula/Cambridge AS and A Level/Business Studies (9609)/A Level/2021/March (Variant 2)/9609_m21_ms_32.pdf,254492,
2026-08-31T17:52:23Z,20260831-195024-623,ok,http,https://pastpapers.co/caie/a-level/business-9609/2021-march/9609_m21_qp_32.pdf,Question Banks/Cambridge Curricula/Cambridge AS and A Level/Business Studies (9609)/A Level/2021/March (Variant 2)/9609_m21_qp_32.pdf,909908,
2026-08-31T17:52:27Z,20260831-195024-623,ok,http,https://pastpapers.co/caie/a-level/business-9609/2021-may-june/9609_s21_er.pdf,Question Banks/Cambridge Curricula/Cambridge AS and A Level/Business Studies (9609)/Examiner Reports/2021/9609_s21_er.pdf,1891912,
2026-08-31T17:52:30Z,20260831-195024-623,ok,http,https://pastpapers.co/caie/a-level/business-9609/2021-may-june/9609_s21_gt.pdf,Question Banks/Cambridge Curricula/Cambridge AS and A Level/Business Studies (9609)/Grade Thresholds/2021/9609_s21_gt.pdf,139538,
2026-08-31T17:52:33Z,20260831-195024-623,ok,http,https://pastpapers.co/caie/a-level/business-9609/2021-may-june/9609_s21_in_31.pdf,Question Banks/Cambridge Curricula/Cambridge AS and A Level/Business Studies (9609)/A Level/2021/May-June (Variant 1)/9609_s21_in_31.pdf,949845,
2026-08-31T17:52:36Z,20260831-195024-623,ok,http,https://pastpapers.co/caie/a-level/business-9609/2021-may-june/9609_s21_in_32.pdf,Question Banks/Cambridge Curricula/Cambridge AS and A Level/Business Studies (9609)/A Level/2021/May-June (Variant 2)/9609_s21_in_32.pdf,911520,
2026-08-31T17:52:36Z,20260831-195024-623,skip_exists,http,https://pastpapers.co/caie/a-level/business-9609/2021-may-june/9609_s21_ms_11.pdf,Question Banks/Cambridge Curricula/Cambridge AS and A Level/Business Studies (9609)/AS Level/2021/May-June (Variant 1)/9609_s21_ms_11.pdf,248002,
2026-08-31T17:52:39Z,20260831-195024-623,ok,http,https://pastpapers.co/caie/a-level/business-9609/2021-may-june/9609_s21_in_33.pdf,Question Banks/Cambridge Curricula/Cambridge AS and A Level/Business Studies (9609)/A Level/2021/May-June (Variant 3)/9609_s21_in_33.pdf,913221,
2026-08-31T17:52:43Z,20260831-195024-623,ok,http,https://pastpapers.co/caie/a-level/business-9609/2021-may-june/9609_s21_in_34.pdf,Question Banks/Cambridge Curricula/Cambridge AS and A Level/Business Studies (9609)/A Level/2021/May-June (Variant 4)/9609_s21_in_34.pdf,930954,
2026-08-31T17:52:43Z,20260831-195024-623,skip_exists,http,https://pastpapers.co/caie/a-level/business-9609/2021-may-june/9609_s21_ms_12.pdf,Question Banks/Cambridge Curricula/Cambridge AS and A Level/Business Studies (9609)/AS Level/2021/May-June (Variant 2)/9609_s21_ms_12.pdf,249806,
2026-08-31T17:52:43Z,20260831-195024-623,skip_exists,http,https://pastpapers.co/caie/a-level/business-9609/2021-may-june/9609_s21_ms_13.pdf,Question Banks/Cambridge Curricula/Cambridge AS and A Level/Business Studies (9609)/AS Level/2021/May-June (Variant 3)/9609_s21_ms_13.pdf,250032,
2026-08-31T17:52:43Z,20260831-195024-623,skip_exists,http,https://pastpapers.co/caie/a-level/business-9609/2021-may-june/9609_s21_ms_14.pdf,Question Banks/Cambridge Curricula/Cambridge AS and A Level/Business Studies (9609)/AS Level/2021/May-June (Variant 4)/9609_s21_ms_14.pdf,267261,
2026-08-31T17:52:43Z,20260831-195024-623,skip_exists,http,https://pastpapers.co/caie/a-level/business-9609/2021-may-june/9609_s21_ms_21.pdf,Question Banks/Cambridge Curricula/Cambridge AS and A Level/Business Studies (9609)/AS Level/2021/May-June (Variant 1)/9609_s21_ms_21.pdf,235375,
2026-08-31T17:52:43Z,20260831-195024-623,skip_exists,http,https://pastpapers.co/caie/a-level/business-9609/2021-may-june/9609_s21_ms_22.pdf,Question Banks/Cambridge Curricula/Cambridge AS and A Level/Business Studies (9609)/AS Level/2021/May-June (Variant 2)/9609_s21_ms_22.pdf,254409,
2026-08-31T17:52:43Z,20260831-195024-623,skip_exists,http,https://pastpapers.co/caie/a-level/business-9609/2021-may-june/9609_s21_ms_23.pdf,Question Banks/Cambridge Curricula/Cambridge AS and A Level/Business Studies (9609)/AS Level/2021/May-June (Variant 3)/9609_s21_ms_23.pdf,239593,
2026-08-31T17:52:43Z,20260831-195024-623,skip_exists,http,https://pastpapers.co/caie/a-level/business-9609/2021-may-june/9609_s21_ms_24.pdf,Question Banks/Cambridge Curricula/Cambridge AS and A Level/Business Studies (9609)/AS Level/2021/May-June (Variant 4)/9609_s21_ms_24.pdf,242059,
2026-08-31T17:52:48Z,20260831-195024-623,skip_exists,http,https://pastpapers.co/caie/a-level/business-9609/2021-may-june/9609_s21_qp_11.pdf,Question Banks/Cambridge Curricula/Cambridge AS and A Level/Business Studies (9609)/AS Level/2021/May-June (Variant 1)/9609_s21_qp_11.pdf,892919,
2026-08-31T17:52:48Z,20260831-195024-623,skip_exists,http,https://pastpapers.co/caie/a-level/business-9609/2021-may-june/9609_s21_qp_12.pdf,Question Banks/Cambridge Curricula/Cambridge AS and A Level/Business Studies (9609)/AS Level/2021/May-June (Variant 2)/9609_s21_qp_12.pdf,893070,
2026-08-31T17:52:48Z,20260831-195024-623,skip_exists,http,https://pastpapers.co/caie/a-level/business-9609/2021-may-june/9609_s21_qp_13.pdf,Question Banks/Cambridge Curricula/Cambridge AS and A Level/Business Studies (9609)/AS Level/2021/May-June (Variant 3)/9609_s21_qp_13.pdf,906749,
2026-08-31T17:52:48Z,20260831-195024-623,skip_exists,http,https://pastpapers.co/caie/a-level/business-9609/2021-may-june/9609_s21_qp_14.pdf,Question Banks/Cambridge Curricula/Cambridge AS and A Level/Business Studies (9609)/AS Level/2021/May-June (Variant 4)/9609_s21_qp_14.pdf,882305,
2026-08-31T17:52:52Z,20260831-195024-623,ok,http,https://pastpapers.co/caie/a-level/business-9609/2021-may-june/9609_s21_ms_31.pdf,Question Banks/Cambridge Curricula/Cambridge AS and A Level/Business Studies (9609)/A Level/2021/May-June (Variant 1)/9609_s21_ms_31.pdf,254784,
2026-08-31T17:52:54Z,20260831-195024-623,ok,http,https://pastpapers.co/caie/a-level/business-9609/2021-may-june/9609_s21_ms_32.pdf,Question Banks/Cambridge Curricula/Cambridge AS and A Level/Business Studies (9609)/A Level/2021/May-June (Variant 2)/9609_s21_ms_32.pdf,267313,
2026-08-31T17:52:58Z,20260831-195024-623,ok,http,https://pastpapers.co/caie/a-level/business-9609/2021-may-june/9609_s21_ms_33.pdf,Question Banks/Cambridge Curricula/Cambridge AS and A Level/Business Studies (9609)/A Level/2021/May-June (Variant 3)/9609_s21_ms_33.pdf,263119,
2026-08-31T17:53:02Z,20260831-195024-623,ok,http,https://pastpapers.co/caie/a-level/business-9609/2021-may-june/9609_s21_ms_34.pdf,Question Banks/Cambridge Curricula/Cambridge AS and A Level/Business Studies (9609)/A Level/2021/May-June (Variant 4)/9609_s21_ms_34.pdf,249328,
2026-08-31T17:53:02Z,20260831-195024-623,skip_exists,http,https://pastpapers.co/caie/a-level/business-9609/2021-may-june/9609_s21_qp_21.pdf,Question Banks/Cambridge Curricula/Cambridge AS and A Level/Business Studies (9609)/AS Level/2021/May-June (Variant 1)/9609_s21_qp_21.pdf,1162770,
2026-08-31T17:53:02Z,20260831-195024-623,skip_exists,http,https://pastpapers.co/caie/a-level/business-9609/2021-may-june/9609_s21_qp_22.pdf,Question Banks/Cambridge Curricula/Cambridge AS and A Level/Business Studies (9609)/AS Level/2021/May-June (Variant 2)/9609_s21_qp_22.pdf,946570,
2026-08-31T17:53:02Z,20260831-195024-623,skip_exists,http,https://pastpapers.co/caie/a-level/business-9609/2021-may-june/9609_s21_qp_23.pdf,Question Banks/Cambridge Curricula/Cambridge AS and A Level/Business Studies (9609)/AS Level/2021/May-June (Variant 3)/9609_s21_qp_23.pdf,838510,
2026-08-31T17:53:02Z,20260831-195024-623,skip_exists,http,https://pastpapers.co/caie/a-level/business-9609/2021-may-june/9609_s21_qp_24.pdf,Question Banks/Cambridge Curricula/Cambridge AS and A Level/Business Studies (9609)/AS Level/2021/May-June (Variant 4)/9609_s21_qp_24.pdf,896092,
2026-08-31T17:53:14Z,20260831-195024-623,ok,http,https://pastpapers.co/caie/a-level/business-9609/2021-may-june/9609_s21_qp_31.pdf,Question Banks/Cambridge Curricula/Cambridge AS and A Level/Business Studies (9609)/A Level/2021/May-June (Variant 1)/9609_s21_qp_31.pdf,925190,
2026-08-31T17:53:17Z,20260831-195024-623,ok,http,https://pastpapers.co/caie/a-level/business-9609/2021-may-june/9609_s21_qp_32.pdf,Question Banks/Cambridge Curricula/Cambridge AS and A Level/Business Studies (9609)/A Level/2021/May-June (Variant 2)/9609_s21_qp_32.pdf,910597,
2026-08-31T17:53:20Z,20260831-195024-623,ok,http,https://pastpapers.co/caie/a-level/business-9609/2021-may-june/9609_s21_qp_33.pdf,Question Banks/Cambridge Curricula/Cambridge AS and A Level/Business Studies (9609)/A Level/2021/May-June (Variant 3)/9609_s21_qp_33.pdf,910722,
2026-08-31T17:53:24Z,20260831-195024-623,ok,http,https://pastpapers.co/caie/a-level/business-9609/2021-may-june/9609_s21_qp_34.pdf,Question Banks/Cambridge Curricula/Cambridge AS and A Level/Business Studies (9609)/A Level/2021/May-June (Variant 4)/9609_s21_qp_34.pdf,927416,
2026-08-31T17:53:27Z,20260831-195024-623,ok,http,https://pastpapers.co/caie/a-level/business-9609/2021-oct-nov/9609_w21_er.pdf,Question Banks/Cambridge Curricula/Cambridge AS and A Level/Business Studies (9609)/Examiner Reports/2021/9609_w21_er.pdf,2853741,
2026-08-31T17:53:30Z,20260831-195024-623,ok,http,https://pastpapers.co/caie/a-level/business-9609/2021-oct-nov/9609_w21_gt.pdf,Question Banks/Cambridge Curricula/Cambridge AS and A Level/Business Studies (9609)/Grade Thresholds/2021/9609_w21_gt.pdf,152354,
2026-08-31T17:53:33Z,20260831-195024-623,ok,http,https://pastpapers.co/caie/a-level/business-9609/2021-oct-nov/9609_w21_in_31.pdf,Question Banks/Cambridge Curricula/Cambridge AS and A Level/Business Studies (9609)/A Level/2021/Oct-Nov (Variant 1)/9609_w21_in_31.pdf,928644,
2026-08-31T17:53:37Z,20260831-195024-623,ok,http,https://pastpapers.co/caie/a-level/business-9609/2021-oct-nov/9609_w21_in_32.pdf,Question Banks/Cambridge Curricula/Cambridge AS and A Level/Business Studies (9609)/A Level/2021/Oct-Nov (Variant 2)/9609_w21_in_32.pdf,932897,
2026-08-31T17:53:38Z,20260831-195024-623,skip_exists,http,https://pastpapers.co/caie/a-level/business-9609/2021-oct-nov/9609_w21_ms_11.pdf,Question Banks/Cambridge Curricula/Cambridge AS and A Level/Business Studies (9609)/AS Level/2021/Oct-Nov (Variant 1)/9609_w21_ms_11.pdf,215569,
2026-08-31T17:53:38Z,20260831-195024-623,skip_exists,http,https://pastpapers.co/caie/a-level/business-9609/2021-oct-nov/9609_w21_ms_12.pdf,Question Banks/Cambridge Curricula/Cambridge AS and A Level/Business Studies (9609)/AS Level/2021/Oct-Nov (Variant 2)/9609_w21_ms_12.pdf,216344,
2026-08-31T17:53:38Z,20260831-195024-623,skip_exists,http,https://pastpapers.co/caie/a-level/business-9609/2021-oct-nov/9609_w21_ms_13.pdf,Question Banks/Cambridge Curricula/Cambridge AS and A Level/Business Studies (9609)/AS Level/2021/Oct-Nov (Variant 3)/9609_w21_ms_13.pdf,233569,
2026-08-31T17:53:38Z,20260831-195024-623,skip_exists,http,https://pastpapers.co/caie/a-level/business-9609/2021-oct-nov/9609_w21_ms_21.pdf,Question Banks/Cambridge Curricula/Cambridge AS and A Level/Business Studies (9609)/AS Level/2021/Oct-Nov (Variant 1)/9609_w21_ms_21.pdf,255028,
2026-08-31T17:53:38Z,20260831-195024-623,skip_exists,http,https://pastpapers.co/caie/a-level/business-9609/2021-oct-nov/9609_w21_ms_22.pdf,Question Banks/Cambridge Curricula/Cambridge AS and A Level/Business Studies (9609)/AS Level/2021/Oct-Nov (Variant 2)/9609_w21_ms_22.pdf,321481,
2026-08-31T17:53:38Z,20260831-195024-623,skip_exists,http,https://pastpapers.co/caie/a-level/business-9609/2021-oct-nov/9609_w21_ms_23.pdf,Question Banks/Cambridge Curricula/Cambridge AS and A Level/Business Studies (9609)/AS Level/2021/Oct-Nov (Variant 3)/9609_w21_ms_23.pdf,255151,
2026-08-31T17:53:43Z,20260831-195024-623,ok,http,https://pastpapers.co/caie/a-level/business-9609/2021-oct-nov/9609_w21_in_33.pdf,Question Banks/Cambridge Curricula/Cambridge AS and A Level/Business Studies (9609)/A Level/2021/Oct-Nov (Variant 3)/9609_w21_in_33.pdf,933228,
2026-08-31T17:53:46Z,20260831-195024-623,skip_exists,http,https://pastpapers.co/caie/a-level/business-9609/2021-oct-nov/9609_w21_qp_11.pdf,Question Banks/Cambridge Curricula/Cambridge AS and A Level/Business Studies (9609)/AS Level/2021/Oct-Nov (Variant 1)/9609_w21_qp_11.pdf,893835,
2026-08-31T17:53:46Z,20260831-195024-623,skip_exists,http,https://pastpapers.co/caie/a-level/business-9609/2021-oct-nov/9609_w21_qp_12.pdf,Question Banks/Cambridge Curricula/Cambridge AS and A Level/Business Studies (9609)/AS Level/2021/Oct-Nov (Variant 2)/9609_w21_qp_12.pdf,893832,
2026-08-31T17:53:46Z,20260831-195024-623,skip_exists,http,https://pastpapers.co/caie/a-level/business-9609/2021-oct-nov/9609_w21_qp_13.pdf,Question Banks/Cambridge Curricula/Cambridge AS and A Level/Business Studies (9609)/AS Level/2021/Oct-Nov (Variant 3)/9609_w21_qp_13.pdf,904615,
2026-08-31T17:53:46Z,20260831-195024-623,skip_exists,http,https://pastpapers.co/caie/a-level/business-9609/2021-oct-nov/9609_w21_qp_21.pdf,Question Banks/Cambridge Curricula/Cambridge AS and A Level/Business Studies (9609)/AS Level/2021/Oct-Nov (Variant 1)/9609_w21_qp_21.pdf,913245,
2026-08-31T17:53:49Z,20260831-195024-623,ok,http,https://pastpapers.co/caie/a-level/business-9609/2021-oct-nov/9609_w21_ms_31.pdf,Question Banks/Cambridge Curricula/Cambridge AS and A Level/Business Studies (9609)/A Level/2021/Oct-Nov (Variant 1)/9609_w21_ms_31.pdf,238746,
2026-08-31T17:53:49Z,20260831-195024-623,skip_exists,http,https://pastpapers.co/caie/a-level/business-9609/2021-oct-nov/9609_w21_qp_22.pdf,Question Banks/Cambridge Curricula/Cambridge AS and A Level/Business Studies (9609)/AS Level/2021/Oct-Nov (Variant 2)/9609_w21_qp_22.pdf,912350,
2026-08-31T17:53:52Z,20260831-195024-623,ok,http,https://pastpapers.co/caie/a-level/business-9609/2021-oct-nov/9609_w21_ms_32.pdf,Question Banks/Cambridge Curricula/Cambridge AS and A Level/Business Studies (9609)/A Level/2021/Oct-Nov (Variant 2)/9609_w21_ms_32.pdf,257872,
2026-08-31T17:53:55Z,20260831-195024-623,ok,http,https://pastpapers.co/caie/a-level/business-9609/2021-oct-nov/9609_w21_ms_33.pdf,Question Banks/Cambridge Curricula/Cambridge AS and A Level/Business Studies (9609)/A Level/2021/Oct-Nov (Variant 3)/9609_w21_ms_33.pdf,250472,
2026-08-31T17:53:55Z,20260831-195024-623,skip_exists,http,https://pastpapers.co/caie/a-level/business-9609/2021-oct-nov/9609_w21_qp_23.pdf,Question Banks/Cambridge Curricula/Cambridge AS and A Level/Business Studies (9609)/AS Level/2021/Oct-Nov (Variant 3)/9609_w21_qp_23.pdf,913208,
2026-08-31T17:54:03Z,20260831-195024-623,ok,http,https://pastpapers.co/caie/a-level/business-9609/2022-feb-march/9609_m22_er.pdf,Question Banks/Cambridge Curricula/Cambridge AS and A Level/Business Studies (9609)/Examiner Reports/2022/9609_m22_er.pdf,1326269,
2026-08-31T17:54:05Z,20260831-195024-623,skip_exists,http,https://pastpapers.co/caie/a-level/business-9609/2022-feb-march/9609_m22_ms_22.pdf,Question Banks/Cambridge Curricula/Cambridge AS and A Level/Business Studies (9609)/AS Level/2022/March (Variant 2)/9609_m22_ms_22.pdf,273043,
2026-08-31T17:54:05Z,20260831-195024-623,skip_exists,http,https://pastpapers.co/caie/a-level/business-9609/2022-feb-march/9609_m22_ms_12.pdf,Question Banks/Cambridge Curricula/Cambridge AS and A Level/Business Studies (9609)/AS Level/2022/March (Variant 2)/9609_m22_ms_12.pdf,255493,
2026-08-31T17:54:08Z,20260831-195024-623,ok,http,https://pastpapers.co/caie/a-level/business-9609/2021-oct-nov/9609_w21_qp_31.pdf,Question Banks/Cambridge Curricula/Cambridge AS and A Level/Business Studies (9609)/A Level/2021/Oct-Nov (Variant 1)/9609_w21_qp_31.pdf,951239,
2026-08-31T17:54:11Z,20260831-195024-623,ok,http,https://pastpapers.co/caie/a-level/business-9609/2021-oct-nov/9609_w21_qp_32.pdf,Question Banks/Cambridge Curricula/Cambridge AS and A Level/Business Studies (9609)/A Level/2021/Oct-Nov (Variant 2)/9609_w21_qp_32.pdf,913118,
2026-08-31T17:54:15Z,20260831-195024-623,ok,http,https://pastpapers.co/caie/a-level/business-9609/2021-oct-nov/9609_w21_qp_33.pdf,Question Banks/Cambridge Curricula/Cambridge AS and A Level/Business Studies (9609)/A Level/2021/Oct-Nov (Variant 3)/9609_w21_qp_33.pdf,943403,
2026-08-31T17:54:21Z,20260831-195024-623,ok,http,https://pastpapers.co/caie/a-level/business-9609/2022-feb-march/9609_m22_in_32.pdf,Question Banks/Cambridge Curricula/Cambridge AS and A Level/Business Studies (9609)/A Level/2022/March (Variant 2)/9609_m22_in_32.pdf,971869,
2026-08-31T17:54:21Z,20260831-195024-623,skip_exists,http,https://pastpapers.co/caie/a-level/business-9609/2022-feb-march/9609_m22_qp_12.pdf,Question Banks/Cambridge Curricula/Cambridge AS and A Level/Business Studies (9609)/AS Level/2022/March (Variant 2)/9609_m22_qp_12.pdf,908071,
2026-08-31T17:54:21Z,20260831-195024-623,skip_exists,http,https://pastpapers.co/caie/a-level/business-9609/2022-feb-march/9609_m22_qp_22.pdf,Question Banks/Cambridge Curricula/Cambridge AS and A Level/Business Studies (9609)/AS Level/2022/March (Variant 2)/9609_m22_qp_22.pdf,924237,
2026-08-31T17:54:26Z,20260831-195024-623,ok,http,https://pastpapers.co/caie/a-level/business-9609/2022-feb-march/9609_m22_gt.pdf,Question Banks/Cambridge Curricula/Cambridge AS and A Level/Business Studies (9609)/Grade Thresholds/2022/9609_m22_gt.pdf,132550,
2026-08-31T17:54:29Z,20260831-195024-623,ok,http,https://pastpapers.co/caie/a-level/business-9609/2022-feb-march/9609_m22_ms_32.pdf,Question Banks/Cambridge Curricula/Cambridge AS and A Level/Business Studies (9609)/A Level/2022/March (Variant 2)/9609_m22_ms_32.pdf,280678,
2026-08-31T17:54:36Z,20260831-195024-623,ok,http,https://pastpapers.co/caie/a-level/business-9609/2022-feb-march/9609_m22_qp_32.pdf,Question Banks/Cambridge Curricula/Cambridge AS and A Level/Business Studies (9609)/A Level/2022/March (Variant 2)/9609_m22_qp_32.pdf,964117,
2026-08-31T17:54:40Z,20260831-195024-623,ok,http,https://pastpapers.co/caie/a-level/business-9609/2022-may-june/9609_s22_er.pdf,Question Banks/Cambridge Curricula/Cambridge AS and A Level/Business Studies (9609)/Examiner Reports/2022/9609_s22_er.pdf,3486393,
2026-08-31T17:54:43Z,20260831-195024-623,ok,http,https://pastpapers.co/caie/a-level/business-9609/2022-may-june/9609_s22_gt.pdf,Question Banks/Cambridge Curricula/Cambridge AS and A Level/Business Studies (9609)/Grade Thresholds/2022/9609_s22_gt.pdf,143421,
2026-08-31T17:54:43Z,20260831-195024-623,skip_exists,http,https://pastpapers.co/caie/a-level/business-9609/2022-may-june/9609_s22_ms_11.pdf,Question Banks/Cambridge Curricula/Cambridge AS and A Level/Business Studies (9609)/AS Level/2022/May-June (Variant 1)/9609_s22_ms_11.pdf,281454,
2026-08-31T17:54:43Z,20260831-195024-623,skip_exists,http,https://pastpapers.co/caie/a-level/business-9609/2022-may-june/9609_s22_ms_12.pdf,Question Banks/Cambridge Curricula/Cambridge AS and A Level/Business Studies (9609)/AS Level/2022/May-June (Variant 2)/9609_s22_ms_12.pdf,284390,
2026-08-31T17:54:46Z,20260831-195024-623,ok,http,https://pastpapers.co/caie/a-level/business-9609/2022-may-june/9609_s22_in_31.pdf,Question Banks/Cambridge Curricula/Cambridge AS and A Level/Business Studies (9609)/A Level/2022/May-June (Variant 1)/9609_s22_in_31.pdf,918827,
2026-08-31T17:54:50Z,20260831-195024-623,ok,http,https://pastpapers.co/caie/a-level/business-9609/2022-may-june/9609_s22_in_32.pdf,Question Banks/Cambridge Curricula/Cambridge AS and A Level/Business Studies (9609)/A Level/2022/May-June (Variant 2)/9609_s22_in_32.pdf,919950,
2026-08-31T17:54:53Z,20260831-195024-623,ok,http,https://pastpapers.co/caie/a-level/business-9609/2022-may-june/9609_s22_in_33.pdf,Question Banks/Cambridge Curricula/Cambridge AS and A Level/Business Studies (9609)/A Level/2022/May-June (Variant 3)/9609_s22_in_33.pdf,918194,
2026-08-31T17:54:53Z,20260831-195024-623,skip_exists,http,https://pastpapers.co/caie/a-level/business-9609/2022-may-june/9609_s22_ms_13.pdf,Question Banks/Cambridge Curricula/Cambridge AS and A Level/Business Studies (9609)/AS Level/2022/May-June (Variant 3)/9609_s22_ms_13.pdf,263065,
2026-08-31T17:54:53Z,20260831-195024-623,skip_exists,http,https://pastpapers.co/caie/a-level/business-9609/2022-may-june/9609_s22_ms_21.pdf,Question Banks/Cambridge Curricula/Cambridge AS and A Level/Business Studies (9609)/AS Level/2022/May-June (Variant 1)/9609_s22_ms_21.pdf,307946,
2026-08-31T17:54:53Z,20260831-195024-623,skip_exists,http,https://pastpapers.co/caie/a-level/business-9609/2022-may-june/9609_s22_ms_22.pdf,Question Banks/Cambridge Curricula/Cambridge AS and A Level/Business Studies (9609)/AS Level/2022/May-June (Variant 2)/9609_s22_ms_22.pdf,311107,
2026-08-31T17:54:53Z,20260831-195024-623,skip_exists,http,https://pastpapers.co/caie/a-level/business-9609/2022-may-june/9609_s22_ms_23.pdf,Question Banks/Cambridge Curricula/Cambridge AS and A Level/Business Studies (9609)/AS Level/2022/May-June (Variant 3)/9609_s22_ms_23.pdf,257159,
2026-08-31T17:54:55Z,20260831-195024-623,skip_exists,http,https://pastpapers.co/caie/a-level/business-9609/2022-may-june/9609_s22_qp_11.pdf,Question Banks/Cambridge Curricula/Cambridge AS and A Level/Business Studies (9609)/AS Level/2022/May-June (Variant 1)/9609_s22_qp_11.pdf,883589,
2026-08-31T17:54:55Z,20260831-195024-623,skip_exists,http,https://pastpapers.co/caie/a-level/business-9609/2022-may-june/9609_s22_qp_12.pdf,Question Banks/Cambridge Curricula/Cambridge AS and A Level/Business Studies (9609)/AS Level/2022/May-June (Variant 2)/9609_s22_qp_12.pdf,909354,
2026-08-31T17:54:55Z,20260831-195024-623,skip_exists,http,https://pastpapers.co/caie/a-level/business-9609/2022-may-june/9609_s22_qp_13.pdf,Question Banks/Cambridge Curricula/Cambridge AS and A Level/Business Studies (9609)/AS Level/2022/May-June (Variant 3)/9609_s22_qp_13.pdf,909315,
2026-08-31T17:54:55Z,20260831-195024-623,skip_exists,http,https://pastpapers.co/caie/a-level/business-9609/2022-may-june/9609_s22_qp_21.pdf,Question Banks/Cambridge Curricula/Cambridge AS and A Level/Business Studies (9609)/AS Level/2022/May-June (Variant 1)/9609_s22_qp_21.pdf,938130,
2026-08-31T17:54:55Z,20260831-195024-623,skip_exists,http,https://pastpapers.co/caie/a-level/business-9609/2022-may-june/9609_s22_qp_22.pdf,Question Banks/Cambridge Curricula/Cambridge AS and A Level/Business Studies (9609)/AS Level/2022/May-June (Variant 2)/9609_s22_qp_22.pdf,1811195,
2026-08-31T17:54:58Z,20260831-195024-623,ok,http,https://pastpapers.co/caie/a-level/business-9609/2022-may-june/9609_s22_ms_31.pdf,Question Banks/Cambridge Curricula/Cambridge AS and A Level/Business Studies (9609)/A Level/2022/May-June (Variant 1)/9609_s22_ms_31.pdf,316810,
2026-08-31T17:55:01Z,20260831-195024-623,ok,http,https://pastpapers.co/caie/a-level/business-9609/2022-may-june/9609_s22_ms_32.pdf,Question Banks/Cambridge Curricula/Cambridge AS and A Level/Business Studies (9609)/A Level/2022/May-June (Variant 2)/9609_s22_ms_32.pdf,304317,
2026-08-31T17:55:04Z,20260831-195024-623,ok,http,https://pastpapers.co/caie/a-level/business-9609/2022-may-june/9609_s22_ms_33.pdf,Question Banks/Cambridge Curricula/Cambridge AS and A Level/Business Studies (9609)/A Level/2022/May-June (Variant 3)/9609_s22_ms_33.pdf,300115,
2026-08-31T17:55:04Z,20260831-195024-623,skip_exists,http,https://pastpapers.co/caie/a-level/business-9609/2022-may-june/9609_s22_qp_23.pdf,Question Banks/Cambridge Curricula/Cambridge AS and A Level/Business Studies (9609)/AS Level/2022/May-June (Variant 3)/9609_s22_qp_23.pdf,898536,
2026-08-31T17:55:15Z,20260831-195024-623,ok,http,https://pastpapers.co/caie/a-level/business-9609/2022-may-june/9609_s22_qp_31.pdf,Question Banks/Cambridge Curricula/Cambridge AS and A Level/Business Studies (9609)/A Level/2022/May-June (Variant 1)/9609_s22_qp_31.pdf,914957,
2026-08-31T17:55:19Z,20260831-195024-623,ok,http,https://pastpapers.co/caie/a-level/business-9609/2022-may-june/9609_s22_qp_32.pdf,Question Banks/Cambridge Curricula/Cambridge AS and A Level/Business Studies (9609)/A Level/2022/May-June (Variant 2)/9609_s22_qp_32.pdf,916195,
2026-08-31T17:55:22Z,20260831-195024-623,ok,http,https://pastpapers.co/caie/a-level/business-9609/2022-may-june/9609_s22_qp_33.pdf,Question Banks/Cambridge Curricula/Cambridge AS and A Level/Business Studies (9609)/A Level/2022/May-June (Variant 3)/9609_s22_qp_33.pdf,915092,
2026-08-31T17:55:26Z,20260831-195024-623,ok,http,https://pastpapers.co/caie/a-level/business-9609/2022-oct-nov/9609_w22_er.pdf,Question Banks/Cambridge Curricula/Cambridge AS and A Level/Business Studies (9609)/Examiner Reports/2022/9609_w22_er.pdf,3585270,
2026-08-31T17:55:29Z,20260831-195024-623,ok,http,https://pastpapers.co/caie/a-level/business-9609/2022-oct-nov/9609_w22_gt.pdf,Question Banks/Cambridge Curricula/Cambridge AS and A Level/Business Studies (9609)/Grade Thresholds/2022/9609_w22_gt.pdf,145221,
2026-08-31T17:55:32Z,20260831-195024-623,ok,http,https://pastpapers.co/caie/a-level/business-9609/2022-oct-nov/9609_w22_in_31.pdf,Question Banks/Cambridge Curricula/Cambridge AS and A Level/Business Studies (9609)/A Level/2022/Oct-Nov (Variant 1)/9609_w22_in_31.pdf,967260,
2026-08-31T17:55:35Z,20260831-195024-623,ok,http,https://pastpapers.co/caie/a-level/business-9609/2022-oct-nov/9609_w22_in_32.pdf,Question Banks/Cambridge Curricula/Cambridge AS and A Level/Business Studies (9609)/A Level/2022/Oct-Nov (Variant 2)/9609_w22_in_32.pdf,949055,
2026-08-31T17:55:39Z,20260831-195024-623,ok,http,https://pastpapers.co/caie/a-level/business-9609/2022-oct-nov/9609_w22_in_33.pdf,Question Banks/Cambridge Curricula/Cambridge AS and A Level/Business Studies (9609)/A Level/2022/Oct-Nov (Variant 3)/9609_w22_in_33.pdf,914753,
2026-08-31T17:55:39Z,20260831-195024-623,skip_exists,http,https://pastpapers.co/caie/a-level/business-9609/2022-oct-nov/9609_w22_ms_11.pdf,Question Banks/Cambridge Curricula/Cambridge AS and A Level/Business Studies (9609)/AS Level/2022/Oct-Nov (Variant 1)/9609_w22_ms_11.pdf,338577,
2026-08-31T17:55:39Z,20260831-195024-623,skip_exists,http,https://pastpapers.co/caie/a-level/business-9609/2022-oct-nov/9609_w22_ms_12.pdf,Question Banks/Cambridge Curricula/Cambridge AS and A Level/Business Studies (9609)/AS Level/2022/Oct-Nov (Variant 2)/9609_w22_ms_12.pdf,332773,
2026-08-31T17:55:39Z,20260831-195024-623,skip_exists,http,https://pastpapers.co/caie/a-level/business-9609/2022-oct-nov/9609_w22_ms_13.pdf,Question Banks/Cambridge Curricula/Cambridge AS and A Level/Business Studies (9609)/AS Level/2022/Oct-Nov (Variant 3)/9609_w22_ms_13.pdf,335364,
2026-08-31T17:55:39Z,20260831-195024-623,skip_exists,http,https://pastpapers.co/caie/a-level/business-9609/2022-oct-nov/9609_w22_ms_21.pdf,Question Banks/Cambridge Curricula/Cambridge AS and A Level/Business Studies (9609)/AS Level/2022/Oct-Nov (Variant 1)/9609_w22_ms_21.pdf,326240,
2026-08-31T17:55:39Z,20260831-195024-623,skip_exists,http,https://pastpapers.co/caie/a-level/business-9609/2022-oct-nov/9609_w22_ms_22.pdf,Question Banks/Cambridge Curricula/Cambridge AS and A Level/Business Studies (9609)/AS Level/2022/Oct-Nov (Variant 2)/9609_w22_ms_22.pdf,345713,
2026-08-31T17:55:39Z,20260831-195024-623,skip_exists,http,https://pastpapers.co/caie/a-level/business-9609/2022-oct-nov/9609_w22_ms_23.pdf,Question Banks/Cambridge Curricula/Cambridge AS and A Level/Business Studies (9609)/AS Level/2022/Oct-Nov (Variant 3)/9609_w22_ms_23.pdf,356115,
2026-08-31T17:55:42Z,20260831-195024-623,skip_exists,http,https://pastpapers.co/caie/a-level/business-9609/2022-oct-nov/9609_w22_qp_11.pdf,Question Banks/Cambridge Curricula/Cambridge AS and A Level/Business Studies (9609)/AS Level/2022/Oct-Nov (Variant 1)/9609_w22_qp_11.pdf,909854,
2026-08-31T17:55:42Z,20260831-195024-623,skip_exists,http,https://pastpapers.co/caie/a-level/business-9609/2022-oct-nov/9609_w22_qp_12.pdf,Question Banks/Cambridge Curricula/Cambridge AS and A Level/Business Studies (9609)/AS Level/2022/Oct-Nov (Variant 2)/9609_w22_qp_12.pdf,922765,
2026-08-31T17:55:42Z,20260831-195024-623,skip_exists,http,https://pastpapers.co/caie/a-level/business-9609/2022-oct-nov/9609_w22_qp_13.pdf,Question Banks/Cambridge Curricula/Cambridge AS and A Level/Business Studies (9609)/AS Level/2022/Oct-Nov (Variant 3)/9609_w22_qp_13.pdf,910017,
2026-08-31T17:55:42Z,20260831-195024-623,skip_exists,http,https://pastpapers.co/caie/a-level/business-9609/2022-oct-nov/9609_w22_qp_21.pdf,Question Banks/Cambridge Curricula/Cambridge AS and A Level/Business Studies (9609)/AS Level/2022/Oct-Nov (Variant 1)/9609_w22_qp_21.pdf,927896,
2026-08-31T17:55:42Z,20260831-195024-623,skip_exists,http,https://pastpapers.co/caie/a-level/business-9609/2022-oct-nov/9609_w22_qp_22.pdf,Question Banks/Cambridge Curricula/Cambridge AS and A Level/Business Studies (9609)/AS Level/2022/Oct-Nov (Variant 2)/9609_w22_qp_22.pdf,940025,
2026-08-31T17:55:44Z,20260831-195024-623,ok,http,https://pastpapers.co/caie/a-level/business-9609/2022-oct-nov/9609_w22_ms_31.pdf,Question Banks/Cambridge Curricula/Cambridge AS and A Level/Business Studies (9609)/A Level/2022/Oct-Nov (Variant 1)/9609_w22_ms_31.pdf,415769,
2026-08-31T17:55:47Z,20260831-195024-623,ok,http,https://pastpapers.co/caie/a-level/business-9609/2022-oct-nov/9609_w22_ms_32.pdf,Question Banks/Cambridge Curricula/Cambridge AS and A Level/Business Studies (9609)/A Level/2022/Oct-Nov (Variant 2)/9609_w22_ms_32.pdf,377722,
2026-08-31T17:55:50Z,20260831-195024-623,ok,http,https://pastpapers.co/caie/a-level/business-9609/2022-oct-nov/9609_w22_ms_33.pdf,Question Banks/Cambridge Curricula/Cambridge AS and A Level/Business Studies (9609)/A Level/2022/Oct-Nov (Variant 3)/9609_w22_ms_33.pdf,341532,
2026-08-31T17:55:50Z,20260831-195024-623,skip_exists,http,https://pastpapers.co/caie/a-level/business-9609/2022-oct-nov/9609_w22_qp_23.pdf,Question Banks/Cambridge Curricula/Cambridge AS and A Level/Business Studies (9609)/AS Level/2022/Oct-Nov (Variant 3)/9609_w22_qp_23.pdf,642862,
2026-08-31T17:55:56Z,20260831-195024-623,skip_exists,http,https://pastpapers.co/caie/a-level/business-9609/2023-march/9609_m23_ms_12.pdf,Question Banks/Cambridge Curricula/Cambridge AS and A Level/Business Studies (9609)/AS Level/2023/March (Variant 2)/9609_m23_ms_12.pdf,363830,
2026-08-31T17:55:56Z,20260831-195024-623,skip_exists,http,https://pastpapers.co/caie/a-level/business-9609/2023-march/9609_m23_ms_22.pdf,Question Banks/Cambridge Curricula/Cambridge AS and A Level/Business Studies (9609)/AS Level/2023/March (Variant 2)/9609_m23_ms_22.pdf,393808,
2026-08-31T17:56:00Z,20260831-195024-623,ok,http,https://pastpapers.co/caie/a-level/business-9609/2022-oct-nov/9609_w22_qp_31.pdf,Question Banks/Cambridge Curricula/Cambridge AS and A Level/Business Studies (9609)/A Level/2022/Oct-Nov (Variant 1)/9609_w22_qp_31.pdf,961603,
2026-08-31T17:56:03Z,20260831-195024-623,ok,http,https://pastpapers.co/caie/a-level/business-9609/2022-oct-nov/9609_w22_qp_32.pdf,Question Banks/Cambridge Curricula/Cambridge AS and A Level/Business Studies (9609)/A Level/2022/Oct-Nov (Variant 2)/9609_w22_qp_32.pdf,953799,
2026-08-31T17:56:09Z,20260831-195024-623,ok,http,https://pastpapers.co/caie/a-level/business-9609/2022-oct-nov/9609_w22_qp_33.pdf,Question Banks/Cambridge Curricula/Cambridge AS and A Level/Business Studies (9609)/A Level/2022/Oct-Nov (Variant 3)/9609_w22_qp_33.pdf,915391,
2026-08-31T17:56:12Z,20260831-195024-623,ok,http,https://pastpapers.co/caie/a-level/business-9609/2023-march/9609_m23_er.pdf,Question Banks/Cambridge Curricula/Cambridge AS and A Level/Business Studies (9609)/Examiner Reports/2023/9609_m23_er.pdf,1617445,
2026-08-31T17:56:15Z,20260831-195024-623,ok,http,https://pastpapers.co/caie/a-level/business-9609/2023-march/9609_m23_gt.pdf,Question Banks/Cambridge Curricula/Cambridge AS and A Level/Business Studies (9609)/Grade Thresholds/2023/9609_m23_gt.pdf,185319,
2026-08-31T17:56:18Z,20260831-195024-623,ok,http,https://pastpapers.co/caie/a-level/business-9609/2023-march/9609_m23_in_32.pdf,Question Banks/Cambridge Curricula/Cambridge AS and A Level/Business Studies (9609)/A Level/2023/March (Variant 2)/9609_m23_in_32.pdf,643655,
2026-08-31T17:56:23Z,20260831-195024-623,ok,http,https://pastpapers.co/caie/a-level/business-9609/2023-march/9609_m23_ms_42.pdf,Question Banks/Cambridge Curricula/Cambridge AS and A Level/Business Studies (9609)/A Level/2023/March (Variant 2)/9609_m23_ms_42.pdf,390462,
2026-08-31T17:56:23Z,20260831-195024-623,skip_exists,http,https://pastpapers.co/caie/a-level/business-9609/2023-march/9609_m23_qp_22.pdf,Question Banks/Cambridge Curricula/Cambridge AS and A Level/Business Studies (9609)/AS Level/2023/March (Variant 2)/9609_m23_qp_22.pdf,924812,
2026-08-31T17:56:28Z,20260831-195024-623,ok,http,https://pastpapers.co/caie/a-level/business-9609/2023-march/9609_m23_qp_42.pdf,Question Banks/Cambridge Curricula/Cambridge AS and A Level/Business Studies (9609)/A Level/2023/March (Variant 2)/9609_m23_qp_42.pdf,926198,
2026-08-31T17:56:31Z,20260831-195024-623,ok,http,https://pastpapers.co/caie/a-level/business-9609/2023-march/9609_m23_ms_32.pdf,Question Banks/Cambridge Curricula/Cambridge AS and A Level/Business Studies (9609)/A Level/2023/March (Variant 2)/9609_m23_ms_32.pdf,364521,
2026-08-31T17:56:31Z,20260831-195024-623,skip_exists,http,https://pastpapers.co/caie/a-level/business-9609/2023-march/9609_m23_qp_12.pdf,Question Banks/Cambridge Curricula/Cambridge AS and A Level/Business Studies (9609)/AS Level/2023/March (Variant 2)/9609_m23_qp_12.pdf,919590,
2026-08-31T17:56:36Z,20260831-195024-623,ok,http,https://pastpapers.co/caie/a-level/business-9609/2023-march/9609_m23_qp_32.pdf,Question Banks/Cambridge Curricula/Cambridge AS and A Level/Business Studies (9609)/A Level/2023/March (Variant 2)/9609_m23_qp_32.pdf,652232,
2026-08-31T17:56:40Z,20260831-195024-623,ok,http,https://pastpapers.co/caie/a-level/business-9609/2023-may-june/9609_s23_gt.pdf,Question Banks/Cambridge Curricula/Cambridge AS and A Level/Business Studies (9609)/Grade Thresholds/2023/9609_s23_gt.pdf,141709,
2026-08-31T17:56:40Z,20260831-195024-623,skip_exists,http,https://pastpapers.co/caie/a-level/business-9609/2023-may-june/9609_s23_ms_11.pdf,Question Banks/Cambridge Curricula/Cambridge AS and A Level/Business Studies (9609)/AS Level/2023/May-June (Variant 1)/9609_s23_ms_11.pdf,344949,
2026-08-31T17:56:40Z,20260831-195024-623,skip_exists,http,https://pastpapers.co/caie/a-level/business-9609/2023-may-june/9609_s23_ms_12.pdf,Question Banks/Cambridge Curricula/Cambridge AS and A Level/Business Studies (9609)/AS Level/2023/May-June (Variant 2)/9609_s23_ms_12.pdf,355684,
2026-08-31T17:56:43Z,20260831-195024-623,ok,http,https://pastpapers.co/caie/a-level/business-9609/2023-may-june/9609_s23_in_32.pdf,Question Banks/Cambridge Curricula/Cambridge AS and A Level/Business Studies (9609)/A Level/2023/May-June (Variant 2)/9609_s23_in_32.pdf,542971,
2026-08-31T17:56:46Z,20260831-195024-623,ok,http,https://pastpapers.co/caie/a-level/business-9609/2023-may-june/9609_s23_in_31.pdf,Question Banks/Cambridge Curricula/Cambridge AS and A Level/Business Studies (9609)/A Level/2023/May-June (Variant 1)/9609_s23_in_31.pdf,644591,
2026-08-31T17:56:46Z,20260831-195024-623,skip_exists,http,https://pastpapers.co/caie/a-level/business-9609/2023-may-june/9609_s23_ms_13.pdf,Question Banks/Cambridge Curricula/Cambridge AS and A Level/Business Studies (9609)/AS Level/2023/May-June (Variant 3)/9609_s23_ms_13.pdf,315299,
2026-08-31T17:56:50Z,20260831-195024-623,ok,http,https://pastpapers.co/caie/a-level/business-9609/2023-may-june/9609_s23_er.pdf,Question Banks/Cambridge Curricula/Cambridge AS and A Level/Business Studies (9609)/Examiner Reports/2023/9609_s23_er.pdf,4609811,
2026-08-31T17:56:53Z,20260831-195024-623,ok,http,https://pastpapers.co/caie/a-level/business-9609/2023-may-june/9609_s23_in_33.pdf,Question Banks/Cambridge Curricula/Cambridge AS and A Level/Business Studies (9609)/A Level/2023/May-June (Variant 3)/9609_s23_in_33.pdf,642632,
2026-08-31T17:56:53Z,20260831-195024-623,skip_exists,http,https://pastpapers.co/caie/a-level/business-9609/2023-may-june/9609_s23_ms_21.pdf,Question Banks/Cambridge Curricula/Cambridge AS and A Level/Business Studies (9609)/AS Level/2023/May-June (Variant 1)/9609_s23_ms_21.pdf,397581,
2026-08-31T17:56:53Z,20260831-195024-623,skip_exists,http,https://pastpapers.co/caie/a-level/business-9609/2023-may-june/9609_s23_ms_22.pdf,Question Banks/Cambridge Curricula/Cambridge AS and A Level/Business Studies (9609)/AS Level/2023/May-June (Variant 2)/9609_s23_ms_22.pdf,430971,
2026-08-31T17:56:53Z,20260831-195024-623,skip_exists,http,https://pastpapers.co/caie/a-level/business-9609/2023-may-june/9609_s23_ms_23.pdf,Question Banks/Cambridge Curricula/Cambridge AS and A Level/Business Studies (9609)/AS Level/2023/May-June (Variant 3)/9609_s23_ms_23.pdf,414511,
2026-08-31T17:56:56Z,20260831-195024-623,skip_exists,http,https://pastpapers.co/caie/a-level/business-9609/2023-may-june/9609_s23_ms_43.pdf,Question Banks/Cambridge Curricula/Cambridge AS and A Level/Business Studies (9609)/A Level/2023/May-June (Variant 3)/9609_s23_ms_43.pdf,224527,
2026-08-31T17:56:56Z,20260831-195024-623,skip_exists,http,https://pastpapers.co/caie/a-level/business-9609/2023-may-june/9609_s23_qp_11.pdf,Question Banks/Cambridge Curricula/Cambridge AS and A Level/Business Studies (9609)/AS Level/2023/May-June (Variant 1)/9609_s23_qp_11.pdf,919267,
2026-08-31T17:56:56Z,20260831-195024-623,skip_exists,http,https://pastpapers.co/caie/a-level/business-9609/2023-may-june/9609_s23_qp_12.pdf,Question Banks/Cambridge Curricula/Cambridge AS and A Level/Business Studies (9609)/AS Level/2023/May-June (Variant 2)/9609_s23_qp_12.pdf,640079,
2026-08-31T17:56:59Z,20260831-195024-623,ok,http,https://pastpapers.co/caie/a-level/business-9609/2023-may-june/9609_s23_ms_31.pdf,Question Banks/Cambridge Curricula/Cambridge AS and A Level/Business Studies (9609)/A Level/2023/May-June (Variant 1)/9609_s23_ms_31.pdf,327886,
2026-08-31T17:57:02Z,20260831-195024-623,ok,http,https://pastpapers.co/caie/a-level/business-9609/2023-may-june/9609_s23_ms_32.pdf,Question Banks/Cambridge Curricula/Cambridge AS and A Level/Business Studies (9609)/A Level/2023/May-June (Variant 2)/9609_s23_ms_32.pdf,317421,
2026-08-31T17:57:05Z,20260831-195024-623,ok,http,https://pastpapers.co/caie/a-level/business-9609/2023-may-june/9609_s23_ms_33.pdf,Question Banks/Cambridge Curricula/Cambridge AS and A Level/Business Studies (9609)/A Level/2023/May-June (Variant 3)/9609_s23_ms_33.pdf,325061,
2026-08-31T17:57:07Z,20260831-195024-623,ok,http,https://pastpapers.co/caie/a-level/business-9609/2023-may-june/9609_s23_ms_41.pdf,Question Banks/Cambridge Curricula/Cambridge AS and A Level/Business Studies (9609)/A Level/2023/May-June (Variant 1)/9609_s23_ms_41.pdf,287704,
2026-08-31T17:57:10Z,20260831-195024-623,ok,http,https://pastpapers.co/caie/a-level/business-9609/2023-may-june/9609_s23_ms_42.pdf,Question Banks/Cambridge Curricula/Cambridge AS and A Level/Business Studies (9609)/A Level/2023/May-June (Variant 2)/9609_s23_ms_42.pdf,279250,
2026-08-31T17:57:10Z,20260831-195024-623,skip_exists,http,https://pastpapers.co/caie/a-level/business-9609/2023-may-june/9609_s23_qp_13.pdf,Question Banks/Cambridge Curricula/Cambridge AS and A Level/Business Studies (9609)/AS Level/2023/May-June (Variant 3)/9609_s23_qp_13.pdf,919634,
2026-08-31T17:57:10Z,20260831-195024-623,skip_exists,http,https://pastpapers.co/caie/a-level/business-9609/2023-may-june/9609_s23_qp_21.pdf,Question Banks/Cambridge Curricula/Cambridge AS and A Level/Business Studies (9609)/AS Level/2023/May-June (Variant 1)/9609_s23_qp_21.pdf,644687,
2026-08-31T17:57:10Z,20260831-195024-623,skip_exists,http,https://pastpapers.co/caie/a-level/business-9609/2023-may-june/9609_s23_qp_22.pdf,Question Banks/Cambridge Curricula/Cambridge AS and A Level/Business Studies (9609)/AS Level/2023/May-June (Variant 2)/9609_s23_qp_22.pdf,689068,
2026-08-31T17:57:10Z,20260831-195024-623,skip_exists,http,https://pastpapers.co/caie/a-level/business-9609/2023-may-june/9609_s23_qp_23.pdf,Question Banks/Cambridge Curricula/Cambridge AS and A Level/Business Studies (9609)/AS Level/2023/May-June (Variant 3)/9609_s23_qp_23.pdf,657752,
2026-08-31T17:57:18Z,20260831-195024-623,ok,http,https://pastpapers.co/caie/a-level/business-9609/2023-may-june/9609_s23_qp_31.pdf,Question Banks/Cambridge Curricula/Cambridge AS and A Level/Business Studies (9609)/A Level/2023/May-June (Variant 1)/9609_s23_qp_31.pdf,652460,
2026-08-31T17:57:21Z,20260831-195024-623,ok,http,https://pastpapers.co/caie/a-level/business-9609/2023-may-june/9609_s23_qp_32.pdf,Question Banks/Cambridge Curricula/Cambridge AS and A Level/Business Studies (9609)/A Level/2023/May-June (Variant 2)/9609_s23_qp_32.pdf,551043,
2026-08-31T17:57:24Z,20260831-195024-623,ok,http,https://pastpapers.co/caie/a-level/business-9609/2023-may-june/9609_s23_qp_33.pdf,Question Banks/Cambridge Curricula/Cambridge AS and A Level/Business Studies (9609)/A Level/2023/May-June (Variant 3)/9609_s23_qp_33.pdf,652400,
2026-08-31T17:57:27Z,20260831-195024-623,ok,http,https://pastpapers.co/caie/a-level/business-9609/2023-may-june/9609_s23_qp_41.pdf,Question Banks/Cambridge Curricula/Cambridge AS and A Level/Business Studies (9609)/A Level/2023/May-June (Variant 1)/9609_s23_qp_41.pdf,632763,
2026-08-31T17:57:30Z,20260831-195024-623,ok,http,https://pastpapers.co/caie/a-level/business-9609/2023-may-june/9609_s23_qp_42.pdf,Question Banks/Cambridge Curricula/Cambridge AS and A Level/Business Studies (9609)/A Level/2023/May-June (Variant 2)/9609_s23_qp_42.pdf,1300255,
2026-08-31T17:57:33Z,20260831-195024-623,ok,http,https://pastpapers.co/caie/a-level/business-9609/2023-may-june/9609_s23_qp_43.pdf,Question Banks/Cambridge Curricula/Cambridge AS and A Level/Business Studies (9609)/A Level/2023/May-June (Variant 3)/9609_s23_qp_43.pdf,911944,
2026-08-31T17:57:35Z,20260831-195024-623,ok,http,https://pastpapers.co/caie/a-level/business-9609/2023-oct-nov/9609_w23_gt.pdf,Question Banks/Cambridge Curricula/Cambridge AS and A Level/Business Studies (9609)/Grade Thresholds/2023/9609_w23_gt.pdf,144217,
2026-08-31T17:57:39Z,20260831-195024-623,ok,http,https://pastpapers.co/caie/a-level/business-9609/2023-oct-nov/9609_w23_in_31.pdf,Question Banks/Cambridge Curricula/Cambridge AS and A Level/Business Studies (9609)/A Level/2023/Oct-Nov (Variant 1)/9609_w23_in_31.pdf,937182,
2026-08-31T17:57:41Z,20260831-195024-623,skip_exists,http,https://pastpapers.co/caie/a-level/business-9609/2023-oct-nov/9609_w23_ms_11.pdf,Question Banks/Cambridge Curricula/Cambridge AS and A Level/Business Studies (9609)/AS Level/2023/Oct-Nov (Variant 1)/9609_w23_ms_11.pdf,382367,
2026-08-31T17:57:41Z,20260831-195024-623,skip_exists,http,https://pastpapers.co/caie/a-level/business-9609/2023-oct-nov/9609_w23_ms_12.pdf,Question Banks/Cambridge Curricula/Cambridge AS and A Level/Business Studies (9609)/AS Level/2023/Oct-Nov (Variant 2)/9609_w23_ms_12.pdf,334433,
2026-08-31T17:57:41Z,20260831-195024-623,skip_exists,http,https://pastpapers.co/caie/a-level/business-9609/2023-oct-nov/9609_w23_ms_13.pdf,Question Banks/Cambridge Curricula/Cambridge AS and A Level/Business Studies (9609)/AS Level/2023/Oct-Nov (Variant 3)/9609_w23_ms_13.pdf,334868,
2026-08-31T17:57:41Z,20260831-195024-623,skip_exists,http,https://pastpapers.co/caie/a-level/business-9609/2023-oct-nov/9609_w23_ms_21.pdf,Question Banks/Cambridge Curricula/Cambridge AS and A Level/Business Studies (9609)/AS Level/2023/Oct-Nov (Variant 1)/9609_w23_ms_21.pdf,492276,
2026-08-31T17:57:41Z,20260831-195024-623,skip_exists,http,https://pastpapers.co/caie/a-level/business-9609/2023-oct-nov/9609_w23_ms_22.pdf,Question Banks/Cambridge Curricula/Cambridge AS and A Level/Business Studies (9609)/AS Level/2023/Oct-Nov (Variant 2)/9609_w23_ms_22.pdf,532202,
2026-08-31T17:57:41Z,20260831-195024-623,skip_exists,http,https://pastpapers.co/caie/a-level/business-9609/2023-oct-nov/9609_w23_ms_23.pdf,Question Banks/Cambridge Curricula/Cambridge AS and A Level/Business Studies (9609)/AS Level/2023/Oct-Nov (Variant 3)/9609_w23_ms_23.pdf,456452,
2026-08-31T17:57:44Z,20260831-195024-623,ok,http,https://pastpapers.co/caie/a-level/business-9609/2023-oct-nov/9609_w23_in_32.pdf,Question Banks/Cambridge Curricula/Cambridge AS and A Level/Business Studies (9609)/A Level/2023/Oct-Nov (Variant 2)/9609_w23_in_32.pdf,658114,
2026-08-31T17:57:47Z,20260831-195024-623,ok,http,https://pastpapers.co/caie/a-level/business-9609/2023-oct-nov/9609_w23_in_33.pdf,Question Banks/Cambridge Curricula/Cambridge AS and A Level/Business Studies (9609)/A Level/2023/Oct-Nov (Variant 3)/9609_w23_in_33.pdf,643487,
2026-08-31T17:57:53Z,20260831-195024-623,skip_exists,http,https://pastpapers.co/caie/a-level/business-9609/2023-oct-nov/9609_w23_qp_11.pdf,Question Banks/Cambridge Curricula/Cambridge AS and A Level/Business Studies (9609)/AS Level/2023/Oct-Nov (Variant 1)/9609_w23_qp_11.pdf,639934,
2026-08-31T17:57:53Z,20260831-195024-623,skip_exists,http,https://pastpapers.co/caie/a-level/business-9609/2023-oct-nov/9609_w23_qp_12.pdf,Question Banks/Cambridge Curricula/Cambridge AS and A Level/Business Studies (9609)/AS Level/2023/Oct-Nov (Variant 2)/9609_w23_qp_12.pdf,639589,
2026-08-31T17:57:56Z,20260831-195024-623,ok,http,https://pastpapers.co/caie/a-level/business-9609/2023-oct-nov/9609_w23_ms_31.pdf,Question Banks/Cambridge Curricula/Cambridge AS and A Level/Business Studies (9609)/A Level/2023/Oct-Nov (Variant 1)/9609_w23_ms_31.pdf,367930,
2026-08-31T17:57:59Z,20260831-195024-623,ok,http,https://pastpapers.co/caie/a-level/business-9609/2023-oct-nov/9609_w23_ms_32.pdf,Question Banks/Cambridge Curricula/Cambridge AS and A Level/Business Studies (9609)/A Level/2023/Oct-Nov (Variant 2)/9609_w23_ms_32.pdf,398221,
2026-08-31T17:58:02Z,20260831-195024-623,ok,http,https://pastpapers.co/caie/a-level/business-9609/2023-oct-nov/9609_w23_ms_33.pdf,Question Banks/Cambridge Curricula/Cambridge AS and A Level/Business Studies (9609)/A Level/2023/Oct-Nov (Variant 3)/9609_w23_ms_33.pdf,382144,
2026-08-31T17:58:05Z,20260831-195024-623,ok,http,https://pastpapers.co/caie/a-level/business-9609/2023-oct-nov/9609_w23_ms_41.pdf,Question Banks/Cambridge Curricula/Cambridge AS and A Level/Business Studies (9609)/A Level/2023/Oct-Nov (Variant 1)/9609_w23_ms_41.pdf,244991,
2026-08-31T17:58:08Z,20260831-195024-623,ok,http,https://pastpapers.co/caie/a-level/business-9609/2023-oct-nov/9609_w23_ms_42.pdf,Question Banks/Cambridge Curricula/Cambridge AS and A Level/Business Studies (9609)/A Level/2023/Oct-Nov (Variant 2)/9609_w23_ms_42.pdf,293354,
2026-08-31T17:58:11Z,20260831-195024-623,ok,http,https://pastpapers.co/caie/a-level/business-9609/2023-oct-nov/9609_w23_ms_43.pdf,Question Banks/Cambridge Curricula/Cambridge AS and A Level/Business Studies (9609)/A Level/2023/Oct-Nov (Variant 3)/9609_w23_ms_43.pdf,322773,
2026-08-31T17:58:11Z,20260831-195024-623,skip_exists,http,https://pastpapers.co/caie/a-level/business-9609/2023-oct-nov/9609_w23_qp_13.pdf,Question Banks/Cambridge Curricula/Cambridge AS and A Level/Business Studies (9609)/AS Level/2023/Oct-Nov (Variant 3)/9609_w23_qp_13.pdf,919116,
2026-08-31T17:58:11Z,20260831-195024-623,skip_exists,http,https://pastpapers.co/caie/a-level/business-9609/2023-oct-nov/9609_w23_qp_21.pdf,Question Banks/Cambridge Curricula/Cambridge AS and A Level/Business Studies (9609)/AS Level/2023/Oct-Nov (Variant 1)/9609_w23_qp_21.pdf,659419,
2026-08-31T17:58:11Z,20260831-195024-623,skip_exists,http,https://pastpapers.co/caie/a-level/business-9609/2023-oct-nov/9609_w23_qp_22.pdf,Question Banks/Cambridge Curricula/Cambridge AS and A Level/Business Studies (9609)/AS Level/2023/Oct-Nov (Variant 2)/9609_w23_qp_22.pdf,924446,
2026-08-31T17:58:11Z,20260831-195024-623,skip_exists,http,https://pastpapers.co/caie/a-level/business-9609/2023-oct-nov/9609_w23_qp_23.pdf,Question Banks/Cambridge Curricula/Cambridge AS and A Level/Business Studies (9609)/AS Level/2023/Oct-Nov (Variant 3)/9609_w23_qp_23.pdf,670051,
2026-08-31T17:58:16Z,20260831-195024-623,ok,http,https://pastpapers.co/caie/a-level/business-9609/2023-oct-nov/9609_w23_qp_32.pdf,Question Banks/Cambridge Curricula/Cambridge AS and A Level/Business Studies (9609)/A Level/2023/Oct-Nov (Variant 2)/9609_w23_qp_32.pdf,652343,
2026-08-31T17:58:25Z,20260831-195024-623,ok,http,https://pastpapers.co/caie/a-level/business-9609/2023-oct-nov/9609_w23_qp_31.pdf,Question Banks/Cambridge Curricula/Cambridge AS and A Level/Business Studies (9609)/A Level/2023/Oct-Nov (Variant 1)/9609_w23_qp_31.pdf,651932,
2026-08-31T17:58:26Z,20260831-195024-623,skip_exists,http,https://pastpapers.co/caie/a-level/business-9609/2024-march/9609_m24_ms_12.pdf,Question Banks/Cambridge Curricula/Cambridge AS and A Level/Business Studies (9609)/AS Level/2024/March (Variant 2)/9609_m24_ms_12.pdf,345320,
2026-08-31T17:58:30Z,20260831-195024-623,ok,http,https://pastpapers.co/caie/a-level/business-9609/2023-oct-nov/9609_w23_qp_41.pdf,Question Banks/Cambridge Curricula/Cambridge AS and A Level/Business Studies (9609)/A Level/2023/Oct-Nov (Variant 1)/9609_w23_qp_41.pdf,631940,
2026-08-31T17:58:33Z,20260831-195024-623,ok,http,https://pastpapers.co/caie/a-level/business-9609/2023-oct-nov/9609_w23_qp_42.pdf,Question Banks/Cambridge Curricula/Cambridge AS and A Level/Business Studies (9609)/A Level/2023/Oct-Nov (Variant 2)/9609_w23_qp_42.pdf,632094,
2026-08-31T17:58:36Z,20260831-195024-623,ok,http,https://pastpapers.co/caie/a-level/business-9609/2023-oct-nov/9609_w23_qp_43.pdf,Question Banks/Cambridge Curricula/Cambridge AS and A Level/Business Studies (9609)/A Level/2023/Oct-Nov (Variant 3)/9609_w23_qp_43.pdf,631353,
2026-08-31T17:58:39Z,20260831-195024-623,ok,http,https://pastpapers.co/caie/a-level/business-9609/2024-march/9609_m24_gt.pdf,Question Banks/Cambridge Curricula/Cambridge AS and A Level/Business Studies (9609)/Grade Thresholds/2024/9609_m24_gt.pdf,117506,
2026-08-31T17:58:42Z,20260831-195024-623,ok,http,https://pastpapers.co/caie/a-level/business-9609/2024-march/9609_m24_in_32.pdf,Question Banks/Cambridge Curricula/Cambridge AS and A Level/Business Studies (9609)/A Level/2024/March (Variant 2)/9609_m24_in_32.pdf,703324,
2026-08-31T17:58:42Z,20260831-195024-623,skip_exists,http,https://pastpapers.co/caie/a-level/business-9609/2024-march/9609_m24_ms_22.pdf,Question Banks/Cambridge Curricula/Cambridge AS and A Level/Business Studies (9609)/AS Level/2024/March (Variant 2)/9609_m24_ms_22.pdf,442547,
2026-08-31T17:58:45Z,20260831-195024-623,ok,http,https://pastpapers.co/caie/a-level/business-9609/2023-oct-nov/9609_w23_qp_33.pdf,Question Banks/Cambridge Curricula/Cambridge AS and A Level/Business Studies (9609)/A Level/2023/Oct-Nov (Variant 3)/9609_w23_qp_33.pdf,651735,
2026-08-31T17:58:47Z,20260831-195024-623,skip_exists,http,https://pastpapers.co/caie/a-level/business-9609/2024-march/9609_m24_qp_12.pdf,Question Banks/Cambridge Curricula/Cambridge AS and A Level/Business Studies (9609)/AS Level/2024/March (Variant 2)/9609_m24_qp_12.pdf,1028533,
2026-08-31T17:58:47Z,20260831-195024-623,skip_exists,http,https://pastpapers.co/caie/a-level/business-9609/2024-march/9609_m24_qp_22.pdf,Question Banks/Cambridge Curricula/Cambridge AS and A Level/Business Studies (9609)/AS Level/2024/March (Variant 2)/9609_m24_qp_22.pdf,683939,
2026-08-31T17:58:54Z,20260831-195024-623,ok,http,https://pastpapers.co/caie/a-level/business-9609/2024-march/9609_m24_ms_32.pdf,Question Banks/Cambridge Curricula/Cambridge AS and A Level/Business Studies (9609)/A Level/2024/March (Variant 2)/9609_m24_ms_32.pdf,362509,
2026-08-31T17:58:58Z,20260831-195024-623,ok,http,https://pastpapers.co/caie/a-level/business-9609/2024-march/9609_m24_ms_42.pdf,Question Banks/Cambridge Curricula/Cambridge AS and A Level/Business Studies (9609)/A Level/2024/March (Variant 2)/9609_m24_ms_42.pdf,256420,
2026-08-31T17:59:03Z,20260831-195024-623,ok,http,https://pastpapers.co/caie/a-level/business-9609/2024-may-june/9609_s24_in_33.pdf,Question Banks/Cambridge Curricula/Cambridge AS and A Level/Business Studies (9609)/A Level/2024/May-June (Variant 3)/9609_s24_in_33.pdf,697046,
2026-08-31T17:59:07Z,20260831-195024-623,ok,http,https://pastpapers.co/caie/a-level/business-9609/2024-march/9609_m24_qp_42.pdf,Question Banks/Cambridge Curricula/Cambridge AS and A Level/Business Studies (9609)/A Level/2024/March (Variant 2)/9609_m24_qp_42.pdf,631577,
2026-08-31T17:59:09Z,20260831-195024-623,ok,http,https://pastpapers.co/caie/a-level/business-9609/2024-may-june/9609_s24_gt.pdf,Question Banks/Cambridge Curricula/Cambridge AS and A Level/Business Studies (9609)/Grade Thresholds/2024/9609_s24_gt.pdf,104240,
2026-08-31T17:59:11Z,20260831-195024-623,ok,http,https://pastpapers.co/caie/a-level/business-9609/2024-may-june/9609_s24_in_31.pdf,Question Banks/Cambridge Curricula/Cambridge AS and A Level/Business Studies (9609)/A Level/2024/May-June (Variant 1)/9609_s24_in_31.pdf,680159,
2026-08-31T17:59:11Z,20260831-195024-623,skip_exists,http,https://pastpapers.co/caie/a-level/business-9609/2024-may-june/9609_s24_ms_11.pdf,Question Banks/Cambridge Curricula/Cambridge AS and A Level/Business Studies (9609)/AS Level/2024/May-June (Variant 1)/9609_s24_ms_11.pdf,246714,
2026-08-31T17:59:11Z,20260831-195024-623,skip_exists,http,https://pastpapers.co/caie/a-level/business-9609/2024-may-june/9609_s24_ms_12.pdf,Question Banks/Cambridge Curricula/Cambridge AS and A Level/Business Studies (9609)/AS Level/2024/May-June (Variant 2)/9609_s24_ms_12.pdf,252705,
2026-08-31T17:59:15Z,20260831-195024-623,ok,http,https://pastpapers.co/caie/a-level/business-9609/2024-may-june/9609_s24_in_32.pdf,Question Banks/Cambridge Curricula/Cambridge AS and A Level/Business Studies (9609)/A Level/2024/May-June (Variant 2)/9609_s24_in_32.pdf,1286193,
2026-08-31T17:59:18Z,20260831-195024-623,ok,http,https://pastpapers.co/caie/a-level/business-9609/2024-march/9609_m24_qp_32.pdf,Question Banks/Cambridge Curricula/Cambridge AS and A Level/Business Studies (9609)/A Level/2024/March (Variant 2)/9609_m24_qp_32.pdf,652104,
2026-08-31T17:59:18Z,20260831-195024-623,skip_exists,http,https://pastpapers.co/caie/a-level/business-9609/2024-may-june/9609_s24_ms_13.pdf,Question Banks/Cambridge Curricula/Cambridge AS and A Level/Business Studies (9609)/AS Level/2024/May-June (Variant 3)/9609_s24_ms_13.pdf,264323,
2026-08-31T17:59:18Z,20260831-195024-623,skip_exists,http,https://pastpapers.co/caie/a-level/business-9609/2024-may-june/9609_s24_ms_21.pdf,Question Banks/Cambridge Curricula/Cambridge AS and A Level/Business Studies (9609)/AS Level/2024/May-June (Variant 1)/9609_s24_ms_21.pdf,293363,
2026-08-31T17:59:18Z,20260831-195024-623,skip_exists,http,https://pastpapers.co/caie/a-level/business-9609/2024-may-june/9609_s24_ms_22.pdf,Question Banks/Cambridge Curricula/Cambridge AS and A Level/Business Studies (9609)/AS Level/2024/May-June (Variant 2)/9609_s24_ms_22.pdf,336990,
2026-08-31T17:59:18Z,20260831-195024-623,skip_exists,http,https://pastpapers.co/caie/a-level/business-9609/2024-may-june/9609_s24_ms_23.pdf,Question Banks/Cambridge Curricula/Cambridge AS and A Level/Business Studies (9609)/AS Level/2024/May-June (Variant 3)/9609_s24_ms_23.pdf,265634,
2026-08-31T17:59:24Z,20260831-195024-623,skip_exists,http,https://pastpapers.co/caie/a-level/business-9609/2024-may-june/9609_s24_qp_11.pdf,Question Banks/Cambridge Curricula/Cambridge AS and A Level/Business Studies (9609)/AS Level/2024/May-June (Variant 1)/9609_s24_qp_11.pdf,695928,
2026-08-31T17:59:24Z,20260831-195024-623,skip_exists,http,https://pastpapers.co/caie/a-level/business-9609/2024-may-june/9609_s24_qp_12.pdf,Question Banks/Cambridge Curricula/Cambridge AS and A Level/Business Studies (9609)/AS Level/2024/May-June (Variant 2)/9609_s24_qp_12.pdf,640334,
2026-08-31T17:59:27Z,20260831-195024-623,ok,http,https://pastpapers.co/caie/a-level/business-9609/2024-may-june/9609_s24_ms_31.pdf,Question Banks/Cambridge Curricula/Cambridge AS and A Level/Business Studies (9609)/A Level/2024/May-June (Variant 1)/9609_s24_ms_31.pdf,260212,
2026-08-31T17:59:29Z,20260831-195024-623,ok,http,https://pastpapers.co/caie/a-level/business-9609/2024-may-june/9609_s24_ms_32.pdf,Question Banks/Cambridge Curricula/Cambridge AS and A Level/Business Studies (9609)/A Level/2024/May-June (Variant 2)/9609_s24_ms_32.pdf,252839,
2026-08-31T17:59:32Z,20260831-195024-623,ok,http,https://pastpapers.co/caie/a-level/business-9609/2024-may-june/9609_s24_ms_33.pdf,Question Banks/Cambridge Curricula/Cambridge AS and A Level/Business Studies (9609)/A Level/2024/May-June (Variant 3)/9609_s24_ms_33.pdf,262616,
2026-08-31T17:59:35Z,20260831-195024-623,ok,http,https://pastpapers.co/caie/a-level/business-9609/2024-may-june/9609_s24_ms_41.pdf,Question Banks/Cambridge Curricula/Cambridge AS and A Level/Business Studies (9609)/A Level/2024/May-June (Variant 1)/9609_s24_ms_41.pdf,174686,
2026-08-31T17:59:40Z,20260831-195024-623,ok,http,https://pastpapers.co/caie/a-level/business-9609/2024-may-june/9609_s24_ms_42.pdf,Question Banks/Cambridge Curricula/Cambridge AS and A Level/Business Studies (9609)/A Level/2024/May-June (Variant 2)/9609_s24_ms_42.pdf,171166,
2026-08-31T17:59:42Z,20260831-195024-623,ok,http,https://pastpapers.co/caie/a-level/business-9609/2024-may-june/9609_s24_ms_43.pdf,Question Banks/Cambridge Curricula/Cambridge AS and A Level/Business Studies (9609)/A Level/2024/May-June (Variant 3)/9609_s24_ms_43.pdf,159053,
2026-08-31T17:59:42Z,20260831-195024-623,skip_exists,http,https://pastpapers.co/caie/a-level/business-9609/2024-may-june/9609_s24_qp_13.pdf,Question Banks/Cambridge Curricula/Cambridge AS and A Level/Business Studies (9609)/AS Level/2024/May-June (Variant 3)/9609_s24_qp_13.pdf,1013613,
2026-08-31T17:59:42Z,20260831-195024-623,skip_exists,http,https://pastpapers.co/caie/a-level/business-9609/2024-may-june/9609_s24_qp_21.pdf,Question Banks/Cambridge Curricula/Cambridge AS and A Level/Business Studies (9609)/AS Level/2024/May-June (Variant 1)/9609_s24_qp_21.pdf,711311,
2026-08-31T17:59:42Z,20260831-195024-623,skip_exists,http,https://pastpapers.co/caie/a-level/business-9609/2024-may-june/9609_s24_qp_22.pdf,Question Banks/Cambridge Curricula/Cambridge AS and A Level/Business Studies (9609)/AS Level/2024/May-June (Variant 2)/9609_s24_qp_22.pdf,730657,
2026-08-31T17:59:42Z,20260831-195024-623,skip_exists,http,https://pastpapers.co/caie/a-level/business-9609/2024-may-june/9609_s24_qp_23.pdf,Question Banks/Cambridge Curricula/Cambridge AS and A Level/Business Studies (9609)/AS Level/2024/May-June (Variant 3)/9609_s24_qp_23.pdf,684592,
2026-08-31T17:59:47Z,20260831-195024-623,ok,http,https://pastpapers.co/caie/a-level/business-9609/2024-may-june/9609_s24_qp_31.pdf,Question Banks/Cambridge Curricula/Cambridge AS and A Level/Business Studies (9609)/A Level/2024/May-June (Variant 1)/9609_s24_qp_31.pdf,722716,
2026-08-31T17:59:47Z,20260831-195024-623,skip_exists,http,https://pastpapers.co/caie/a-level/business-9609/2024-may-june/9609_s24_qp_33.pdf,Question Banks/Cambridge Curricula/Cambridge AS and A Level/Business Studies (9609)/A Level/2024/May-June (Variant 3)/9609_s24_qp_33.pdf,99916,
2026-08-31T17:59:56Z,20260831-195024-623,ok,http,https://pastpapers.co/caie/a-level/business-9609/2024-may-june/9609_s24_qp_32.pdf,Question Banks/Cambridge Curricula/Cambridge AS and A Level/Business Studies (9609)/A Level/2024/May-June (Variant 2)/9609_s24_qp_32.pdf,653132,
2026-08-31T18:00:00Z,20260831-195024-623,ok,http,https://pastpapers.co/caie/a-level/business-9609/2024-oct-nov/9609_w24_in_33.pdf,Question Banks/Cambridge Curricula/Cambridge AS and A Level/Business Studies (9609)/A Level/2024/Oct-Nov (Variant 3)/9609_w24_in_33.pdf,1288938,
2026-08-31T18:00:03Z,20260831-195024-623,ok,http,https://pastpapers.co/caie/a-level/business-9609/2024-may-june/9609_s24_qp_42.pdf,Question Banks/Cambridge Curricula/Cambridge AS and A Level/Business Studies (9609)/A Level/2024/May-June (Variant 2)/9609_s24_qp_42.pdf,696666,
2026-08-31T18:00:06Z,20260831-195024-623,ok,http,https://pastpapers.co/caie/a-level/business-9609/2024-may-june/9609_s24_qp_43.pdf,Question Banks/Cambridge Curricula/Cambridge AS and A Level/Business Studies (9609)/A Level/2024/May-June (Variant 3)/9609_s24_qp_43.pdf,688365,
2026-08-31T18:00:08Z,20260831-195024-623,ok,http,https://pastpapers.co/caie/a-level/business-9609/2024-oct-nov/9609_w24_gt.pdf,Question Banks/Cambridge Curricula/Cambridge AS and A Level/Business Studies (9609)/Grade Thresholds/2024/9609_w24_gt.pdf,150723,
2026-08-31T18:00:11Z,20260831-195024-623,ok,http,https://pastpapers.co/caie/a-level/business-9609/2024-oct-nov/9609_w24_in_31.pdf,Question Banks/Cambridge Curricula/Cambridge AS and A Level/Business Studies (9609)/A Level/2024/Oct-Nov (Variant 1)/9609_w24_in_31.pdf,681626,
2026-08-31T18:00:16Z,20260831-195024-623,ok,http,https://pastpapers.co/caie/a-level/business-9609/2024-oct-nov/9609_w24_in_32.pdf,Question Banks/Cambridge Curricula/Cambridge AS and A Level/Business Studies (9609)/A Level/2024/Oct-Nov (Variant 2)/9609_w24_in_32.pdf,703781,
2026-08-31T18:00:18Z,20260831-195024-623,ok,http,https://pastpapers.co/caie/a-level/business-9609/2024-may-june/9609_s24_qp_41.pdf,Question Banks/Cambridge Curricula/Cambridge AS and A Level/Business Studies (9609)/A Level/2024/May-June (Variant 1)/9609_s24_qp_41.pdf,704744,
2026-08-31T18:00:18Z,20260831-195024-623,skip_exists,http,https://pastpapers.co/caie/a-level/business-9609/2024-oct-nov/9609_w24_ms_12.pdf,Question Banks/Cambridge Curricula/Cambridge AS and A Level/Business Studies (9609)/AS Level/2024/Oct-Nov (Variant 2)/9609_w24_ms_12.pdf,435201,
2026-08-31T18:00:18Z,20260831-195024-623,skip_exists,http,https://pastpapers.co/caie/a-level/business-9609/2024-oct-nov/9609_w24_ms_13.pdf,Question Banks/Cambridge Curricula/Cambridge AS and A Level/Business Studies (9609)/AS Level/2024/Oct-Nov (Variant 3)/9609_w24_ms_13.pdf,363380,
2026-08-31T18:00:18Z,20260831-195024-623,skip_exists,http,https://pastpapers.co/caie/a-level/business-9609/2024-oct-nov/9609_w24_ms_21.pdf,Question Banks/Cambridge Curricula/Cambridge AS and A Level/Business Studies (9609)/AS Level/2024/Oct-Nov (Variant 1)/9609_w24_ms_21.pdf,496810,
2026-08-31T18:00:18Z,20260831-195024-623,skip_exists,http,https://pastpapers.co/caie/a-level/business-9609/2024-oct-nov/9609_w24_ms_22.pdf,Question Banks/Cambridge Curricula/Cambridge AS and A Level/Business Studies (9609)/AS Level/2024/Oct-Nov (Variant 2)/9609_w24_ms_22.pdf,511516,
2026-08-31T18:00:18Z,20260831-195024-623,skip_exists,http,https://pastpapers.co/caie/a-level/business-9609/2024-oct-nov/9609_w24_ms_23.pdf,Question Banks/Cambridge Curricula/Cambridge AS and A Level/Business Studies (9609)/AS Level/2024/Oct-Nov (Variant 3)/9609_w24_ms_23.pdf,480467,
2026-08-31T18:00:18Z,20260831-195024-623,skip_exists,http,https://pastpapers.co/caie/a-level/business-9609/2024-oct-nov/9609_w24_ms_11.pdf,Question Banks/Cambridge Curricula/Cambridge AS and A Level/Business Studies (9609)/AS Level/2024/Oct-Nov (Variant 1)/9609_w24_ms_11.pdf,385181,
2026-08-31T18:00:24Z,20260831-195024-623,skip_exists,http,https://pastpapers.co/caie/a-level/business-9609/2024-oct-nov/9609_w24_qp_11.pdf,Question Banks/Cambridge Curricula/Cambridge AS and A Level/Business Studies (9609)/AS Level/2024/Oct-Nov (Variant 1)/9609_w24_qp_11.pdf,696941,
2026-08-31T18:00:24Z,20260831-195024-623,skip_exists,http,https://pastpapers.co/caie/a-level/business-9609/2024-oct-nov/9609_w24_qp_12.pdf,Question Banks/Cambridge Curricula/Cambridge AS and A Level/Business Studies (9609)/AS Level/2024/Oct-Nov (Variant 2)/9609_w24_qp_12.pdf,1036328,
2026-08-31T18:00:27Z,20260831-195024-623,ok,http,https://pastpapers.co/caie/a-level/business-9609/2024-oct-nov/9609_w24_ms_31.pdf,Question Banks/Cambridge Curricula/Cambridge AS and A Level/Business Studies (9609)/A Level/2024/Oct-Nov (Variant 1)/9609_w24_ms_31.pdf,386274,
2026-08-31T18:00:30Z,20260831-195024-623,ok,http,https://pastpapers.co/caie/a-level/business-9609/2024-oct-nov/9609_w24_ms_33.pdf,Question Banks/Cambridge Curricula/Cambridge AS and A Level/Business Studies (9609)/A Level/2024/Oct-Nov (Variant 3)/9609_w24_ms_33.pdf,369135,
2026-08-31T18:00:33Z,20260831-195024-623,ok,http,https://pastpapers.co/caie/a-level/business-9609/2024-oct-nov/9609_w24_ms_41.pdf,Question Banks/Cambridge Curricula/Cambridge AS and A Level/Business Studies (9609)/A Level/2024/Oct-Nov (Variant 1)/9609_w24_ms_41.pdf,277945,
2026-08-31T18:00:36Z,20260831-195024-623,ok,http,https://pastpapers.co/caie/a-level/business-9609/2024-oct-nov/9609_w24_ms_32.pdf,Question Banks/Cambridge Curricula/Cambridge AS and A Level/Business Studies (9609)/A Level/2024/Oct-Nov (Variant 2)/9609_w24_ms_32.pdf,399932,
2026-08-31T18:00:39Z,20260831-195024-623,ok,http,https://pastpapers.co/caie/a-level/business-9609/2024-oct-nov/9609_w24_ms_42.pdf,Question Banks/Cambridge Curricula/Cambridge AS and A Level/Business Studies (9609)/A Level/2024/Oct-Nov (Variant 2)/9609_w24_ms_42.pdf,294991,
2026-08-31T18:00:41Z,20260831-195024-623,ok,http,https://pastpapers.co/caie/a-level/business-9609/2024-oct-nov/9609_w24_ms_43.pdf,Question Banks/Cambridge Curricula/Cambridge AS and A Level/Business Studies (9609)/A Level/2024/Oct-Nov (Variant 3)/9609_w24_ms_43.pdf,299568,
2026-08-31T18:00:41Z,20260831-195024-623,skip_exists,http,https://pastpapers.co/caie/a-level/business-9609/2024-oct-nov/9609_w24_qp_13.pdf,Question Banks/Cambridge Curricula/Cambridge AS and A Level/Business Studies (9609)/AS Level/2024/Oct-Nov (Variant 3)/9609_w24_qp_13.pdf,1019478,
2026-08-31T18:00:41Z,20260831-195024-623,skip_exists,http,https://pastpapers.co/caie/a-level/business-9609/2024-oct-nov/9609_w24_qp_21.pdf,Question Banks/Cambridge Curricula/Cambridge AS and A Level/Business Studies (9609)/AS Level/2024/Oct-Nov (Variant 1)/9609_w24_qp_21.pdf,704052,
2026-08-31T18:00:41Z,20260831-195024-623,skip_exists,http,https://pastpapers.co/caie/a-level/business-9609/2024-oct-nov/9609_w24_qp_22.pdf,Question Banks/Cambridge Curricula/Cambridge AS and A Level/Business Studies (9609)/AS Level/2024/Oct-Nov (Variant 2)/9609_w24_qp_22.pdf,705124,
2026-08-31T18:00:41Z,20260831-195024-623,skip_exists,http,https://pastpapers.co/caie/a-level/business-9609/2024-oct-nov/9609_w24_qp_23.pdf,Question Banks/Cambridge Curricula/Cambridge AS and A Level/Business Studies (9609)/AS Level/2024/Oct-Nov (Variant 3)/9609_w24_qp_23.pdf,1288383,
2026-08-31T18:00:41Z,20260831-195024-623,skip_exists,http,https://pastpapers.co/caie/a-level/business-9609/2024-oct-nov/9609_w24_qp_31.pdf,Question Banks/Cambridge Curricula/Cambridge AS and A Level/Business Studies (9609)/A Level/2024/Oct-Nov (Variant 1)/9609_w24_qp_31.pdf,86824,
2026-08-31T18:00:41Z,20260831-195024-623,skip_exists,http,https://pastpapers.co/caie/a-level/business-9609/2024-oct-nov/9609_w24_qp_32.pdf,Question Banks/Cambridge Curricula/Cambridge AS and A Level/Business Studies (9609)/A Level/2024/Oct-Nov (Variant 2)/9609_w24_qp_32.pdf,86156,
2026-08-31T18:00:49Z,20260831-195024-623,skip_exists,http,https://pastpapers.co/caie/a-level/business-9609/2025-march/9609_m25_ms_12.pdf,Question Banks/Cambridge Curricula/Cambridge AS and A Level/Business Studies (9609)/AS Level/2025/March (Variant 2)/9609_m25_ms_12.pdf,429150,
2026-08-31T18:00:51Z,20260831-195024-623,ok,http,https://pastpapers.co/caie/a-level/business-9609/2024-oct-nov/9609_w24_qp_33.pdf,Question Banks/Cambridge Curricula/Cambridge AS and A Level/Business Studies (9609)/A Level/2024/Oct-Nov (Variant 3)/9609_w24_qp_33.pdf,87113,
2026-08-31T18:00:54Z,20260831-195024-623,ok,http,https://pastpapers.co/caie/a-level/business-9609/2024-oct-nov/9609_w24_qp_41.pdf,Question Banks/Cambridge Curricula/Cambridge AS and A Level/Business Studies (9609)/A Level/2024/Oct-Nov (Variant 1)/9609_w24_qp_41.pdf,1259994,
2026-08-31T18:00:58Z,20260831-195024-623,ok,http,https://pastpapers.co/caie/a-level/business-9609/2024-oct-nov/9609_w24_qp_42.pdf,Question Banks/Cambridge Curricula/Cambridge AS and A Level/Business Studies (9609)/A Level/2024/Oct-Nov (Variant 2)/9609_w24_qp_42.pdf,1301049,
2026-08-31T18:01:01Z,20260831-195024-623,ok,http,https://pastpapers.co/caie/a-level/business-9609/2024-oct-nov/9609_w24_qp_43.pdf,Question Banks/Cambridge Curricula/Cambridge AS and A Level/Business Studies (9609)/A Level/2024/Oct-Nov (Variant 3)/9609_w24_qp_43.pdf,687349,
2026-08-31T18:01:04Z,20260831-195024-623,ok,http,https://pastpapers.co/caie/a-level/business-9609/2025-march/9609_m25_er.pdf,Question Banks/Cambridge Curricula/Cambridge AS and A Level/Business Studies (9609)/Examiner Reports/2025/9609_m25_er.pdf,399253,
2026-08-31T18:01:07Z,20260831-195024-623,ok,http,https://pastpapers.co/caie/a-level/business-9609/2025-march/9609_m25_gt.pdf,Question Banks/Cambridge Curricula/Cambridge AS and A Level/Business Studies (9609)/Grade Thresholds/2025/9609_m25_gt.pdf,123532,
2026-08-31T18:01:10Z,20260831-195024-623,ok,http,https://pastpapers.co/caie/a-level/business-9609/2025-march/9609_m25_in_32.pdf,Question Banks/Cambridge Curricula/Cambridge AS and A Level/Business Studies (9609)/A Level/2025/March (Variant 2)/9609_m25_in_32.pdf,1383435,
2026-08-31T18:01:10Z,20260831-195024-623,skip_exists,http,https://pastpapers.co/caie/a-level/business-9609/2025-march/9609_m25_ms_22.pdf,Question Banks/Cambridge Curricula/Cambridge AS and A Level/Business Studies (9609)/AS Level/2025/March (Variant 2)/9609_m25_ms_22.pdf,548128,
2026-08-31T18:01:12Z,20260831-195024-623,skip_exists,http,https://pastpapers.co/caie/a-level/business-9609/2025-march/9609_m25_qp_12.pdf,Question Banks/Cambridge Curricula/Cambridge AS and A Level/Business Studies (9609)/AS Level/2025/March (Variant 2)/9609_m25_qp_12.pdf,960455,
2026-08-31T18:01:12Z,20260831-195024-623,skip_exists,http,https://pastpapers.co/caie/a-level/business-9609/2025-march/9609_m25_qp_22.pdf,Question Banks/Cambridge Curricula/Cambridge AS and A Level/Business Studies (9609)/AS Level/2025/March (Variant 2)/9609_m25_qp_22.pdf,966164,
2026-08-31T18:01:19Z,20260831-195024-623,ok,http,https://pastpapers.co/caie/a-level/business-9609/2025-march/9609_m25_ms_32.pdf,Question Banks/Cambridge Curricula/Cambridge AS and A Level/Business Studies (9609)/A Level/2025/March (Variant 2)/9609_m25_ms_32.pdf,391184,
2026-08-31T18:01:21Z,20260831-195024-623,ok,http,https://pastpapers.co/caie/a-level/business-9609/2025-march/9609_m25_ms_42.pdf,Question Banks/Cambridge Curricula/Cambridge AS and A Level/Business Studies (9609)/A Level/2025/March (Variant 2)/9609_m25_ms_42.pdf,287197,
2026-08-31T18:01:26Z,20260831-195024-623,ok,http,https://pastpapers.co/caie/a-level/business-9609/2025-march/9609_m25_qp_32.pdf,Question Banks/Cambridge Curricula/Cambridge AS and A Level/Business Studies (9609)/A Level/2025/March (Variant 2)/9609_m25_qp_32.pdf,90371,
2026-08-31T18:01:29Z,20260831-195024-623,ok,http,https://pastpapers.co/caie/a-level/business-9609/2025-march/9609_m25_qp_42.pdf,Question Banks/Cambridge Curricula/Cambridge AS and A Level/Business Studies (9609)/A Level/2025/March (Variant 2)/9609_m25_qp_42.pdf,1125171,
2026-08-31T18:01:31Z,20260831-195024-623,ok,http,https://pastpapers.co/caie/a-level/business-9609/2025-may-june/9609_s25_gt.pdf,Question Banks/Cambridge Curricula/Cambridge AS and A Level/Business Studies (9609)/Grade Thresholds/2025/9609_s25_gt.pdf,166639,
2026-08-31T18:01:35Z,20260831-195024-623,ok,http,https://pastpapers.co/caie/a-level/business-9609/2025-may-june/9609_s25_in_31.pdf,Question Banks/Cambridge Curricula/Cambridge AS and A Level/Business Studies (9609)/A Level/2025/May-June (Variant 1)/9609_s25_in_31.pdf,1327435,
2026-08-31T18:01:35Z,20260831-195024-623,skip_exists,http,https://pastpapers.co/caie/a-level/business-9609/2025-may-june/9609_s25_ms_11.pdf,Question Banks/Cambridge Curricula/Cambridge AS and A Level/Business Studies (9609)/AS Level/2025/May-June (Variant 1)/9609_s25_ms_11.pdf,439773,
2026-08-31T18:01:35Z,20260831-195024-623,skip_exists,http,https://pastpapers.co/caie/a-level/business-9609/2025-may-june/9609_s25_ms_12.pdf,Question Banks/Cambridge Curricula/Cambridge AS and A Level/Business Studies (9609)/AS Level/2025/May-June (Variant 2)/9609_s25_ms_12.pdf,417659,
2026-08-31T18:01:38Z,20260831-195024-623,ok,http,https://pastpapers.co/caie/a-level/business-9609/2025-may-june/9609_s25_in_32.pdf,Question Banks/Cambridge Curricula/Cambridge AS and A Level/Business Studies (9609)/A Level/2025/May-June (Variant 2)/9609_s25_in_32.pdf,965551,
2026-08-31T18:01:41Z,20260831-195024-623,ok,http,https://pastpapers.co/caie/a-level/business-9609/2025-may-june/9609_s25_in_33.pdf,Question Banks/Cambridge Curricula/Cambridge AS and A Level/Business Studies (9609)/A Level/2025/May-June (Variant 3)/9609_s25_in_33.pdf,1271081,
2026-08-31T18:01:41Z,20260831-195024-623,skip_exists,http,https://pastpapers.co/caie/a-level/business-9609/2025-may-june/9609_s25_ms_13.pdf,Question Banks/Cambridge Curricula/Cambridge AS and A Level/Business Studies (9609)/AS Level/2025/May-June (Variant 3)/9609_s25_ms_13.pdf,440106,
2026-08-31T18:01:41Z,20260831-195024-623,skip_exists,http,https://pastpapers.co/caie/a-level/business-9609/2025-may-june/9609_s25_ms_21.pdf,Question Banks/Cambridge Curricula/Cambridge AS and A Level/Business Studies (9609)/AS Level/2025/May-June (Variant 1)/9609_s25_ms_21.pdf,540015,
2026-08-31T18:01:41Z,20260831-195024-623,skip_exists,http,https://pastpapers.co/caie/a-level/business-9609/2025-may-june/9609_s25_ms_22.pdf,Question Banks/Cambridge Curricula/Cambridge AS and A Level/Business Studies (9609)/AS Level/2025/May-June (Variant 2)/9609_s25_ms_22.pdf,517087,
2026-08-31T18:01:41Z,20260831-195024-623,skip_exists,http,https://pastpapers.co/caie/a-level/business-9609/2025-may-june/9609_s25_ms_23.pdf,Question Banks/Cambridge Curricula/Cambridge AS and A Level/Business Studies (9609)/AS Level/2025/May-June (Variant 3)/9609_s25_ms_23.pdf,467041,
2026-08-31T18:01:48Z,20260831-195024-623,skip_exists,http,https://pastpapers.co/caie/a-level/business-9609/2025-may-june/9609_s25_qp_11.pdf,Question Banks/Cambridge Curricula/Cambridge AS and A Level/Business Studies (9609)/AS Level/2025/May-June (Variant 1)/9609_s25_qp_11.pdf,1021237,
2026-08-31T18:01:48Z,20260831-195024-623,skip_exists,http,https://pastpapers.co/caie/a-level/business-9609/2025-may-june/9609_s25_qp_12.pdf,Question Banks/Cambridge Curricula/Cambridge AS and A Level/Business Studies (9609)/AS Level/2025/May-June (Variant 2)/9609_s25_qp_12.pdf,676866,
2026-08-31T18:01:51Z,20260831-195024-623,ok,http,https://pastpapers.co/caie/a-level/business-9609/2025-may-june/9609_s25_ms_31.pdf,Question Banks/Cambridge Curricula/Cambridge AS and A Level/Business Studies (9609)/A Level/2025/May-June (Variant 1)/9609_s25_ms_31.pdf,390947,
2026-08-31T18:01:54Z,20260831-195024-623,ok,http,https://pastpapers.co/caie/a-level/business-9609/2025-may-june/9609_s25_ms_32.pdf,Question Banks/Cambridge Curricula/Cambridge AS and A Level/Business Studies (9609)/A Level/2025/May-June (Variant 2)/9609_s25_ms_32.pdf,459320,
2026-08-31T18:01:57Z,20260831-195024-623,ok,http,https://pastpapers.co/caie/a-level/business-9609/2025-may-june/9609_s25_ms_33.pdf,Question Banks/Cambridge Curricula/Cambridge AS and A Level/Business Studies (9609)/A Level/2025/May-June (Variant 3)/9609_s25_ms_33.pdf,449534,
2026-08-31T18:02:00Z,20260831-195024-623,ok,http,https://pastpapers.co/caie/a-level/business-9609/2025-may-june/9609_s25_ms_41.pdf,Question Banks/Cambridge Curricula/Cambridge AS and A Level/Business Studies (9609)/A Level/2025/May-June (Variant 1)/9609_s25_ms_41.pdf,392462,
2026-08-31T18:02:02Z,20260831-195024-623,ok,http,https://pastpapers.co/caie/a-level/business-9609/2025-may-june/9609_s25_ms_42.pdf,Question Banks/Cambridge Curricula/Cambridge AS and A Level/Business Studies (9609)/A Level/2025/May-June (Variant 2)/9609_s25_ms_42.pdf,365710,
2026-08-31T18:02:05Z,20260831-195024-623,ok,http,https://pastpapers.co/caie/a-level/business-9609/2025-may-june/9609_s25_ms_43.pdf,Question Banks/Cambridge Curricula/Cambridge AS and A Level/Business Studies (9609)/A Level/2025/May-June (Variant 3)/9609_s25_ms_43.pdf,373594,
2026-08-31T18:02:05Z,20260831-195024-623,skip_exists,http,https://pastpapers.co/caie/a-level/business-9609/2025-may-june/9609_s25_qp_13.pdf,Question Banks/Cambridge Curricula/Cambridge AS and A Level/Business Studies (9609)/AS Level/2025/May-June (Variant 3)/9609_s25_qp_13.pdf,924014,
2026-08-31T18:02:05Z,20260831-195024-623,skip_exists,http,https://pastpapers.co/caie/a-level/business-9609/2025-may-june/9609_s25_qp_21.pdf,Question Banks/Cambridge Curricula/Cambridge AS and A Level/Business Studies (9609)/AS Level/2025/May-June (Variant 1)/9609_s25_qp_21.pdf,991962,
2026-08-31T18:02:05Z,20260831-195024-623,skip_exists,http,https://pastpapers.co/caie/a-level/business-9609/2025-may-june/9609_s25_qp_22.pdf,Question Banks/Cambridge Curricula/Cambridge AS and A Level/Business Studies (9609)/AS Level/2025/May-June (Variant 2)/9609_s25_qp_22.pdf,1250937,
2026-08-31T18:02:05Z,20260831-195024-623,skip_exists,http,https://pastpapers.co/caie/a-level/business-9609/2025-may-june/9609_s25_qp_23.pdf,Question Banks/Cambridge Curricula/Cambridge AS and A Level/Business Studies (9609)/AS Level/2025/May-June (Variant 3)/9609_s25_qp_23.pdf,968535,
2026-08-31T18:02:08Z,20260831-195024-623,ok,http,https://pastpapers.co/caie/a-level/business-9609/2025-may-june/9609_s25_qp_31.pdf,Question Banks/Cambridge Curricula/Cambridge AS and A Level/Business Studies (9609)/A Level/2025/May-June (Variant 1)/9609_s25_qp_31.pdf,89950,
2026-08-31T18:02:13Z,20260831-195024-623,ok,http,https://pastpapers.co/caie/a-level/business-9609/2025-may-june/9609_s25_qp_41.pdf,Question Banks/Cambridge Curricula/Cambridge AS and A Level/Business Studies (9609)/A Level/2025/May-June (Variant 1)/9609_s25_qp_41.pdf,1233674,
2026-08-31T18:02:19Z,20260831-195024-623,ok,http,https://pastpapers.co/caie/a-level/business-9609/2025-may-june/9609_s25_qp_33.pdf,Question Banks/Cambridge Curricula/Cambridge AS and A Level/Business Studies (9609)/A Level/2025/May-June (Variant 3)/9609_s25_qp_33.pdf,89895,
2026-08-31T18:02:25Z,20260831-195024-623,ok,http,https://pastpapers.co/caie/a-level/business-9609/2025-may-june/9609_s25_qp_43.pdf,Question Banks/Cambridge Curricula/Cambridge AS and A Level/Business Studies (9609)/A Level/2025/May-June (Variant 3)/9609_s25_qp_43.pdf,1252586,
2026-08-31T18:02:28Z,20260831-195024-623,ok,http,https://pastpapers.co/caie/a-level/business-9609/2025-oct-nov/9609_w25_gt.pdf,Question Banks/Cambridge Curricula/Cambridge AS and A Level/Business Studies (9609)/Grade Thresholds/2025/9609_w25_gt.pdf,163745,
2026-08-31T18:02:31Z,20260831-195024-623,ok,http,https://pastpapers.co/caie/a-level/business-9609/2025-oct-nov/9609_w25_in_31.pdf,Question Banks/Cambridge Curricula/Cambridge AS and A Level/Business Studies (9609)/A Level/2025/Oct-Nov (Variant 1)/9609_w25_in_31.pdf,965683,
2026-08-31T18:02:33Z,20260831-195024-623,ok,http,https://pastpapers.co/caie/a-level/business-9609/2025-may-june/9609_s25_qp_32.pdf,Question Banks/Cambridge Curricula/Cambridge AS and A Level/Business Studies (9609)/A Level/2025/May-June (Variant 2)/9609_s25_qp_32.pdf,89203,
2026-08-31T18:02:36Z,20260831-195024-623,ok,http,https://pastpapers.co/caie/a-level/business-9609/2025-oct-nov/9609_w25_in_32.pdf,Question Banks/Cambridge Curricula/Cambridge AS and A Level/Business Studies (9609)/A Level/2025/Oct-Nov (Variant 2)/9609_w25_in_32.pdf,948863,
2026-08-31T18:02:36Z,20260831-195024-623,skip_exists,http,https://pastpapers.co/caie/a-level/business-9609/2025-oct-nov/9609_w25_ms_11.pdf,Question Banks/Cambridge Curricula/Cambridge AS and A Level/Business Studies (9609)/AS Level/2025/Oct-Nov (Variant 1)/9609_w25_ms_11.pdf,453523,
2026-08-31T18:02:40Z,20260831-195024-623,ok,http,https://pastpapers.co/caie/a-level/business-9609/2025-may-june/9609_s25_qp_42.pdf,Question Banks/Cambridge Curricula/Cambridge AS and A Level/Business Studies (9609)/A Level/2025/May-June (Variant 2)/9609_s25_qp_42.pdf,1248454,
2026-08-31T18:02:43Z,20260831-195024-623,ok,http,https://pastpapers.co/caie/a-level/business-9609/2025-oct-nov/9609_w25_in_33.pdf,Question Banks/Cambridge Curricula/Cambridge AS and A Level/Business Studies (9609)/A Level/2025/Oct-Nov (Variant 3)/9609_w25_in_33.pdf,979841,
2026-08-31T18:02:43Z,20260831-195024-623,skip_exists,http,https://pastpapers.co/caie/a-level/business-9609/2025-oct-nov/9609_w25_ms_12.pdf,Question Banks/Cambridge Curricula/Cambridge AS and A Level/Business Studies (9609)/AS Level/2025/Oct-Nov (Variant 2)/9609_w25_ms_12.pdf,424307,
2026-08-31T18:02:43Z,20260831-195024-623,skip_exists,http,https://pastpapers.co/caie/a-level/business-9609/2025-oct-nov/9609_w25_ms_13.pdf,Question Banks/Cambridge Curricula/Cambridge AS and A Level/Business Studies (9609)/AS Level/2025/Oct-Nov (Variant 3)/9609_w25_ms_13.pdf,428616,
2026-08-31T18:02:43Z,20260831-195024-623,skip_exists,http,https://pastpapers.co/caie/a-level/business-9609/2025-oct-nov/9609_w25_ms_21.pdf,Question Banks/Cambridge Curricula/Cambridge AS and A Level/Business Studies (9609)/AS Level/2025/Oct-Nov (Variant 1)/9609_w25_ms_21.pdf,466847,
2026-08-31T18:02:43Z,20260831-195024-623,skip_exists,http,https://pastpapers.co/caie/a-level/business-9609/2025-oct-nov/9609_w25_ms_22.pdf,Question Banks/Cambridge Curricula/Cambridge AS and A Level/Business Studies (9609)/AS Level/2025/Oct-Nov (Variant 2)/9609_w25_ms_22.pdf,567759,
2026-08-31T18:02:43Z,20260831-195024-623,skip_exists,http,https://pastpapers.co/caie/a-level/business-9609/2025-oct-nov/9609_w25_ms_23.pdf,Question Banks/Cambridge Curricula/Cambridge AS and A Level/Business Studies (9609)/AS Level/2025/Oct-Nov (Variant 3)/9609_w25_ms_23.pdf,554575,
2026-08-31T18:02:50Z,20260831-195024-623,skip_exists,http,https://pastpapers.co/caie/a-level/business-9609/2025-oct-nov/9609_w25_qp_11.pdf,Question Banks/Cambridge Curricula/Cambridge AS and A Level/Business Studies (9609)/AS Level/2025/Oct-Nov (Variant 1)/9609_w25_qp_11.pdf,1008798,
2026-08-31T18:02:50Z,20260831-195024-623,skip_exists,http,https://pastpapers.co/caie/a-level/business-9609/2025-oct-nov/9609_w25_qp_12.pdf,Question Banks/Cambridge Curricula/Cambridge AS and A Level/Business Studies (9609)/AS Level/2025/Oct-Nov (Variant 2)/9609_w25_qp_12.pdf,1017860,
2026-08-31T18:02:53Z,20260831-195024-623,ok,http,https://pastpapers.co/caie/a-level/business-9609/2025-oct-nov/9609_w25_ms_31.pdf,Question Banks/Cambridge Curricula/Cambridge AS and A Level/Business Studies (9609)/A Level/2025/Oct-Nov (Variant 1)/9609_w25_ms_31.pdf,429021,
2026-08-31T18:02:55Z,20260831-195024-623,ok,http,https://pastpapers.co/caie/a-level/business-9609/2025-oct-nov/9609_w25_ms_32.pdf,Question Banks/Cambridge Curricula/Cambridge AS and A Level/Business Studies (9609)/A Level/2025/Oct-Nov (Variant 2)/9609_w25_ms_32.pdf,437284,
2026-08-31T18:02:58Z,20260831-195024-623,ok,http,https://pastpapers.co/caie/a-level/business-9609/2025-oct-nov/9609_w25_ms_33.pdf,Question Banks/Cambridge Curricula/Cambridge AS and A Level/Business Studies (9609)/A Level/2025/Oct-Nov (Variant 3)/9609_w25_ms_33.pdf,442822,
2026-08-31T18:03:01Z,20260831-195024-623,ok,http,https://pastpapers.co/caie/a-level/business-9609/2025-oct-nov/9609_w25_ms_41.pdf,Question Banks/Cambridge Curricula/Cambridge AS and A Level/Business Studies (9609)/A Level/2025/Oct-Nov (Variant 1)/9609_w25_ms_41.pdf,346545,
2026-08-31T18:03:04Z,20260831-195024-623,ok,http,https://pastpapers.co/caie/a-level/business-9609/2025-oct-nov/9609_w25_ms_42.pdf,Question Banks/Cambridge Curricula/Cambridge AS and A Level/Business Studies (9609)/A Level/2025/Oct-Nov (Variant 2)/9609_w25_ms_42.pdf,394966,
2026-08-31T18:03:06Z,20260831-195024-623,ok,http,https://pastpapers.co/caie/a-level/business-9609/2025-oct-nov/9609_w25_ms_43.pdf,Question Banks/Cambridge Curricula/Cambridge AS and A Level/Business Studies (9609)/A Level/2025/Oct-Nov (Variant 3)/9609_w25_ms_43.pdf,448759,
2026-08-31T18:03:06Z,20260831-195024-623,skip_exists,http,https://pastpapers.co/caie/a-level/business-9609/2025-oct-nov/9609_w25_qp_13.pdf,Question Banks/Cambridge Curricula/Cambridge AS and A Level/Business Studies (9609)/AS Level/2025/Oct-Nov (Variant 3)/9609_w25_qp_13.pdf,940014,
2026-08-31T18:03:06Z,20260831-195024-623,skip_exists,http,https://pastpapers.co/caie/a-level/business-9609/2025-oct-nov/9609_w25_qp_21.pdf,Question Banks/Cambridge Curricula/Cambridge AS and A Level/Business Studies (9609)/AS Level/2025/Oct-Nov (Variant 1)/9609_w25_qp_21.pdf,984252,
2026-08-31T18:03:06Z,20260831-195024-623,skip_exists,http,https://pastpapers.co/caie/a-level/business-9609/2025-oct-nov/9609_w25_qp_22.pdf,Question Banks/Cambridge Curricula/Cambridge AS and A Level/Business Studies (9609)/AS Level/2025/Oct-Nov (Variant 2)/9609_w25_qp_22.pdf,1260062,
2026-08-31T18:03:06Z,20260831-195024-623,skip_exists,http,https://pastpapers.co/caie/a-level/business-9609/2025-oct-nov/9609_w25_qp_23.pdf,Question Banks/Cambridge Curricula/Cambridge AS and A Level/Business Studies (9609)/AS Level/2025/Oct-Nov (Variant 3)/9609_w25_qp_23.pdf,990798,
2026-08-31T18:03:16Z,20260831-195024-623,ok,http,https://pastpapers.co/caie/a-level/business-9609/2025-oct-nov/9609_w25_qp_31.pdf,Question Banks/Cambridge Curricula/Cambridge AS and A Level/Business Studies (9609)/A Level/2025/Oct-Nov (Variant 1)/9609_w25_qp_31.pdf,89736,
2026-08-31T18:03:18Z,20260831-195024-623,ok,http,https://pastpapers.co/caie/a-level/business-9609/2025-oct-nov/9609_w25_qp_32.pdf,Question Banks/Cambridge Curricula/Cambridge AS and A Level/Business Studies (9609)/A Level/2025/Oct-Nov (Variant 2)/9609_w25_qp_32.pdf,90382,
2026-08-31T18:03:21Z,20260831-195024-623,ok,http,https://pastpapers.co/caie/a-level/business-9609/2025-oct-nov/9609_w25_qp_33.pdf,Question Banks/Cambridge Curricula/Cambridge AS and A Level/Business Studies (9609)/A Level/2025/Oct-Nov (Variant 3)/9609_w25_qp_33.pdf,90210,
2026-08-31T18:03:24Z,20260831-195024-623,ok,http,https://pastpapers.co/caie/a-level/business-9609/2025-oct-nov/9609_w25_qp_41.pdf,Question Banks/Cambridge Curricula/Cambridge AS and A Level/Business Studies (9609)/A Level/2025/Oct-Nov (Variant 1)/9609_w25_qp_41.pdf,1203536,
2026-08-31T18:03:28Z,20260831-195024-623,ok,http,https://pastpapers.co/caie/a-level/business-9609/2025-oct-nov/9609_w25_qp_42.pdf,Question Banks/Cambridge Curricula/Cambridge AS and A Level/Business Studies (9609)/A Level/2025/Oct-Nov (Variant 2)/9609_w25_qp_42.pdf,1325033,
2026-08-31T18:03:31Z,20260831-195024-623,ok,http,https://pastpapers.co/caie/a-level/business-9609/2025-oct-nov/9609_w25_qp_43.pdf,Question Banks/Cambridge Curricula/Cambridge AS and A Level/Business Studies (9609)/A Level/2025/Oct-Nov (Variant 3)/9609_w25_qp_43.pdf,1303320,
